kind,seed,n_trials,n_eff,naive_psr_sig,dsr_n108_sig,dsr_neff_sig,holm_any,bh_any,holm_signal_x,bh_signal_x,selected_signal_x,holm_rejections,bh_rejections,mode
null,1000,108,10.230506112169696,true,false,false,false,false,false,false,true,0,0,full
null,1001,108,11.329654635308092,true,false,false,false,false,false,false,false,0,0,full
null,1002,108,11.06820506156985,false,false,false,false,false,false,false,false,0,0,full
null,1003,108,11.138042942214366,true,false,false,false,false,false,false,false,0,0,full
null,1004,108,10.746686007845309,true,false,false,false,false,false,false,false,0,0,full
null,1005,108,11.231221489545582,true,false,false,false,false,false,false,false,0,0,full
null,1006,108,10.980874456182578,true,false,false,false,false,false,false,false,0,0,full
null,1007,108,10.991951791377504,false,false,false,false,false,false,false,false,0,0,full
null,1008,108,10.832624143995584,true,false,false,false,false,false,false,true,0,0,full
null,1009,108,11.027429438306118,true,false,false,false,false,false,false,true,0,0,full
null,1010,108,11.140818250361281,true,false,false,false,false,false,false,false,0,0,full
null,1011,108,11.381458069520487,true,false,false,false,false,false,false,false,0,0,full
null,1012,108,11.282423970746276,true,false,false,false,false,false,false,true,0,0,full
null,1013,108,10.991925068207824,false,false,false,false,false,false,false,false,0,0,full
null,1014,108,11.086487537872479,false,false,false,false,false,false,false,false,0,0,full
null,1015,108,10.857933557230941,true,false,false,false,false,false,false,false,0,0,full
null,1016,108,10.467026532773271,true,false,false,false,false,false,false,false,0,0,full
null,1017,108,10.666617503072118,false,false,false,false,false,false,false,true,0,0,full
null,1018,108,11.566018654663793,true,false,false,false,false,false,false,false,0,0,full
null,1019,108,11.106818839201964,true,false,false,false,false,false,false,false,0,0,full
null,1020,108,10.724423019341195,true,false,false,false,false,false,false,false,0,0,full
null,1021,108,10.806785502634794,true,false,true,false,true,false,true,true,0,2,full
null,1022,108,10.783962420117312,true,false,false,false,false,false,false,false,0,0,full
null,1023,108,10.614044773583592,true,false,false,false,false,false,false,false,0,0,full
null,1024,108,10.987537640300657,true,false,false,false,false,false,false,false,0,0,full
null,1025,108,11.293641551212449,true,false,false,false,false,false,false,false,0,0,full
null,1026,108,11.1290363259029,true,false,false,false,false,false,false,false,0,0,full
null,1027,108,10.556006106290422,true,false,false,false,false,false,false,false,0,0,full
null,1028,108,11.748100777968208,true,false,false,false,false,false,false,false,0,0,full
null,1029,108,11.276042496966928,true,false,false,false,false,false,false,false,0,0,full
null,1030,108,11.061279019522438,true,false,false,false,false,false,false,false,0,0,full
null,1031,108,11.139300640260434,true,false,false,false,false,false,false,true,0,0,full
null,1032,108,11.672775646572942,true,false,false,false,false,false,false,false,0,0,full
null,1033,108,11.103065098754941,true,false,false,false,false,false,false,false,0,0,full
null,1034,108,10.757961417357999,true,false,false,false,false,false,false,true,0,0,full
null,1035,108,10.944900137366082,true,false,false,false,false,false,false,false,0,0,full
null,1036,108,10.3413828690301,true,false,false,false,false,false,false,false,0,0,full
null,1037,108,10.572109202103505,true,false,false,false,false,false,false,false,0,0,full
null,1038,108,11.084287242304015,true,false,false,false,false,false,false,false,0,0,full
null,1039,108,10.436818628349494,true,false,false,false,false,false,false,false,0,0,full
null,1040,108,11.483528891192165,true,false,false,false,false,false,false,true,0,0,full
null,1041,108,11.260566056631129,true,false,false,false,false,false,false,false,0,0,full
null,1042,108,11.581538193619654,true,false,false,false,false,false,false,false,0,0,full
null,1043,108,10.71777025282999,true,false,false,false,false,false,false,true,0,0,full
null,1044,108,10.766397998864539,true,false,false,false,false,false,false,false,0,0,full
null,1045,108,11.649107834147165,true,false,false,false,false,false,false,false,0,0,full
null,1046,108,11.262600856752961,true,false,false,false,false,false,false,false,0,0,full
null,1047,108,10.750103784335362,false,false,false,false,false,false,false,false,0,0,full
null,1048,108,11.209145405940928,false,false,false,false,false,false,false,false,0,0,full
null,1049,108,11.135581960919522,true,false,false,false,false,false,false,false,0,0,full
null,1050,108,11.24149512359234,true,false,false,false,false,false,false,false,0,0,full
null,1051,108,10.819477230503715,true,false,false,false,false,false,false,false,0,0,full
null,1052,108,11.022189468796634,true,false,false,false,false,false,false,false,0,0,full
null,1053,108,10.772992172878938,true,false,false,false,false,false,false,false,0,0,full
null,1054,108,10.714884103797438,true,false,false,false,false,false,false,true,0,0,full
null,1055,108,11.199709047616029,false,false,false,false,false,false,false,false,0,0,full
null,1056,108,11.025014946414176,true,false,false,false,false,false,false,false,0,0,full
null,1057,108,10.728120105203297,true,false,false,false,false,false,false,false,0,0,full
null,1058,108,11.236159429039242,false,false,false,false,false,false,false,false,0,0,full
null,1059,108,11.345829039160947,true,false,false,false,false,false,false,true,0,0,full
null,1060,108,11.039342860440795,true,false,false,false,false,false,false,false,0,0,full
null,1061,108,10.585246602168985,true,false,false,false,false,false,false,false,0,0,full
null,1062,108,10.436654892257785,true,false,false,true,true,false,false,false,1,1,full
null,1063,108,11.086063073381196,true,false,false,false,false,false,false,false,0,0,full
null,1064,108,11.101621416704141,true,false,false,false,false,false,false,false,0,0,full
null,1065,108,11.171712159848205,true,false,false,false,false,false,false,false,0,0,full
null,1066,108,11.163737621592075,true,false,false,false,false,false,false,false,0,0,full
null,1067,108,11.177390281762678,true,false,false,false,false,false,false,false,0,0,full
null,1068,108,10.807634997686762,false,false,false,false,false,false,false,false,0,0,full
null,1069,108,10.785456783071693,true,false,false,false,false,false,false,false,0,0,full
null,1070,108,11.487156358430676,true,false,false,true,true,false,false,false,1,1,full
null,1071,108,11.051016692514418,true,false,false,false,false,false,false,false,0,0,full
null,1072,108,10.63115534608367,true,false,false,false,false,false,false,false,0,0,full
null,1073,108,11.081465656486472,true,false,false,false,false,false,false,false,0,0,full
null,1074,108,11.135539326013019,true,false,false,false,false,false,false,false,0,0,full
null,1075,108,10.465951558230742,true,false,false,false,false,false,false,true,0,0,full
null,1076,108,10.59305690918957,false,false,false,false,false,false,false,false,0,0,full
null,1077,108,11.05669340400363,true,false,false,false,false,false,false,true,0,0,full
null,1078,108,11.054535365637674,true,false,false,false,false,false,false,false,0,0,full
null,1079,108,10.165803277140506,true,false,false,false,false,false,false,false,0,0,full
null,1080,108,11.501730034126659,true,false,false,false,false,false,false,false,0,0,full
null,1081,108,11.028723753661984,true,false,false,false,false,false,false,false,0,0,full
null,1082,108,11.037794123507433,true,false,false,false,false,false,false,false,0,0,full
null,1083,108,10.611832515908018,false,false,false,false,false,false,false,false,0,0,full
null,1084,108,11.034545613897599,true,false,false,false,false,false,false,false,0,0,full
null,1085,108,11.145673564615421,true,false,false,false,false,false,false,true,0,0,full
null,1086,108,11.290937533279743,true,false,false,false,false,false,false,false,0,0,full
null,1087,108,10.568297788061129,false,false,false,false,false,false,false,false,0,0,full
null,1088,108,10.954515457634294,true,false,false,false,false,false,false,false,0,0,full
null,1089,108,10.493114166160144,true,false,false,false,false,false,false,false,0,0,full
null,1090,108,10.553936566590762,true,false,false,false,false,false,false,false,0,0,full
null,1091,108,11.159711445035608,true,false,false,false,false,false,false,false,0,0,full
null,1092,108,11.485727229054113,false,false,false,false,false,false,false,false,0,0,full
null,1093,108,11.437734894445963,true,false,false,false,false,false,false,false,0,0,full
null,1094,108,11.121463001157204,true,false,false,false,false,false,false,true,0,0,full
null,1095,108,10.590940297512898,true,false,false,false,false,false,false,false,0,0,full
null,1096,108,11.190307756385264,true,false,false,false,false,false,false,false,0,0,full
null,1097,108,10.76049605767093,true,false,false,false,false,false,false,false,0,0,full
null,1098,108,11.221467207688242,true,false,false,false,false,false,false,false,0,0,full
null,1099,108,10.92344580304669,true,false,false,false,false,false,false,false,0,0,full
null,1100,108,11.462204486642571,false,false,false,false,false,false,false,false,0,0,full
null,1101,108,10.530460204133641,true,false,false,false,false,false,false,false,0,0,full
null,1102,108,11.149817160933754,true,false,false,false,false,false,false,true,0,0,full
null,1103,108,11.180200330596696,true,false,false,false,false,false,false,false,0,0,full
null,1104,108,10.677598957221615,true,false,false,false,false,false,false,false,0,0,full
null,1105,108,11.653533556482188,true,false,false,false,false,false,false,false,0,0,full
null,1106,108,11.573859149581153,true,false,false,false,false,false,false,false,0,0,full
null,1107,108,10.684715409025749,true,false,false,false,false,false,false,false,0,0,full
null,1108,108,10.929396666730465,true,false,false,false,false,false,false,false,0,0,full
null,1109,108,10.613493226522792,true,false,false,false,false,false,false,false,0,0,full
null,1110,108,11.397545301438434,true,false,false,false,false,false,false,false,0,0,full
null,1111,108,11.19257932936214,true,false,false,false,false,false,false,false,0,0,full
null,1112,108,11.059492296015206,true,false,true,true,true,false,false,false,1,1,full
null,1113,108,11.50830194977379,false,false,false,false,false,false,false,false,0,0,full
null,1114,108,10.352903085181461,true,false,false,true,true,false,false,false,1,12,full
null,1115,108,10.344577837599402,true,false,false,false,false,false,false,true,0,0,full
null,1116,108,11.14890344630599,true,false,false,false,false,false,false,true,0,0,full
null,1117,108,11.082622830569505,true,false,false,false,false,false,false,false,0,0,full
null,1118,108,10.816223826661474,true,false,false,false,false,false,false,false,0,0,full
null,1119,108,11.045530847529854,true,false,true,true,true,true,true,true,1,1,full
null,1120,108,11.044382367501017,true,false,false,false,false,false,false,false,0,0,full
null,1121,108,11.050193277400483,true,false,false,false,false,false,false,true,0,0,full
null,1122,108,10.866024187730408,true,false,false,false,false,false,false,false,0,0,full
null,1123,108,11.480710514991104,false,false,false,false,false,false,false,true,0,0,full
null,1124,108,11.601827611223033,true,false,false,false,false,false,false,true,0,0,full
null,1125,108,11.226243058161886,false,false,false,false,false,false,false,false,0,0,full
null,1126,108,11.196720590610695,true,false,false,false,false,false,false,false,0,0,full
null,1127,108,11.132207734989082,true,false,false,false,false,false,false,false,0,0,full
null,1128,108,11.060960753656433,true,false,false,false,false,false,false,false,0,0,full
null,1129,108,10.832117402954086,true,false,false,false,false,false,false,false,0,0,full
null,1130,108,11.419075985509354,true,false,false,false,false,false,false,false,0,0,full
null,1131,108,11.57310293533914,true,false,false,false,false,false,false,false,0,0,full
null,1132,108,10.104256001314043,true,false,false,false,false,false,false,false,0,0,full
null,1133,108,10.98920071558592,true,false,false,false,false,false,false,true,0,0,full
null,1134,108,10.630018105543444,true,false,false,false,false,false,false,false,0,0,full
null,1135,108,10.834191370356525,false,false,false,false,false,false,false,false,0,0,full
null,1136,108,11.110411631020474,false,false,false,false,false,false,false,false,0,0,full
null,1137,108,10.666897144081227,true,false,false,false,false,false,false,false,0,0,full
null,1138,108,10.882470922171798,true,false,false,false,false,false,false,true,0,0,full
null,1139,108,11.642407595962874,true,false,false,false,false,false,false,false,0,0,full
null,1140,108,11.1489055895765,true,false,false,false,false,false,false,true,0,0,full
null,1141,108,11.217669358565711,true,false,false,false,false,false,false,true,0,0,full
null,1142,108,11.28262521010544,false,false,false,false,false,false,false,true,0,0,full
null,1143,108,11.369375470195283,true,false,false,false,false,false,false,false,0,0,full
null,1144,108,11.398198364677995,true,false,false,false,false,false,false,false,0,0,full
null,1145,108,11.006456183047597,false,false,false,false,false,false,false,true,0,0,full
null,1146,108,11.62327469978889,true,false,false,false,false,false,false,false,0,0,full
null,1147,108,11.094280819660957,true,false,false,false,false,false,false,true,0,0,full
null,1148,108,11.486695507087946,true,false,false,false,false,false,false,false,0,0,full
null,1149,108,11.391023517878367,true,false,false,false,false,false,false,false,0,0,full
null,1150,108,10.780766989346823,true,false,false,false,false,false,false,true,0,0,full
null,1151,108,11.148622593876887,true,false,false,false,false,false,false,false,0,0,full
null,1152,108,11.395139005120598,true,false,false,false,false,false,false,false,0,0,full
null,1153,108,10.99509588871305,true,false,false,false,false,false,false,true,0,0,full
null,1154,108,11.087136881207558,false,false,false,false,false,false,false,false,0,0,full
null,1155,108,11.538404037758397,true,false,false,false,false,false,false,false,0,0,full
null,1156,108,11.711409003641359,true,false,false,false,false,false,false,false,0,0,full
null,1157,108,10.266028095624355,true,false,false,false,false,false,false,true,0,0,full
null,1158,108,11.238437752771151,false,false,false,false,false,false,false,false,0,0,full
null,1159,108,11.036283550534858,true,false,false,false,false,false,false,false,0,0,full
null,1160,108,11.450965022083173,true,false,false,false,false,false,false,false,0,0,full
null,1161,108,11.745878425483657,true,false,false,false,false,false,false,false,0,0,full
null,1162,108,10.919957581385512,true,false,true,true,true,false,false,false,1,2,full
null,1163,108,10.993209617928546,true,false,false,false,false,false,false,true,0,0,full
null,1164,108,11.348817433176135,true,false,false,false,false,false,false,false,0,0,full
null,1165,108,11.118491161167613,true,false,false,false,false,false,false,false,0,0,full
null,1166,108,11.12308712594138,false,false,false,false,false,false,false,false,0,0,full
null,1167,108,10.795349345978714,false,false,false,false,false,false,false,true,0,0,full
null,1168,108,10.749577369826104,true,false,false,false,false,false,false,true,0,0,full
null,1169,108,10.467086559012326,true,false,false,false,false,false,false,false,0,0,full
null,1170,108,10.668148917309,true,false,false,false,false,false,false,false,0,0,full
null,1171,108,10.393077403373937,true,false,false,false,false,false,false,false,0,0,full
null,1172,108,11.15493204413257,true,false,false,false,false,false,false,false,0,0,full
null,1173,108,11.133596657164084,true,false,false,false,false,false,false,true,0,0,full
null,1174,108,11.216620168792609,true,false,false,false,false,false,false,false,0,0,full
null,1175,108,11.259851978153502,true,false,false,false,false,false,false,false,0,0,full
null,1176,108,11.389758122593415,true,false,false,false,false,false,false,true,0,0,full
null,1177,108,10.905581095753808,true,false,false,false,false,false,false,false,0,0,full
null,1178,108,11.173787692595619,true,false,false,false,false,false,false,true,0,0,full
null,1179,108,11.192213136938662,true,false,false,false,false,false,false,false,0,0,full
null,1180,108,11.000985985177486,true,false,false,false,false,false,false,false,0,0,full
null,1181,108,10.990082260751663,true,false,false,false,false,false,false,false,0,0,full
null,1182,108,10.498332682256423,true,false,false,false,false,false,false,false,0,0,full
null,1183,108,11.044082634751517,true,false,false,false,false,false,false,false,0,0,full
null,1184,108,10.976701511405377,true,false,false,false,false,false,false,false,0,0,full
null,1185,108,10.850949038450038,false,false,false,false,false,false,false,false,0,0,full
null,1186,108,11.037885150230784,true,false,false,false,false,false,false,true,0,0,full
null,1187,108,11.120329821611081,true,false,false,false,false,false,false,false,0,0,full
null,1188,108,10.349429602981214,true,false,false,false,false,false,false,false,0,0,full
null,1189,108,10.531394353531978,false,false,false,false,false,false,false,false,0,0,full
null,1190,108,10.636411054761439,true,false,false,false,false,false,false,false,0,0,full
null,1191,108,11.4869179992114,true,false,false,false,false,false,false,false,0,0,full
null,1192,108,10.652853502346062,true,false,false,false,false,false,false,false,0,0,full
null,1193,108,10.871380284529657,true,false,false,false,false,false,false,true,0,0,full
null,1194,108,10.773206131490895,true,false,false,false,false,false,false,false,0,0,full
null,1195,108,10.961683270457678,true,false,false,false,false,false,false,false,0,0,full
null,1196,108,10.417114555059381,true,false,false,false,false,false,false,false,0,0,full
null,1197,108,11.141428931984938,true,false,false,false,false,false,false,true,0,0,full
null,1198,108,11.173507968831276,true,false,false,false,false,false,false,true,0,0,full
null,1199,108,11.195958430067513,true,false,false,false,false,false,false,false,0,0,full
planted,2000,108,11.049608388385884,true,true,true,true,true,true,true,true,17,26,full
planted,2001,108,11.396969813622983,true,false,false,false,true,false,true,true,0,5,full
planted,2002,108,10.959053717342028,true,false,true,true,true,false,true,false,10,18,full
planted,2003,108,10.832886362864448,true,false,false,true,true,true,true,true,1,8,full
planted,2004,108,10.992814829926509,true,false,true,true,true,true,true,true,9,16,full
planted,2005,108,11.517862150638285,true,false,false,true,true,true,true,true,4,10,full
planted,2006,108,10.814891918498924,true,false,false,false,false,false,false,false,0,0,full
planted,2007,108,10.71494920062654,true,false,false,false,false,false,false,true,0,0,full
planted,2008,108,11.049327723291317,true,false,false,true,true,true,true,true,2,3,full
planted,2009,108,10.993303732159271,true,false,false,true,true,true,true,true,1,4,full
planted,2010,108,11.069329766526394,true,false,false,false,false,false,false,true,0,0,full
planted,2011,108,11.25014773138106,true,false,false,false,false,false,false,true,0,0,full
planted,2012,108,11.139034585542403,true,false,true,true,true,true,true,true,5,10,full
planted,2013,108,10.840857257573303,true,false,true,true,true,true,true,true,6,11,full
planted,2014,108,11.231452360370374,true,false,false,false,false,false,false,true,0,0,full
planted,2015,108,11.233168223984322,true,false,false,false,true,false,true,true,0,5,full
planted,2016,108,11.12541103301707,true,false,true,true,true,true,true,true,3,4,full
planted,2017,108,11.044429452175633,true,false,false,false,false,false,false,true,0,0,full
planted,2018,108,11.191292828660293,true,false,false,false,false,false,false,true,0,0,full
planted,2019,108,10.806838890914294,true,false,false,false,false,false,false,true,0,0,full
planted,2020,108,11.767612234622218,true,false,false,true,true,true,true,true,5,12,full
planted,2021,108,11.609664779437447,true,false,false,false,false,false,false,false,0,0,full
planted,2022,108,11.042055753140996,true,false,false,true,true,true,true,true,2,3,full
planted,2023,108,11.262023962545584,true,false,false,true,true,true,true,true,1,7,full
planted,2024,108,10.55619407074194,true,false,false,false,true,false,true,true,0,2,full
planted,2025,108,11.15102098284066,true,false,false,false,false,false,false,true,0,0,full
planted,2026,108,11.228070601917322,true,false,false,true,true,true,true,true,1,5,full
planted,2027,108,10.990004238889282,true,false,true,true,true,true,true,true,3,4,full
planted,2028,108,10.781599102398365,true,false,true,true,true,true,true,true,1,13,full
planted,2029,108,11.030155389479376,true,false,false,false,false,false,false,true,0,0,full
planted,2030,108,11.242775220847376,true,false,false,true,true,true,true,true,3,10,full
planted,2031,108,11.119369567528118,true,false,true,false,false,false,false,true,0,0,full
planted,2032,108,11.347949550440129,true,false,true,true,true,true,true,true,5,8,full
planted,2033,108,10.53818082028876,true,false,true,true,true,true,true,true,1,3,full
planted,2034,108,11.416831535970125,true,false,false,false,false,false,false,true,0,0,full
planted,2035,108,11.015347077647343,true,false,false,false,false,false,false,true,0,0,full
planted,2036,108,11.039599678338595,true,false,true,true,true,true,true,true,6,16,full
planted,2037,108,11.322542847303932,true,false,false,false,false,false,false,false,0,0,full
planted,2038,108,11.470065645730767,true,false,true,true,true,true,true,true,3,14,full
planted,2039,108,10.719546778872349,true,false,true,true,true,true,true,true,6,8,full
planted,2040,108,10.65623776389274,true,false,true,true,true,true,true,true,3,4,full
planted,2041,108,10.706921714655307,true,false,false,false,false,false,false,true,0,0,full
planted,2042,108,10.379279760329972,true,false,false,false,false,false,false,false,0,0,full
planted,2043,108,10.467940317150672,true,false,true,true,true,true,true,true,11,16,full
planted,2044,108,10.31503563876109,true,false,false,false,false,false,false,true,0,0,full
planted,2045,108,10.216541419923221,true,false,false,false,false,false,false,true,0,0,full
planted,2046,108,10.627376031886035,true,false,true,true,true,true,true,true,4,9,full
planted,2047,108,11.139729446010616,true,false,false,false,false,false,false,true,0,0,full
planted,2048,108,11.445525830520285,true,false,true,true,true,true,true,true,1,5,full
planted,2049,108,10.549719607621196,true,false,true,true,true,true,true,true,4,15,full
planted,2050,108,10.170401734986383,true,false,true,true,true,true,true,true,5,14,full
planted,2051,108,10.67849650301444,true,false,false,false,false,false,false,true,0,0,full
planted,2052,108,10.825934069631469,true,false,true,true,true,true,true,true,6,14,full
planted,2053,108,11.38853031679824,true,false,false,false,false,false,false,false,0,0,full
planted,2054,108,11.166003996519363,true,false,false,false,false,false,false,true,0,0,full
planted,2055,108,10.377204105193544,true,false,true,true,true,true,true,true,11,15,full
planted,2056,108,10.979055051929446,true,false,false,true,true,true,true,true,1,12,full
planted,2057,108,10.384920390445094,true,false,true,true,true,true,true,true,9,21,full
planted,2058,108,11.531054601733393,true,false,false,false,false,false,false,false,0,0,full
planted,2059,108,11.218350104123342,true,false,false,false,false,false,false,true,0,0,full
planted,2060,108,10.853393924990012,true,false,true,true,true,true,true,true,9,13,full
planted,2061,108,11.144694729077207,true,false,false,false,false,false,false,true,0,0,full
planted,2062,108,11.012598951902532,true,false,false,false,false,false,false,true,0,0,full
planted,2063,108,11.422786485458454,true,false,false,true,true,true,true,true,4,14,full
planted,2064,108,11.306334345038858,true,false,true,true,true,true,true,true,4,6,full
planted,2065,108,10.7202423442717,true,false,false,false,false,false,false,false,0,0,full
planted,2066,108,10.804040895551575,true,false,false,true,true,true,true,true,2,10,full
planted,2067,108,10.421140027507898,true,false,false,false,false,false,false,true,0,0,full
planted,2068,108,11.213144565381974,true,false,false,false,false,false,false,true,0,0,full
planted,2069,108,11.55728688242167,true,false,false,false,true,false,true,true,0,4,full
planted,2070,108,10.54472608425068,true,false,false,false,false,false,false,true,0,0,full
planted,2071,108,10.488718956227782,true,false,true,true,true,true,true,true,11,15,full
planted,2072,108,11.292486806130354,true,false,false,true,true,true,true,true,3,4,full
planted,2073,108,10.823236190144668,true,false,true,true,true,true,true,true,3,4,full
planted,2074,108,10.820446149040398,true,false,true,true,true,true,true,true,13,16,full
planted,2075,108,11.023959341314454,true,false,false,true,true,true,true,true,3,5,full
planted,2076,108,11.666491662913334,true,false,true,true,true,false,false,false,1,1,full
planted,2077,108,11.241212323493585,true,false,false,true,true,true,true,true,2,2,full
planted,2078,108,11.233600963074899,true,false,false,false,true,false,true,true,0,2,full
planted,2079,108,11.200633125192304,true,false,true,true,true,true,true,true,12,21,full
planted,2080,108,10.996447418429916,true,false,false,false,false,false,false,true,0,0,full
planted,2081,108,11.47557419886423,true,false,false,false,false,false,false,true,0,0,full
planted,2082,108,10.608728998767063,true,false,false,false,false,false,false,false,0,0,full
planted,2083,108,10.633502649375124,true,false,false,false,false,false,false,true,0,0,full
planted,2084,108,10.65391204576015,true,false,true,true,true,true,true,true,6,11,full
planted,2085,108,11.11945632794598,true,false,true,true,true,true,true,true,9,14,full
planted,2086,108,10.316027504462971,true,false,false,false,false,false,false,true,0,0,full
planted,2087,108,11.134720434567106,true,false,false,true,true,true,true,true,2,4,full
planted,2088,108,10.956890285771209,true,false,false,false,false,false,false,true,0,0,full
planted,2089,108,10.66256434381039,true,false,false,false,false,false,false,false,0,0,full
planted,2090,108,11.269519653054092,true,false,false,true,true,true,true,true,1,2,full
planted,2091,108,10.892223518159401,true,false,true,true,true,true,true,true,3,5,full
planted,2092,108,11.155862723279368,true,false,false,true,true,true,true,true,1,1,full
planted,2093,108,10.928299802503561,true,false,true,true,true,true,true,true,10,17,full
planted,2094,108,11.186479307121623,true,false,false,false,false,false,false,true,0,0,full
planted,2095,108,10.765952423452783,true,false,true,true,true,true,true,true,6,12,full
planted,2096,108,10.771107298148383,true,false,true,true,true,true,true,true,3,12,full
planted,2097,108,10.538714198167186,true,false,false,false,false,false,false,false,0,0,full
planted,2098,108,10.85600893833376,true,false,false,false,false,false,false,false,0,0,full
planted,2099,108,10.770115068895146,true,false,false,true,true,true,true,true,2,8,full
planted,2100,108,10.764389585196255,true,false,true,true,true,true,true,true,5,14,full
planted,2101,108,11.008483102247325,true,false,false,true,true,true,true,true,1,1,full
planted,2102,108,11.431735061992043,true,false,true,true,true,true,true,true,6,9,full
planted,2103,108,11.266101480955264,true,false,true,false,false,false,false,true,0,0,full
planted,2104,108,11.199351389859704,true,false,true,true,true,true,true,true,7,19,full
planted,2105,108,11.019021766664453,true,false,false,true,true,true,true,true,4,17,full
planted,2106,108,11.214780327410312,true,false,false,true,true,true,true,true,5,12,full
planted,2107,108,10.787661559587285,true,false,false,false,false,false,false,true,0,0,full
planted,2108,108,10.48605061470454,true,false,false,false,false,false,false,true,0,0,full
planted,2109,108,11.2793364596155,true,false,false,false,false,false,false,false,0,0,full
planted,2110,108,11.249977697057925,true,false,false,true,true,true,true,true,1,18,full
planted,2111,108,10.714143745558278,true,false,true,true,true,true,true,true,4,7,full
planted,2112,108,10.525922606762835,true,false,true,true,true,true,true,true,4,12,full
planted,2113,108,10.670930883758007,true,false,false,false,false,false,false,true,0,0,full
planted,2114,108,10.963991731895508,true,false,true,true,true,true,true,true,11,21,full
planted,2115,108,10.463837803706939,true,false,true,true,true,true,true,true,5,13,full
planted,2116,108,10.505863438784017,true,false,true,true,true,true,true,true,12,25,full
planted,2117,108,10.888616931615907,true,false,false,false,false,false,false,false,0,0,full
planted,2118,108,10.550335927351577,true,false,false,false,false,false,false,true,0,0,full
planted,2119,108,11.548248188187353,true,false,false,false,false,false,false,true,0,0,full
planted,2120,108,11.056407393147293,true,false,false,false,false,false,false,true,0,0,full
planted,2121,108,11.26365928871214,true,false,true,true,true,true,true,true,17,24,full
planted,2122,108,11.004008668137178,true,false,true,true,true,true,true,true,13,22,full
planted,2123,108,10.66982082007606,true,false,true,true,true,true,true,true,11,15,full
planted,2124,108,11.808061108177363,true,false,false,true,true,true,true,true,2,5,full
planted,2125,108,10.941811670515886,true,false,false,false,false,false,false,true,0,0,full
planted,2126,108,10.55885939157519,true,false,false,false,false,false,false,true,0,0,full
planted,2127,108,10.80886443244315,true,false,false,false,false,false,false,true,0,0,full
planted,2128,108,11.238945706612455,true,false,false,true,true,true,true,true,15,22,full
planted,2129,108,10.660403656489008,true,false,true,true,true,true,true,true,5,10,full
planted,2130,108,11.25519155892546,true,false,true,true,true,true,true,true,2,3,full
planted,2131,108,11.656729840281114,true,false,false,false,false,false,false,true,0,0,full
planted,2132,108,11.08624816739135,true,false,true,true,true,true,true,true,2,10,full
planted,2133,108,10.855339513660642,true,false,false,true,true,true,true,true,5,19,full
planted,2134,108,11.269622778109255,true,false,true,true,true,true,true,true,17,24,full
planted,2135,108,11.310682422032352,true,false,false,false,false,false,false,true,0,0,full
planted,2136,108,11.828252177420005,true,false,false,true,true,false,true,false,1,13,full
planted,2137,108,11.019224348457296,true,false,true,true,true,true,true,true,10,13,full
planted,2138,108,10.485793423448637,true,false,false,false,false,false,false,true,0,0,full
planted,2139,108,11.045737983311136,true,false,true,true,true,true,true,true,3,5,full
planted,2140,108,10.638082673863645,true,false,true,true,true,true,true,true,3,11,full
planted,2141,108,10.766020217942762,true,false,false,false,true,false,true,true,0,9,full
planted,2142,108,11.531323113457569,true,false,true,true,true,true,true,true,7,10,full
planted,2143,108,10.766794416426778,true,false,false,false,false,false,false,true,0,0,full
planted,2144,108,10.573047344331414,true,false,true,true,true,true,true,true,3,8,full
planted,2145,108,10.335312194606226,true,false,true,true,true,true,true,true,4,13,full
planted,2146,108,11.447351615601061,true,false,false,false,false,false,false,true,0,0,full
planted,2147,108,11.87262692905059,true,false,true,true,true,true,true,true,3,5,full
planted,2148,108,11.217757599336249,true,false,true,true,true,true,true,true,3,7,full
planted,2149,108,10.976013943589647,true,false,false,false,false,false,false,false,0,0,full
planted,2150,108,10.433298232275797,true,false,true,true,true,true,true,true,10,16,full
planted,2151,108,10.514680291333846,true,false,false,false,false,false,false,true,0,0,full
planted,2152,108,11.417536462653148,true,false,false,true,true,true,true,true,1,2,full
planted,2153,108,11.02300114608379,true,false,false,true,true,true,true,true,1,8,full
planted,2154,108,10.54413470428359,true,false,false,true,true,true,true,true,3,9,full
planted,2155,108,10.798290608704475,true,false,false,false,false,false,false,true,0,0,full
planted,2156,108,10.865330580019016,true,false,false,false,false,false,false,true,0,0,full
planted,2157,108,10.826735254605618,true,false,false,false,true,false,true,true,0,6,full
planted,2158,108,11.037148276728642,true,false,false,false,true,false,true,true,0,10,full
planted,2159,108,10.680831867843107,true,false,false,false,true,false,true,true,0,2,full
planted,2160,108,10.727492326078357,true,false,true,true,true,true,true,true,11,16,full
planted,2161,108,11.40955748174074,true,false,true,true,true,true,true,true,1,2,full
planted,2162,108,10.94875297254265,true,false,false,false,false,false,false,false,0,0,full
planted,2163,108,11.097039045209268,true,false,true,true,true,true,true,true,2,5,full
planted,2164,108,10.888973747410779,true,false,true,true,true,true,true,true,1,3,full
planted,2165,108,11.41964068548458,true,false,false,false,false,false,false,false,0,0,full
planted,2166,108,10.664751289360415,true,false,false,true,true,false,false,false,3,6,full
planted,2167,108,10.733592181888376,true,false,false,false,false,false,false,false,0,0,full
planted,2168,108,11.2475711743093,true,false,false,false,false,false,false,true,0,0,full
planted,2169,108,10.757415907235297,true,false,false,true,true,true,true,true,2,13,full
planted,2170,108,11.469432263334966,true,false,true,true,true,true,true,true,2,2,full
planted,2171,108,10.504498512681984,true,false,false,true,true,true,true,true,5,17,full
planted,2172,108,10.98460842772097,true,false,false,false,false,false,false,true,0,0,full
planted,2173,108,10.325578618130688,true,false,false,false,true,false,true,true,0,7,full
planted,2174,108,11.308541447147471,true,false,true,true,true,true,true,true,6,14,full
planted,2175,108,10.519370218450296,true,false,true,true,true,true,true,true,2,8,full
planted,2176,108,10.460972519083436,true,false,true,true,true,true,true,true,4,9,full
planted,2177,108,11.209461080293266,true,false,true,true,true,true,true,true,9,15,full
planted,2178,108,10.86269978416933,true,false,true,true,true,true,true,true,15,16,full
planted,2179,108,11.012834170978673,true,false,false,false,false,false,false,true,0,0,full
planted,2180,108,10.528176136528664,true,false,true,true,true,true,true,true,2,4,full
planted,2181,108,10.072484911385555,true,false,false,false,false,false,false,true,0,0,full
planted,2182,108,11.22761607685701,true,false,false,true,true,true,true,true,1,4,full
planted,2183,108,10.67036212197422,true,false,true,true,true,true,true,true,4,17,full
planted,2184,108,10.15620378749506,true,false,false,false,false,false,false,false,0,0,full
planted,2185,108,11.322564304306201,true,false,true,true,true,false,false,false,3,3,full
planted,2186,108,10.359130809230885,true,false,true,true,true,true,true,true,2,4,full
planted,2187,108,10.704717869983078,true,false,true,true,true,true,true,true,3,8,full
planted,2188,108,10.716453279912177,true,false,true,true,true,true,true,true,6,13,full
planted,2189,108,11.431830671746946,true,false,true,true,true,true,true,true,6,9,full
planted,2190,108,10.74297157633519,true,false,false,true,true,true,true,true,5,12,full
planted,2191,108,11.165104754465835,true,false,false,true,true,true,true,true,13,18,full
planted,2192,108,11.45950182640551,true,false,true,true,true,true,true,true,2,3,full
planted,2193,108,11.134867855683682,true,false,true,true,true,true,true,true,3,5,full
planted,2194,108,11.076026539848899,true,false,true,true,true,true,true,true,3,9,full
planted,2195,108,11.203845640748382,true,false,false,true,true,true,true,true,1,18,full
planted,2196,108,10.909638423164095,true,false,false,true,true,true,true,true,11,17,full
planted,2197,108,11.533687517014608,true,false,true,true,true,true,true,true,4,6,full
planted,2198,108,10.741758180922558,true,false,true,true,true,true,true,true,4,9,full
planted,2199,108,10.858605916736416,true,false,false,true,true,true,true,true,3,13,full
