part,phi,seed,naive_ann,adjusted_ann,true_ann,mode
lo,0.0,0,0.9018679832639711,0.9050736118658673,0.7937253933193772,full
lo,0.1,0,0.5268947204697865,0.4636161652771532,0.7182395840723135,full
lo,0.2,0,0.9800324439022119,0.9285177793582798,0.6486105106824416,full
lo,0.3,0,1.368006635674192,1.0029226504918547,0.5831986553169372,full
lo,0.0,1,0.7141685557241085,0.6674010010544986,0.7937253933193772,full
lo,0.1,1,0.8923536993920155,0.8763979124146496,0.7182395840723135,full
lo,0.2,1,0.7793361654076366,0.6149939738946734,0.6486105106824416,full
lo,0.3,1,1.7214789924485436,1.2561871706568337,0.5831986553169372,full
lo,0.0,2,1.0197086866833338,0.9027923397573099,0.7937253933193772,full
lo,0.1,2,0.9353414371977352,0.8080120481420721,0.7182395840723135,full
lo,0.2,2,0.45357813245083084,0.3601307957397821,0.6486105106824416,full
lo,0.3,2,0.7618862730337526,0.5420294463661344,0.5831986553169372,full
lo,0.0,3,0.792183636045516,0.8713268751273885,0.7937253933193772,full
lo,0.1,3,0.6408894353548739,0.5367106532219461,0.7182395840723135,full
lo,0.2,3,1.2371105749597695,0.9942658700962314,0.6486105106824416,full
lo,0.3,3,0.642091705183176,0.4669180916632026,0.5831986553169372,full
lo,0.0,4,0.8005860003049164,0.7004411456836342,0.7937253933193772,full
lo,0.1,4,1.0895007415857334,0.9553768006638017,0.7182395840723135,full
lo,0.2,4,1.064208434502894,0.9098413996407259,0.6486105106824416,full
lo,0.3,4,0.27802605411109693,0.2156310491241225,0.5831986553169372,full
lo,0.0,5,0.752086069493716,0.7281489422927031,0.7937253933193772,full
lo,0.1,5,0.46060028121735713,0.4142300814211693,0.7182395840723135,full
lo,0.2,5,0.703936010152218,0.548196599776846,0.6486105106824416,full
lo,0.3,5,1.2206058294733726,0.9175208717438463,0.5831986553169372,full
lo,0.0,6,0.9369203720948147,0.9716735519726986,0.7937253933193772,full
lo,0.1,6,0.45485939579296764,0.4243420009436351,0.7182395840723135,full
lo,0.2,6,1.004709210198427,0.7922236663685235,0.6486105106824416,full
lo,0.3,6,0.7052943114001823,0.5176411755587188,0.5831986553169372,full
lo,0.0,7,0.5486518824672588,0.5931011711395622,0.7937253933193772,full
lo,0.1,7,0.5202831259623637,0.4388717825341687,0.7182395840723135,full
lo,0.2,7,0.7787876898388094,0.6142141133837139,0.6486105106824416,full
lo,0.3,7,0.6778075263298945,0.48556580830871393,0.5831986553169372,full
lo,0.0,8,0.6223935081402471,0.6239640748932381,0.7937253933193772,full
lo,0.1,8,0.7103921007084022,0.5979611067099719,0.7182395840723135,full
lo,0.2,8,0.8651494819502047,0.7933051672806661,0.6486105106824416,full
lo,0.3,8,1.1908117228385497,0.8893072573096347,0.5831986553169372,full
lo,0.0,9,1.2374507537145845,1.3623141322370698,0.7937253933193772,full
lo,0.1,9,0.07572070241412035,0.06606858893627066,0.7182395840723135,full
lo,0.2,9,1.2155008703715144,0.9916963302021052,0.6486105106824416,full
lo,0.3,9,-0.14055936845173703,-0.09536154459722024,0.5831986553169372,full
lo,0.0,10,0.9083975597491424,0.9678127289708719,0.7937253933193772,full
lo,0.1,10,1.1413708898751231,1.1928267331417453,0.7182395840723135,full
lo,0.2,10,0.9430585389635947,0.8561572976876258,0.6486105106824416,full
lo,0.3,10,1.0493098633760807,0.7833296102580557,0.5831986553169372,full
lo,0.0,11,0.41924215706921547,0.3983902701428136,0.7937253933193772,full
lo,0.1,11,0.5398710954003675,0.49859399241538754,0.7182395840723135,full
lo,0.2,11,0.39441941553901694,0.3478347815138166,0.6486105106824416,full
lo,0.3,11,0.46036336582485904,0.31754221647998015,0.5831986553169372,full
lo,0.0,12,1.1559501153718332,1.172935943108046,0.7937253933193772,full
lo,0.1,12,1.0219631790262398,0.886080523206733,0.7182395840723135,full
lo,0.2,12,0.9116760662395054,0.7496976599831189,0.6486105106824416,full
lo,0.3,12,0.926456490432267,0.6585311737836952,0.5831986553169372,full
lo,0.0,13,0.46669225965727557,0.4380268946650164,0.7937253933193772,full
lo,0.1,13,0.7343953661297514,0.6940149994819115,0.7182395840723135,full
lo,0.2,13,0.7964603406558228,0.6343146224966706,0.6486105106824416,full
lo,0.3,13,0.5786338420436641,0.4000517381134522,0.5831986553169372,full
lo,0.0,14,0.746803004349277,0.7587702086299427,0.7937253933193772,full
lo,0.1,14,0.7342313388505255,0.6712474104537998,0.7182395840723135,full
lo,0.2,14,0.6984734273406455,0.5702907676980029,0.6486105106824416,full
lo,0.3,14,0.714767555195124,0.5039185741685461,0.5831986553169372,full
lo,0.0,15,1.2235663091832043,1.4058617081393692,0.7937253933193772,full
lo,0.1,15,1.326747569728463,1.1990655612680288,0.7182395840723135,full
lo,0.2,15,1.3913582700413487,1.1901934845801876,0.6486105106824416,full
lo,0.3,15,0.5349299030102272,0.41749652161676215,0.5831986553169372,full
lo,0.0,16,0.25736996170838056,0.2707783331992308,0.7937253933193772,full
lo,0.1,16,0.8170893990812771,0.8351513176516884,0.7182395840723135,full
lo,0.2,16,0.8563367690634069,0.6851118543689866,0.6486105106824416,full
lo,0.3,16,0.452255545371925,0.31896741391153244,0.5831986553169372,full
lo,0.0,17,0.8495151671040623,0.831628850303764,0.7937253933193772,full
lo,0.1,17,0.3905706604018168,0.3299429377580529,0.7182395840723135,full
lo,0.2,17,1.0975849391456434,0.882949622292694,0.6486105106824416,full
lo,0.3,17,0.7301614638741418,0.5364026213525047,0.5831986553169372,full
lo,0.0,18,1.1069206540769168,1.1827282546463977,0.7937253933193772,full
lo,0.1,18,0.3249569092426628,0.28998466733790995,0.7182395840723135,full
lo,0.2,18,0.4224693008386511,0.33010597510263573,0.6486105106824416,full
lo,0.3,18,0.09814493314963021,0.07428689070481445,0.5831986553169372,full
lo,0.0,19,0.7987624143418577,0.8075119284228692,0.7937253933193772,full
lo,0.1,19,0.3540648903492806,0.32838252085957936,0.7182395840723135,full
lo,0.2,19,1.1823713838277647,0.9911001489063795,0.6486105106824416,full
lo,0.3,19,1.3657234357392636,1.0486605560690423,0.5831986553169372,full
lo,0.0,20,0.9992102117435824,1.0601047038499283,0.7937253933193772,full
lo,0.1,20,0.9793639859704321,0.8726097634477241,0.7182395840723135,full
lo,0.2,20,0.6927476972302317,0.5614848157340387,0.6486105106824416,full
lo,0.3,20,1.4928590515836075,1.0595543318165956,0.5831986553169372,full
lo,0.0,21,1.1606751986629609,1.190494014514139,0.7937253933193772,full
lo,0.1,21,0.9433590445722122,0.9150103749060057,0.7182395840723135,full
lo,0.2,21,0.2484436268301124,0.20291622227248626,0.6486105106824416,full
lo,0.3,21,0.08033750808909718,0.05895795120219176,0.5831986553169372,full
lo,0.0,22,0.9320052508737036,1.0613740879175428,0.7937253933193772,full
lo,0.1,22,0.18108454681335323,0.16882899959595787,0.7182395840723135,full
lo,0.2,22,0.5247742999524263,0.42278410321252785,0.6486105106824416,full
lo,0.3,22,0.9577850889590184,0.6973689847040432,0.5831986553169372,full
lo,0.0,23,0.4517574504704905,0.42477098165240834,0.7937253933193772,full
lo,0.1,23,0.5454291403543934,0.5115049044720289,0.7182395840723135,full
lo,0.2,23,1.2348504514030056,1.112193833000246,0.6486105106824416,full
lo,0.3,23,0.7121595304130047,0.4832658968953476,0.5831986553169372,full
lo,0.0,24,1.2031507794268892,1.2329072905788576,0.7937253933193772,full
lo,0.1,24,0.808474159561266,0.7342129218692539,0.7182395840723135,full
lo,0.2,24,0.9145779934670258,0.753837810988775,0.6486105106824416,full
lo,0.3,24,0.20146783378063796,0.15021582014152968,0.5831986553169372,full
lo,0.0,25,0.9635247612144843,0.9487905131368896,0.7937253933193772,full
lo,0.1,25,1.2914778056470069,1.164318448243951,0.7182395840723135,full
lo,0.2,25,0.6191576872308592,0.45706192824908926,0.6486105106824416,full
lo,0.3,25,1.071688183568261,0.8989130565604854,0.5831986553169372,full
lo,0.0,26,1.1808376881635332,1.1455821506431816,0.7937253933193772,full
lo,0.1,26,0.5313814566437675,0.5102951556622262,0.7182395840723135,full
lo,0.2,26,0.9779015211653738,0.8434499407685834,0.6486105106824416,full
lo,0.3,26,0.577995561448342,0.43228196893074256,0.5831986553169372,full
lo,0.0,27,0.9281687271718165,0.9086763944811496,0.7937253933193772,full
lo,0.1,27,0.3146514022168845,0.32225937341752203,0.7182395840723135,full
lo,0.2,27,0.1854742426164936,0.15368637722381714,0.6486105106824416,full
lo,0.3,27,1.298565790168094,0.9823155583932752,0.5831986553169372,full
lo,0.0,28,0.9403101180573779,0.9466562186553031,0.7937253933193772,full
lo,0.1,28,0.6680077708652037,0.6344262265303839,0.7182395840723135,full
lo,0.2,28,1.7137786944620745,1.2726567276784644,0.6486105106824416,full
lo,0.3,28,0.17149287719870845,0.11776527099830553,0.5831986553169372,full
lo,0.0,29,0.9327727398385377,0.9184916196781195,0.7937253933193772,full
lo,0.1,29,1.0446915576993963,0.9597749052209186,0.7182395840723135,full
lo,0.2,29,1.5946500433889652,1.4713869351859141,0.6486105106824416,full
lo,0.3,29,1.0114907596196763,0.8021613493001093,0.5831986553169372,full
lo,0.0,30,0.8729173206258753,0.8849562675277014,0.7937253933193772,full
lo,0.1,30,1.1343612858530159,1.0414861609163513,0.7182395840723135,full
lo,0.2,30,0.9548083926506409,0.8155661036000827,0.6486105106824416,full
lo,0.3,30,0.7553683058352396,0.6497893232197837,0.5831986553169372,full
lo,0.0,31,1.171750401703592,1.2235048226550898,0.7937253933193772,full
lo,0.1,31,1.1059161985152053,0.9273906705728866,0.7182395840723135,full
lo,0.2,31,1.0627485491684614,0.8261152043131096,0.6486105106824416,full
lo,0.3,31,1.5784969075102764,1.2041702770240847,0.5831986553169372,full
lo,0.0,32,1.2879098555224038,1.2903070741602736,0.7937253933193772,full
lo,0.1,32,0.7721162985240796,0.7269956902478589,0.7182395840723135,full
lo,0.2,32,1.2390776748769163,0.9917746582644094,0.6486105106824416,full
lo,0.3,32,0.7146339018351593,0.5409599255238089,0.5831986553169372,full
lo,0.0,33,0.5494237924461605,0.6098415431280291,0.7937253933193772,full
lo,0.1,33,0.7136421510531661,0.6511287704295949,0.7182395840723135,full
lo,0.2,33,0.6272437133080363,0.5242901981003567,0.6486105106824416,full
lo,0.3,33,0.3540136532376369,0.2699249937599488,0.5831986553169372,full
lo,0.0,34,0.6315017102598656,0.6349917385468982,0.7937253933193772,full
lo,0.1,34,1.1149419035505261,1.011990897845241,0.7182395840723135,full
lo,0.2,34,0.873326490254773,0.7106698166856222,0.6486105106824416,full
lo,0.3,34,0.9320162729812708,0.7042021768896563,0.5831986553169372,full
lo,0.0,35,0.5647191941076953,0.5002280419722915,0.7937253933193772,full
lo,0.1,35,0.8819603884206753,0.8052009148553991,0.7182395840723135,full
lo,0.2,35,0.6751037918560688,0.5920017921538866,0.6486105106824416,full
lo,0.3,35,1.0803927545071437,0.8497025167078827,0.5831986553169372,full
lo,0.0,36,1.2285494004204143,1.2126891486613944,0.7937253933193772,full
lo,0.1,36,1.3134306099080348,1.1636012073365736,0.7182395840723135,full
lo,0.2,36,0.7811728099586588,0.5947232673745805,0.6486105106824416,full
lo,0.3,36,1.1279409501139928,0.8386171375371002,0.5831986553169372,full
lo,0.0,37,1.0398366287155334,0.9905744210535257,0.7937253933193772,full
lo,0.1,37,0.5135984334168084,0.4667617529897009,0.7182395840723135,full
lo,0.2,37,0.8828645481110207,0.7810467071096291,0.6486105106824416,full
lo,0.3,37,0.5924645887007541,0.5007100595460068,0.5831986553169372,full
lo,0.0,38,0.8139368483204796,0.7516903357932575,0.7937253933193772,full
lo,0.1,38,1.7238259728125958,1.5797396389184863,0.7182395840723135,full
lo,0.2,38,0.5949353031783817,0.46925408722703205,0.6486105106824416,full
lo,0.3,38,0.7279103603634026,0.5321293267399867,0.5831986553169372,full
lo,0.0,39,-0.09080581111564232,-0.09752502650103485,0.7937253933193772,full
lo,0.1,39,0.6095397566450735,0.5513586057606951,0.7182395840723135,full
lo,0.2,39,0.6636905603695618,0.5654387072478444,0.6486105106824416,full
lo,0.3,39,0.38977999249927753,0.2849033311854028,0.5831986553169372,full
lo,0.0,40,0.1958887881670059,0.1954432797251412,0.7937253933193772,full
lo,0.1,40,0.6988901900166259,0.633702619452036,0.7182395840723135,full
lo,0.2,40,1.0670862907295968,0.9301899713683229,0.6486105106824416,full
lo,0.3,40,0.1789543156267428,0.13310070543464245,0.5831986553169372,full
lo,0.0,41,1.0178963092498217,1.1070188249707804,0.7937253933193772,full
lo,0.1,41,1.4163870439750768,1.1932987125087842,0.7182395840723135,full
lo,0.2,41,0.4937489446434752,0.4492730831724866,0.6486105106824416,full
lo,0.3,41,1.9854028232550107,1.3785355394467669,0.5831986553169372,full
lo,0.0,42,0.6833383744369288,0.6834278213634652,0.7937253933193772,full
lo,0.1,42,0.9808451868922047,0.8385423996768737,0.7182395840723135,full
lo,0.2,42,0.38015471738334095,0.2887953802514509,0.6486105106824416,full
lo,0.3,42,1.5688100869032855,1.0730946225348763,0.5831986553169372,full
lo,0.0,43,0.20631014272728712,0.20526424200288634,0.7937253933193772,full
lo,0.1,43,0.187337687400899,0.1662041609021639,0.7182395840723135,full
lo,0.2,43,0.10362725193843342,0.08579215467879805,0.6486105106824416,full
lo,0.3,43,0.9314806456945406,0.6807628580889363,0.5831986553169372,full
lo,0.0,44,0.7945617249445045,0.8187938710328838,0.7937253933193772,full
lo,0.1,44,0.8195659433203772,0.7865968689856913,0.7182395840723135,full
lo,0.2,44,0.21050899904548007,0.19592062203077107,0.6486105106824416,full
lo,0.3,44,1.0356544755935313,0.7956329680238932,0.5831986553169372,full
lo,0.0,45,0.7010177953821941,0.6819705904195923,0.7937253933193772,full
lo,0.1,45,0.40371714917953133,0.36264935805844933,0.7182395840723135,full
lo,0.2,45,1.0155927130449525,0.8048105979232065,0.6486105106824416,full
lo,0.3,45,0.4065692308941879,0.2818199977113549,0.5831986553169372,full
lo,0.0,46,0.8106567303243065,0.8548740543029881,0.7937253933193772,full
lo,0.1,46,1.0136763828770792,1.0998375315362154,0.7182395840723135,full
lo,0.2,46,0.1517647613961608,0.1287401633465908,0.6486105106824416,full
lo,0.3,46,0.5149650562106678,0.3409564586233275,0.5831986553169372,full
lo,0.0,47,1.0877734619824648,1.056605772375531,0.7937253933193772,full
lo,0.1,47,0.6530445653709729,0.5614976385586689,0.7182395840723135,full
lo,0.2,47,0.5564420638245006,0.42753557189198504,0.6486105106824416,full
lo,0.3,47,1.2220658485975187,0.9419914054055599,0.5831986553169372,full
lo,0.0,48,0.5521626446795258,0.5299951410563348,0.7937253933193772,full
lo,0.1,48,1.0026516353893802,0.9600634153277806,0.7182395840723135,full
lo,0.2,48,0.9908329924824126,0.8467966158393467,0.6486105106824416,full
lo,0.3,48,0.5304053736001881,0.39789714966139067,0.5831986553169372,full
lo,0.0,49,0.12189435670555722,0.11928956293502822,0.7937253933193772,full
lo,0.1,49,0.49879568090349385,0.4287225365276899,0.7182395840723135,full
lo,0.2,49,1.0082655676340315,0.818047811985092,0.6486105106824416,full
lo,0.3,49,0.3486406327423109,0.25210775707851396,0.5831986553169372,full
lo,0.0,50,0.2763148625518515,0.2689146727171983,0.7937253933193772,full
lo,0.1,50,0.9960139125389111,1.0125067789156703,0.7182395840723135,full
lo,0.2,50,0.5830597077105704,0.4700401432898993,0.6486105106824416,full
lo,0.3,50,0.34668140992798946,0.21688260154833716,0.5831986553169372,full
lo,0.0,51,1.1063343281776752,1.162434886393388,0.7937253933193772,full
lo,0.1,51,0.7501328110750292,0.6190371169997382,0.7182395840723135,full
lo,0.2,51,-0.11121375811247998,-0.08406873470588493,0.6486105106824416,full
lo,0.3,51,0.9650720651212258,0.767161964544407,0.5831986553169372,full
lo,0.0,52,0.7929649278229771,0.7416964219863479,0.7937253933193772,full
lo,0.1,52,0.7419417518752754,0.7045712909038951,0.7182395840723135,full
lo,0.2,52,1.0667203531819425,0.889481280750939,0.6486105106824416,full
lo,0.3,52,1.0679407631613023,0.8823457217098045,0.5831986553169372,full
lo,0.0,53,0.8070275753330892,0.8801048099952345,0.7937253933193772,full
lo,0.1,53,0.44133679614157767,0.4151168566567793,0.7182395840723135,full
lo,0.2,53,1.058220059582922,0.8585944054483083,0.6486105106824416,full
lo,0.3,53,1.1634596870772704,0.7487909588367052,0.5831986553169372,full
lo,0.0,54,0.7816123261306366,0.7252474421552552,0.7937253933193772,full
lo,0.1,54,0.7651361769035422,0.6812117546093376,0.7182395840723135,full
lo,0.2,54,0.2972520573774884,0.27627239908806567,0.6486105106824416,full
lo,0.3,54,0.42960789934694643,0.3426595105668597,0.5831986553169372,full
lo,0.0,55,1.320264095560884,1.3561346663196299,0.7937253933193772,full
lo,0.1,55,0.37746166133255893,0.3566129958570285,0.7182395840723135,full
lo,0.2,55,1.1413874307857763,0.9066009908363856,0.6486105106824416,full
lo,0.3,55,1.0414779094175226,0.7208299040573932,0.5831986553169372,full
lo,0.0,56,0.4695904966434909,0.49169722122118814,0.7937253933193772,full
lo,0.1,56,0.6609883190810443,0.5435553132308105,0.7182395840723135,full
lo,0.2,56,0.8244710680237722,0.7161589513926047,0.6486105106824416,full
lo,0.3,56,1.3736798949075626,0.8974985139247691,0.5831986553169372,full
lo,0.0,57,1.453424666901847,1.5317997728264727,0.7937253933193772,full
lo,0.1,57,1.0989341669784791,0.9620334461774268,0.7182395840723135,full
lo,0.2,57,1.2091317030998712,1.0332130466592337,0.6486105106824416,full
lo,0.3,57,0.6113112054163559,0.45619506328150367,0.5831986553169372,full
lo,0.0,58,0.3359273942585186,0.3157460967081114,0.7937253933193772,full
lo,0.1,58,0.9451694885040933,1.0240844441800734,0.7182395840723135,full
lo,0.2,58,1.206509714632765,1.0603805527977126,0.6486105106824416,full
lo,0.3,58,0.7957384599349047,0.6466588881694093,0.5831986553169372,full
lo,0.0,59,0.9740902770764818,0.9048514005318083,0.7937253933193772,full
lo,0.1,59,0.6383466815809876,0.6168734735754753,0.7182395840723135,full
lo,0.2,59,0.2962363122202813,0.21704093378970413,0.6486105106824416,full
lo,0.3,59,0.9500473844303635,0.7052747031361869,0.5831986553169372,full
lo,0.0,60,0.5619962906799443,0.5455147136859417,0.7937253933193772,full
lo,0.1,60,1.0136431308135212,0.8640732874191588,0.7182395840723135,full
lo,0.2,60,1.3772184926650435,1.1432238512819597,0.6486105106824416,full
lo,0.3,60,1.6941688203844736,1.335952555401977,0.5831986553169372,full
lo,0.0,61,0.877658824428782,0.9650620462706606,0.7937253933193772,full
lo,0.1,61,0.8529733161144674,0.7533051668473713,0.7182395840723135,full
lo,0.2,61,0.4111483115829185,0.32982813596111177,0.6486105106824416,full
lo,0.3,61,0.18482217585918398,0.1440164505765546,0.5831986553169372,full
lo,0.0,62,1.3715787930985046,1.386945223255952,0.7937253933193772,full
lo,0.1,62,0.5453866353549366,0.48098200809125413,0.7182395840723135,full
lo,0.2,62,1.3196194963049614,1.090530935175788,0.6486105106824416,full
lo,0.3,62,0.9683672013875348,0.6817728607409559,0.5831986553169372,full
lo,0.0,63,1.1435247817290273,1.1132279249937955,0.7937253933193772,full
lo,0.1,63,1.0981640786698774,0.9417222856069337,0.7182395840723135,full
lo,0.2,63,0.4867499636910192,0.4240983352453837,0.6486105106824416,full
lo,0.3,63,1.8427696799333275,1.385002817560315,0.5831986553169372,full
lo,0.0,64,0.40583273586965624,0.3950054667978315,0.7937253933193772,full
lo,0.1,64,0.5524294366681404,0.47967868792331503,0.7182395840723135,full
lo,0.2,64,0.9124768980426184,0.74824929625164,0.6486105106824416,full
lo,0.3,64,0.6051764332620335,0.4556385855548757,0.5831986553169372,full
lo,0.0,65,1.0109678119573695,1.1301299211880256,0.7937253933193772,full
lo,0.1,65,1.2657922600128524,1.1352501201488965,0.7182395840723135,full
lo,0.2,65,0.984027437479249,0.7412928868382824,0.6486105106824416,full
lo,0.3,65,1.260717056192226,0.9938218726986856,0.5831986553169372,full
lo,0.0,66,0.9128385969504565,0.994362624647077,0.7937253933193772,full
lo,0.1,66,0.9077133530328124,0.8514081005671533,0.7182395840723135,full
lo,0.2,66,0.7397965522666425,0.6622124094470632,0.6486105106824416,full
lo,0.3,66,1.0851196775795577,0.9010667248927501,0.5831986553169372,full
lo,0.0,67,1.4330550822372083,1.4624103435356859,0.7937253933193772,full
lo,0.1,67,0.23165968088080796,0.2102685123311667,0.7182395840723135,full
lo,0.2,67,0.9122265273872725,0.7412857308173721,0.6486105106824416,full
lo,0.3,67,1.2958065198664694,1.0863029253966716,0.5831986553169372,full
lo,0.0,68,1.0640759938492284,1.0011644587228459,0.7937253933193772,full
lo,0.1,68,0.5180745992559074,0.4436834671578294,0.7182395840723135,full
lo,0.2,68,1.2404591530994342,1.0782686654720983,0.6486105106824416,full
lo,0.3,68,0.7407054120515093,0.5584315556808955,0.5831986553169372,full
lo,0.0,69,1.0613351289101571,0.9727602948980001,0.7937253933193772,full
lo,0.1,69,0.9320048948728967,0.9251091474997256,0.7182395840723135,full
lo,0.2,69,0.7032401594685482,0.573881429337231,0.6486105106824416,full
lo,0.3,69,0.4195917849852024,0.32666055226631363,0.5831986553169372,full
lo,0.0,70,0.6256121925527587,0.6179248108330133,0.7937253933193772,full
lo,0.1,70,1.7114066234671217,1.444649528090462,0.7182395840723135,full
lo,0.2,70,1.0431532004873696,0.8367746714356408,0.6486105106824416,full
lo,0.3,70,0.8570281741538048,0.6125168831575735,0.5831986553169372,full
lo,0.0,71,1.0331475892774717,1.0587815246329746,0.7937253933193772,full
lo,0.1,71,0.6368539669429846,0.5671635184313962,0.7182395840723135,full
lo,0.2,71,1.7042313703640883,1.3688145545185744,0.6486105106824416,full
lo,0.3,71,0.47690894623712415,0.37388857836138994,0.5831986553169372,full
lo,0.0,72,1.1107478200728513,1.1164669179249347,0.7937253933193772,full
lo,0.1,72,0.5685660540079541,0.4931999285809336,0.7182395840723135,full
lo,0.2,72,1.0063539089701468,0.8244102658332242,0.6486105106824416,full
lo,0.3,72,1.382666890547978,1.0284027307646526,0.5831986553169372,full
lo,0.0,73,0.8927659790951592,0.8902303714532006,0.7937253933193772,full
lo,0.1,73,0.8791944302581299,0.7298052765858037,0.7182395840723135,full
lo,0.2,73,0.3188999576276849,0.2640463280667829,0.6486105106824416,full
lo,0.3,73,0.34690553526553597,0.28246819918640836,0.5831986553169372,full
lo,0.0,74,0.6966084142547759,0.6849334562965863,0.7937253933193772,full
lo,0.1,74,0.9588097424800245,0.9663411596793803,0.7182395840723135,full
lo,0.2,74,0.7726481385594063,0.649329550149076,0.6486105106824416,full
lo,0.3,74,0.07644113270905997,0.053666992222003176,0.5831986553169372,full
lo,0.0,75,0.7463486120704796,0.7595668770677847,0.7937253933193772,full
lo,0.1,75,1.1742525594102127,1.1275666224893208,0.7182395840723135,full
lo,0.2,75,0.7470661704107564,0.6089087083355803,0.6486105106824416,full
lo,0.3,75,0.8047532413962485,0.6185077338628087,0.5831986553169372,full
lo,0.0,76,0.7505038178675013,0.6979089247370871,0.7937253933193772,full
lo,0.1,76,0.7800555766906724,0.7496232710579025,0.7182395840723135,full
lo,0.2,76,0.9060085796482034,0.7112136156646391,0.6486105106824416,full
lo,0.3,76,0.6532939009899285,0.4999778788542021,0.5831986553169372,full
lo,0.0,77,0.1743005422815156,0.15867126443714824,0.7937253933193772,full
lo,0.1,77,1.5159915224135465,1.4920212575161824,0.7182395840723135,full
lo,0.2,77,0.9654307773622961,0.7466836291061042,0.6486105106824416,full
lo,0.3,77,0.9193571821364449,0.6862809314803526,0.5831986553169372,full
lo,0.0,78,1.1630842677369853,1.1629530103475492,0.7937253933193772,full
lo,0.1,78,0.9365554369577663,0.8213242250339318,0.7182395840723135,full
lo,0.2,78,0.8510683840305183,0.7342790694377554,0.6486105106824416,full
lo,0.3,78,0.051727020119688605,0.04025746220022153,0.5831986553169372,full
lo,0.0,79,0.615718626627221,0.6325536841191698,0.7937253933193772,full
lo,0.1,79,0.7154470353407183,0.6958938786139587,0.7182395840723135,full
lo,0.2,79,0.8129183195829119,0.6162855797462096,0.6486105106824416,full
lo,0.3,79,1.4610348945347789,1.2282031305557668,0.5831986553169372,full
lo,0.0,80,1.4672106868619603,1.5462780698955956,0.7937253933193772,full
lo,0.1,80,0.9179719319285742,0.8087849133089454,0.7182395840723135,full
lo,0.2,80,0.9931331546981562,0.9370078938176774,0.6486105106824416,full
lo,0.3,80,1.231928770508102,0.9344415364442787,0.5831986553169372,full
lo,0.0,81,0.9171823736546559,0.9530047135255545,0.7937253933193772,full
lo,0.1,81,1.0524001796330251,1.0401330695366133,0.7182395840723135,full
lo,0.2,81,0.9328656917160973,0.8169925045197148,0.6486105106824416,full
lo,0.3,81,1.0252521707278488,0.7654571507877291,0.5831986553169372,full
lo,0.0,82,0.7229743109606321,0.7555180557477025,0.7937253933193772,full
lo,0.1,82,0.31519446455412237,0.2790621941801116,0.7182395840723135,full
lo,0.2,82,1.1359302920971952,0.9526629613519868,0.6486105106824416,full
lo,0.3,82,0.7693628642656284,0.5861472923638759,0.5831986553169372,full
lo,0.0,83,0.6744367159675767,0.6791260249884894,0.7937253933193772,full
lo,0.1,83,1.2065060165886534,1.1954981441131325,0.7182395840723135,full
lo,0.2,83,1.4143987953119084,1.1061147992558706,0.6486105106824416,full
lo,0.3,83,0.47453745742431147,0.35721952742027074,0.5831986553169372,full
lo,0.0,84,0.9379361627738526,0.9713596834342652,0.7937253933193772,full
lo,0.1,84,0.4673209478626249,0.43480076069131096,0.7182395840723135,full
lo,0.2,84,1.081157745772628,0.9524539840098789,0.6486105106824416,full
lo,0.3,84,0.8830847002957888,0.6940642798279302,0.5831986553169372,full
lo,0.0,85,0.5225990621391541,0.5285637418321217,0.7937253933193772,full
lo,0.1,85,1.142487844164512,1.044695522968655,0.7182395840723135,full
lo,0.2,85,1.3794016342986197,1.1779740695714,0.6486105106824416,full
lo,0.3,85,0.621853423564302,0.48657004905283247,0.5831986553169372,full
lo,0.0,86,0.3361071786246851,0.35857791509622927,0.7937253933193772,full
lo,0.1,86,1.3414370731529002,1.2348319931561644,0.7182395840723135,full
lo,0.2,86,0.5138420590208623,0.4199486991676951,0.6486105106824416,full
lo,0.3,86,0.9011095704985493,0.7090035406946971,0.5831986553169372,full
lo,0.0,87,0.8386853388516868,0.8180493964342967,0.7937253933193772,full
lo,0.1,87,0.6098854460739145,0.5765816630000812,0.7182395840723135,full
lo,0.2,87,0.754199094327814,0.5855413767430396,0.6486105106824416,full
lo,0.3,87,1.4046573679751293,1.1750156774899878,0.5831986553169372,full
lo,0.0,88,0.8905079623544916,0.9458559750457813,0.7937253933193772,full
lo,0.1,88,0.8972433219466719,0.8309449277426789,0.7182395840723135,full
lo,0.2,88,0.6552360883039352,0.5116895102469776,0.6486105106824416,full
lo,0.3,88,0.6526717784090142,0.44341698408465824,0.5831986553169372,full
lo,0.0,89,0.5960579562809638,0.6379761016474987,0.7937253933193772,full
lo,0.1,89,1.0649774038772113,0.9853918741576878,0.7182395840723135,full
lo,0.2,89,1.312434361763097,1.0681732946812075,0.6486105106824416,full
lo,0.3,89,0.46071344956955956,0.3508986801633435,0.5831986553169372,full
lo,0.0,90,0.41038467120936817,0.41417510164937626,0.7937253933193772,full
lo,0.1,90,1.4686843740399813,1.4807636956026045,0.7182395840723135,full
lo,0.2,90,0.027844742573796398,0.02273847635983788,0.6486105106824416,full
lo,0.3,90,0.3807236256990096,0.30350358570587144,0.5831986553169372,full
lo,0.0,91,0.8362311129319805,0.9134278919556903,0.7937253933193772,full
lo,0.1,91,-0.11982415903780973,-0.12089417705896872,0.7182395840723135,full
lo,0.2,91,0.697826448719694,0.5957506206495707,0.6486105106824416,full
lo,0.3,91,1.2894540098594742,1.038378795999553,0.5831986553169372,full
lo,0.0,92,0.6004684124978703,0.5953594288069975,0.7937253933193772,full
lo,0.1,92,1.2321745411896623,1.1568886903340794,0.7182395840723135,full
lo,0.2,92,-0.1554641415320891,-0.131598704159126,0.6486105106824416,full
lo,0.3,92,0.5921118141447823,0.4294924039498301,0.5831986553169372,full
lo,0.0,93,0.5019933731407188,0.5471151288888008,0.7937253933193772,full
lo,0.1,93,0.8919266322845092,0.7908900050802187,0.7182395840723135,full
lo,0.2,93,0.5101701981062716,0.41807443861560406,0.6486105106824416,full
lo,0.3,93,1.3559036760270786,1.0457112399038584,0.5831986553169372,full
lo,0.0,94,0.7647991863610993,0.8042938858057663,0.7937253933193772,full
lo,0.1,94,0.8900971495119308,0.7354751486298035,0.7182395840723135,full
lo,0.2,94,0.3504041875329303,0.29378765884432845,0.6486105106824416,full
lo,0.3,94,1.3913246567177036,0.962073643260685,0.5831986553169372,full
lo,0.0,95,0.18953928227579492,0.2154587418479373,0.7937253933193772,full
lo,0.1,95,0.954383434107877,0.8249909786706829,0.7182395840723135,full
lo,0.2,95,1.2576309361026428,1.046415359251744,0.6486105106824416,full
lo,0.3,95,1.386953402285939,0.9464747820192547,0.5831986553169372,full
lo,0.0,96,0.899480805778773,0.8854532434438481,0.7937253933193772,full
lo,0.1,96,0.9865990641678662,0.8571980764546783,0.7182395840723135,full
lo,0.2,96,1.1795260546272228,1.0612503235098785,0.6486105106824416,full
lo,0.3,96,0.3707959689009753,0.2551116297551974,0.5831986553169372,full
lo,0.0,97,0.8403157477823929,0.9075062493057637,0.7937253933193772,full
lo,0.1,97,1.0093976844758183,0.9230296781539208,0.7182395840723135,full
lo,0.2,97,0.6460849388993622,0.5005523891523849,0.6486105106824416,full
lo,0.3,97,1.0829419700744567,0.8076503529276011,0.5831986553169372,full
lo,0.0,98,0.8549457704865082,0.8853059634584425,0.7937253933193772,full
lo,0.1,98,0.8895807337546973,0.8538514588172456,0.7182395840723135,full
lo,0.2,98,0.8007845207797655,0.6412853816937756,0.6486105106824416,full
lo,0.3,98,0.7540226799403914,0.5044811826536819,0.5831986553169372,full
lo,0.0,99,0.38002028129409415,0.3776092701031145,0.7937253933193772,full
lo,0.1,99,0.48329777957949616,0.4079203927352052,0.7182395840723135,full
lo,0.2,99,0.7836372255510957,0.6307150319075963,0.6486105106824416,full
lo,0.3,99,1.1519621089459544,0.8556592311240473,0.5831986553169372,full
lo,0.0,100,0.6808633810218094,0.6732529825000068,0.7937253933193772,full
lo,0.1,100,0.9422302528688601,0.8600060169020609,0.7182395840723135,full
lo,0.2,100,1.3457149283987802,1.1911741859922422,0.6486105106824416,full
lo,0.3,100,1.262265842366124,0.919669053809519,0.5831986553169372,full
lo,0.0,101,0.3504171515706175,0.365717837814435,0.7937253933193772,full
lo,0.1,101,0.6842161954378415,0.6701683755908525,0.7182395840723135,full
lo,0.2,101,1.1549340360789409,0.9446633716715727,0.6486105106824416,full
lo,0.3,101,0.9690007615526578,0.6151250143443511,0.5831986553169372,full
lo,0.0,102,0.8422414388720001,0.8249862722540044,0.7937253933193772,full
lo,0.1,102,1.0517693332038054,0.9352315702326535,0.7182395840723135,full
lo,0.2,102,1.042295583201579,0.841339047458493,0.6486105106824416,full
lo,0.3,102,0.8498199167798325,0.6139607816381494,0.5831986553169372,full
lo,0.0,103,1.0893975428633698,1.1638631682148162,0.7937253933193772,full
lo,0.1,103,0.7575937992939787,0.694096159485419,0.7182395840723135,full
lo,0.2,103,0.7998665278608563,0.6840238172917946,0.6486105106824416,full
lo,0.3,103,1.2239879127432,0.8901415422795328,0.5831986553169372,full
lo,0.0,104,0.9212770758977901,0.9852085361534764,0.7937253933193772,full
lo,0.1,104,1.0628559553380499,0.9617663443212041,0.7182395840723135,full
lo,0.2,104,0.4672635012455303,0.37603811498986783,0.6486105106824416,full
lo,0.3,104,0.38310424500685497,0.2886341960009033,0.5831986553169372,full
lo,0.0,105,1.3056924934697425,1.249268131353177,0.7937253933193772,full
lo,0.1,105,0.7598858406075154,0.6575177727701945,0.7182395840723135,full
lo,0.2,105,0.12659246783688988,0.11119823159840157,0.6486105106824416,full
lo,0.3,105,0.8684372245515449,0.629004528718744,0.5831986553169372,full
lo,0.0,106,0.3988213308946806,0.39435094347436617,0.7937253933193772,full
lo,0.1,106,0.7570628675149474,0.6659716830147103,0.7182395840723135,full
lo,0.2,106,0.7199977812945032,0.6260735151489626,0.6486105106824416,full
lo,0.3,106,1.062316882408462,0.836174240690367,0.5831986553169372,full
lo,0.0,107,1.0607323398580744,1.0214404388538738,0.7937253933193772,full
lo,0.1,107,0.6025966142184936,0.5828484585818778,0.7182395840723135,full
lo,0.2,107,0.7312683807723401,0.5595814102375277,0.6486105106824416,full
lo,0.3,107,0.357865513832087,0.2745038528930661,0.5831986553169372,full
lo,0.0,108,1.0128131192362861,1.0849870995285065,0.7937253933193772,full
lo,0.1,108,1.1805817006002675,1.1340813033119892,0.7182395840723135,full
lo,0.2,108,0.4099797449385086,0.32233997618240506,0.6486105106824416,full
lo,0.3,108,1.2525505744108951,1.0018457118357007,0.5831986553169372,full
lo,0.0,109,0.4759264957003768,0.46659875258219474,0.7937253933193772,full
lo,0.1,109,0.7628971504997671,0.6981510444087269,0.7182395840723135,full
lo,0.2,109,0.5820765415724977,0.5080456447624148,0.6486105106824416,full
lo,0.3,109,0.6252294450605475,0.4638613966977699,0.5831986553169372,full
lo,0.0,110,0.2893494828888527,0.29722190379666574,0.7937253933193772,full
lo,0.1,110,0.6222574188751036,0.6273443973945092,0.7182395840723135,full
lo,0.2,110,0.8939386610918819,0.8012588146780327,0.6486105106824416,full
lo,0.3,110,1.2094123200967757,0.879266128027056,0.5831986553169372,full
lo,0.0,111,1.2682259038011516,1.2997916443567679,0.7937253933193772,full
lo,0.1,111,1.5263628332027472,1.4190450186882735,0.7182395840723135,full
lo,0.2,111,0.657224083932399,0.5102292472048346,0.6486105106824416,full
lo,0.3,111,1.867234518877224,1.4263043737811447,0.5831986553169372,full
lo,0.0,112,0.25259120577439864,0.25149492324941247,0.7937253933193772,full
lo,0.1,112,1.1029993115845846,1.0766790275744778,0.7182395840723135,full
lo,0.2,112,1.2081327007739464,0.9563974579512805,0.6486105106824416,full
lo,0.3,112,0.6591631751726104,0.5011603903062869,0.5831986553169372,full
lo,0.0,113,0.9874037997788077,1.0750306420694251,0.7937253933193772,full
lo,0.1,113,1.1133498510053874,0.9550854437249255,0.7182395840723135,full
lo,0.2,113,0.5581902470306446,0.4212997847049756,0.6486105106824416,full
lo,0.3,113,0.8437177467629693,0.6174506232779478,0.5831986553169372,full
lo,0.0,114,0.6253218123671385,0.6558625491647195,0.7937253933193772,full
lo,0.1,114,0.9762769059379112,0.7988834547994043,0.7182395840723135,full
lo,0.2,114,0.8364146659561237,0.8100471066947708,0.6486105106824416,full
lo,0.3,114,0.5034163650402788,0.37226802421506294,0.5831986553169372,full
lo,0.0,115,0.8473609438465193,0.8695410687209983,0.7937253933193772,full
lo,0.1,115,0.32892876808180715,0.3447600885814565,0.7182395840723135,full
lo,0.2,115,0.6184692958783126,0.4797168845110582,0.6486105106824416,full
lo,0.3,115,0.9995254661160078,0.7100139394115433,0.5831986553169372,full
lo,0.0,116,0.532863436734617,0.4992389743155778,0.7937253933193772,full
lo,0.1,116,0.7845134871629605,0.7188827169098398,0.7182395840723135,full
lo,0.2,116,0.614612437326677,0.5362385406744412,0.6486105106824416,full
lo,0.3,116,0.7056886335429036,0.5665103490130021,0.5831986553169372,full
lo,0.0,117,1.0514691674632133,1.1282405420628356,0.7937253933193772,full
lo,0.1,117,1.1409653083568834,1.0564184976705902,0.7182395840723135,full
lo,0.2,117,0.3065452449054091,0.24150126589472504,0.6486105106824416,full
lo,0.3,117,0.43576889647928857,0.3028043795532016,0.5831986553169372,full
lo,0.0,118,1.0068171903597107,0.9983282296110819,0.7937253933193772,full
lo,0.1,118,0.7419453932994989,0.7041453054398719,0.7182395840723135,full
lo,0.2,118,0.8320125409092634,0.708308387658484,0.6486105106824416,full
lo,0.3,118,0.915489485239245,0.624288627042445,0.5831986553169372,full
lo,0.0,119,1.3022704894334947,1.3072719731008329,0.7937253933193772,full
lo,0.1,119,1.7538693343397622,1.5960423761903455,0.7182395840723135,full
lo,0.2,119,0.3672205034369373,0.2757975556516069,0.6486105106824416,full
lo,0.3,119,0.8196480621144849,0.6881552211382174,0.5831986553169372,full
lo,0.0,120,1.1250546884788333,1.112936662056655,0.7937253933193772,full
lo,0.1,120,0.5973250423592452,0.5654636190001051,0.7182395840723135,full
lo,0.2,120,0.729862323669013,0.6346749843417802,0.6486105106824416,full
lo,0.3,120,0.9421547598105589,0.7048635194981479,0.5831986553169372,full
lo,0.0,121,0.6227915670830284,0.629543708469204,0.7937253933193772,full
lo,0.1,121,0.9843513298654278,0.9028574967095032,0.7182395840723135,full
lo,0.2,121,0.7300276031443911,0.5889985357272769,0.6486105106824416,full
lo,0.3,121,0.49971345654648247,0.3988203964346777,0.5831986553169372,full
lo,0.0,122,1.0067579001003508,0.9638797022856517,0.7937253933193772,full
lo,0.1,122,0.8513358154344489,0.8053770177384861,0.7182395840723135,full
lo,0.2,122,0.3339679416554691,0.2780948937905852,0.6486105106824416,full
lo,0.3,122,0.3101645386845851,0.23304373190760558,0.5831986553169372,full
lo,0.0,123,0.23142234932090064,0.25702163846246007,0.7937253933193772,full
lo,0.1,123,0.4473210896724839,0.35585885486784696,0.7182395840723135,full
lo,0.2,123,1.0957402057089922,0.8541950246323309,0.6486105106824416,full
lo,0.3,123,0.9289627599438335,0.6299850004688494,0.5831986553169372,full
lo,0.0,124,0.24298001191094745,0.2409829959011083,0.7937253933193772,full
lo,0.1,124,0.6478018820351188,0.6364298624086818,0.7182395840723135,full
lo,0.2,124,1.1298068015742908,0.8950062884169799,0.6486105106824416,full
lo,0.3,124,0.9309556694247543,0.700144351731841,0.5831986553169372,full
lo,0.0,125,0.5617438820507311,0.48134208498179276,0.7937253933193772,full
lo,0.1,125,0.6487051791603816,0.5795287000469806,0.7182395840723135,full
lo,0.2,125,0.929960388885805,0.7218148294322227,0.6486105106824416,full
lo,0.3,125,1.2290677285823608,0.8983937744904764,0.5831986553169372,full
lo,0.0,126,0.9294684730885118,0.9348211049468863,0.7937253933193772,full
lo,0.1,126,0.33895256392251716,0.3229058932694107,0.7182395840723135,full
lo,0.2,126,1.0901159536570841,0.8136222396442274,0.6486105106824416,full
lo,0.3,126,0.22196463559884494,0.16126318578144783,0.5831986553169372,full
lo,0.0,127,0.8817360229605049,0.863694771827867,0.7937253933193772,full
lo,0.1,127,0.8057300663999787,0.754453073984487,0.7182395840723135,full
lo,0.2,127,0.8090420139045561,0.6245588313162201,0.6486105106824416,full
lo,0.3,127,1.1010772182812052,0.818792929840769,0.5831986553169372,full
lo,0.0,128,0.6630996985565962,0.6890140024936079,0.7937253933193772,full
lo,0.1,128,0.9040297123604428,0.859298717927026,0.7182395840723135,full
lo,0.2,128,0.31406179763380054,0.2570842031761509,0.6486105106824416,full
lo,0.3,128,0.5650116745850574,0.4232358593742818,0.5831986553169372,full
lo,0.0,129,0.7376507799341159,0.7061527437131951,0.7937253933193772,full
lo,0.1,129,-0.3301484849790451,-0.27771786757831785,0.7182395840723135,full
lo,0.2,129,0.20502048699823422,0.18696959008365222,0.6486105106824416,full
lo,0.3,129,1.601520641208039,1.2451060450158955,0.5831986553169372,full
lo,0.0,130,1.0070957822958266,1.079847234738822,0.7937253933193772,full
lo,0.1,130,0.6698661848921944,0.5936412090767006,0.7182395840723135,full
lo,0.2,130,0.9743226092754348,0.8306178946959182,0.6486105106824416,full
lo,0.3,130,0.947576975359235,0.7487792992871286,0.5831986553169372,full
lo,0.0,131,0.90398099790559,0.9819985632517391,0.7937253933193772,full
lo,0.1,131,0.9294749505476789,0.8193409056636266,0.7182395840723135,full
lo,0.2,131,1.0250590234408072,0.9357333869620151,0.6486105106824416,full
lo,0.3,131,1.5459053786433694,1.1969984004573477,0.5831986553169372,full
lo,0.0,132,0.5008416446354096,0.48389412142477933,0.7937253933193772,full
lo,0.1,132,0.6258585436681424,0.5343173352606564,0.7182395840723135,full
lo,0.2,132,0.76232547988846,0.6222811416860293,0.6486105106824416,full
lo,0.3,132,0.6743310401320167,0.48610346693510514,0.5831986553169372,full
lo,0.0,133,0.3566696076582522,0.38072109578965263,0.7937253933193772,full
lo,0.1,133,0.532127452773021,0.5258125776982848,0.7182395840723135,full
lo,0.2,133,0.7774289912039005,0.5866860055797758,0.6486105106824416,full
lo,0.3,133,0.7827024417580932,0.5445721746666696,0.5831986553169372,full
lo,0.0,134,1.1799508099228475,1.1990347169568583,0.7937253933193772,full
lo,0.1,134,0.7275906568462572,0.7163742604185496,0.7182395840723135,full
lo,0.2,134,1.289858860513243,1.1871163348461933,0.6486105106824416,full
lo,0.3,134,1.5766370834206351,1.2402794098274992,0.5831986553169372,full
lo,0.0,135,1.0244976160841248,1.0568643209033977,0.7937253933193772,full
lo,0.1,135,0.3374841153753155,0.31943112930828715,0.7182395840723135,full
lo,0.2,135,1.7449533466901255,1.4565915715856104,0.6486105106824416,full
lo,0.3,135,0.9046563869022515,0.7207321924063002,0.5831986553169372,full
lo,0.0,136,1.0678424573788876,1.037227455339442,0.7937253933193772,full
lo,0.1,136,0.5558144376132479,0.5820838037616916,0.7182395840723135,full
lo,0.2,136,0.5660110150964036,0.4969339668010902,0.6486105106824416,full
lo,0.3,136,1.1160701476404549,0.8505861090501414,0.5831986553169372,full
lo,0.0,137,0.6878168526714838,0.6684543684570071,0.7937253933193772,full
lo,0.1,137,1.0551389561370739,1.028488053949439,0.7182395840723135,full
lo,0.2,137,0.8833846787921082,0.6731576123539368,0.6486105106824416,full
lo,0.3,137,1.1094890918030358,0.777346370304032,0.5831986553169372,full
lo,0.0,138,0.7879678599464488,0.7518625209458192,0.7937253933193772,full
lo,0.1,138,1.0788384768323314,1.033882488598603,0.7182395840723135,full
lo,0.2,138,0.6986637958998904,0.5421806302834073,0.6486105106824416,full
lo,0.3,138,0.7013044620476349,0.524031424835718,0.5831986553169372,full
lo,0.0,139,0.6099464720729106,0.6614669280974982,0.7937253933193772,full
lo,0.1,139,0.7603071477257122,0.629552028607158,0.7182395840723135,full
lo,0.2,139,0.7479652809884922,0.664215666260969,0.6486105106824416,full
lo,0.3,139,0.49343445702358685,0.40179650037398423,0.5831986553169372,full
lo,0.0,140,0.45851371552656195,0.4275292826604541,0.7937253933193772,full
lo,0.1,140,0.28907664476711864,0.24687349327563643,0.7182395840723135,full
lo,0.2,140,0.8564207795515049,0.7672408027283962,0.6486105106824416,full
lo,0.3,140,0.8272320609302223,0.695650567984776,0.5831986553169372,full
lo,0.0,141,0.9550871773127407,1.0555885981101614,0.7937253933193772,full
lo,0.1,141,0.7879809296375001,0.7264764959084185,0.7182395840723135,full
lo,0.2,141,0.3395888981202545,0.2730809055502956,0.6486105106824416,full
lo,0.3,141,1.112511316658632,0.8077512922772814,0.5831986553169372,full
lo,0.0,142,0.30822999545492136,0.2861550927902535,0.7937253933193772,full
lo,0.1,142,0.4481140200123825,0.3978286180143277,0.7182395840723135,full
lo,0.2,142,1.0672660576472137,0.858009381754905,0.6486105106824416,full
lo,0.3,142,1.2979823365650258,1.033220229197757,0.5831986553169372,full
lo,0.0,143,0.6282882491785097,0.6379850246670937,0.7937253933193772,full
lo,0.1,143,0.17985546612095712,0.1540218327532097,0.7182395840723135,full
lo,0.2,143,0.6987526214870786,0.5181405698187811,0.6486105106824416,full
lo,0.3,143,0.8972415506351363,0.6080232546924719,0.5831986553169372,full
lo,0.0,144,1.3083318555923247,1.2586133591375375,0.7937253933193772,full
lo,0.1,144,0.7817599165468183,0.6600718647650272,0.7182395840723135,full
lo,0.2,144,0.7242822529791101,0.5998158814821767,0.6486105106824416,full
lo,0.3,144,0.9258354168626876,0.6662613616460197,0.5831986553169372,full
lo,0.0,145,0.4502278880713357,0.3942522903015329,0.7937253933193772,full
lo,0.1,145,1.22350916250762,1.170290687907137,0.7182395840723135,full
lo,0.2,145,0.943241731210849,0.7957156049695867,0.6486105106824416,full
lo,0.3,145,0.6426409348429238,0.45140640998130305,0.5831986553169372,full
lo,0.0,146,0.882649779333046,0.9129898656114518,0.7937253933193772,full
lo,0.1,146,0.7740412939117918,0.7470232276554576,0.7182395840723135,full
lo,0.2,146,1.0521887110707449,0.739425697288705,0.6486105106824416,full
lo,0.3,146,0.5690151783919524,0.4414545072434272,0.5831986553169372,full
lo,0.0,147,0.5778076082560101,0.5863533462094894,0.7937253933193772,full
lo,0.1,147,1.16015343828572,1.027173544891817,0.7182395840723135,full
lo,0.2,147,0.7824016573848322,0.6694270604136972,0.6486105106824416,full
lo,0.3,147,0.8247965571862128,0.6482135799383815,0.5831986553169372,full
lo,0.0,148,0.6477672941510224,0.6314710741116828,0.7937253933193772,full
lo,0.1,148,1.0325758388200639,1.0285569679153599,0.7182395840723135,full
lo,0.2,148,1.0168486335379159,0.849796120828141,0.6486105106824416,full
lo,0.3,148,-0.10287382513745484,-0.0784195310986188,0.5831986553169372,full
lo,0.0,149,0.8503960075390481,0.9637795115636447,0.7937253933193772,full
lo,0.1,149,0.949520356578579,0.8957346381606069,0.7182395840723135,full
lo,0.2,149,0.5785606260267545,0.49021857868391744,0.6486105106824416,full
lo,0.3,149,0.38619849398532685,0.3081630109775143,0.5831986553169372,full
lo,0.0,150,1.1182023545329731,1.0915575927271604,0.7937253933193772,full
lo,0.1,150,0.6822595815333028,0.6105457978201976,0.7182395840723135,full
lo,0.2,150,1.0728511401508196,0.9358597317727836,0.6486105106824416,full
lo,0.3,150,0.1567803012505955,0.13727213814528016,0.5831986553169372,full
lo,0.0,151,1.3461360459085516,1.3387201506063802,0.7937253933193772,full
lo,0.1,151,0.29649080749906226,0.29674348926705146,0.7182395840723135,full
lo,0.2,151,0.2182030597634389,0.1791681157191323,0.6486105106824416,full
lo,0.3,151,0.5699036041483055,0.4151997703863484,0.5831986553169372,full
lo,0.0,152,0.8718536339476199,0.8770541892020997,0.7937253933193772,full
lo,0.1,152,0.8782212528315646,0.716349956050932,0.7182395840723135,full
lo,0.2,152,1.0870874264504096,0.9332574668475987,0.6486105106824416,full
lo,0.3,152,0.42596621746902624,0.32124570946359565,0.5831986553169372,full
lo,0.0,153,0.515684315985833,0.49628620894518544,0.7937253933193772,full
lo,0.1,153,0.24275474996734417,0.21884854743974555,0.7182395840723135,full
lo,0.2,153,1.4782141404764553,1.2393720591236113,0.6486105106824416,full
lo,0.3,153,1.1358526690902648,0.8281851656593212,0.5831986553169372,full
lo,0.0,154,0.925882904367171,0.9005096577850517,0.7937253933193772,full
lo,0.1,154,0.6052557527623581,0.5503625422686683,0.7182395840723135,full
lo,0.2,154,0.5237853997910523,0.45348897413403677,0.6486105106824416,full
lo,0.3,154,0.831675349537077,0.5634363641379032,0.5831986553169372,full
lo,0.0,155,0.749927187847722,0.7884201852900768,0.7937253933193772,full
lo,0.1,155,0.3140319948746173,0.3165307380163729,0.7182395840723135,full
lo,0.2,155,0.7600666135288106,0.6503791058939876,0.6486105106824416,full
lo,0.3,155,1.1818148797286667,0.8438840971993605,0.5831986553169372,full
lo,0.0,156,0.6877538053020998,0.6904769289784539,0.7937253933193772,full
lo,0.1,156,0.8752731718668938,0.8812355978396248,0.7182395840723135,full
lo,0.2,156,0.9780048718574698,0.7618598048090882,0.6486105106824416,full
lo,0.3,156,0.21690606917024535,0.16450072405594982,0.5831986553169372,full
lo,0.0,157,1.1849391873782207,1.1770321643997637,0.7937253933193772,full
lo,0.1,157,0.4906326556025078,0.5000194247689042,0.7182395840723135,full
lo,0.2,157,0.7886922191571188,0.6833350962108252,0.6486105106824416,full
lo,0.3,157,0.7301932575824631,0.5044019257070999,0.5831986553169372,full
lo,0.0,158,0.6397991170367406,0.650261001247868,0.7937253933193772,full
lo,0.1,158,0.07593478270016948,0.07106764100568165,0.7182395840723135,full
lo,0.2,158,0.801666688510183,0.6219824449142942,0.6486105106824416,full
lo,0.3,158,0.16968976320059742,0.11837336633536084,0.5831986553169372,full
lo,0.0,159,0.9755167634145964,1.0873944292079865,0.7937253933193772,full
lo,0.1,159,1.0422316783678032,1.0703694282842962,0.7182395840723135,full
lo,0.2,159,1.1265393479766597,0.8930028051722604,0.6486105106824416,full
lo,0.3,159,1.026532373140422,0.7197801801552789,0.5831986553169372,full
lo,0.0,160,0.861652269806945,0.9386431623426315,0.7937253933193772,full
lo,0.1,160,1.233336896299259,1.089051310855778,0.7182395840723135,full
lo,0.2,160,0.3486383460717123,0.29495464535722893,0.6486105106824416,full
lo,0.3,160,0.27746744873429957,0.21277860988326408,0.5831986553169372,full
lo,0.0,161,0.31200265053374515,0.34755695911958734,0.7937253933193772,full
lo,0.1,161,0.7245258636878709,0.6625400461961419,0.7182395840723135,full
lo,0.2,161,0.591935536060093,0.4519947747129368,0.6486105106824416,full
lo,0.3,161,0.4481202718018497,0.31310349943776583,0.5831986553169372,full
lo,0.0,162,0.893719464660195,0.9006279137610826,0.7937253933193772,full
lo,0.1,162,0.24541526234938776,0.2175930821405465,0.7182395840723135,full
lo,0.2,162,1.0320583403466348,0.8413858419092571,0.6486105106824416,full
lo,0.3,162,-0.038783819586846194,-0.027801692813653023,0.5831986553169372,full
lo,0.0,163,1.3208018346353996,1.4583352929018365,0.7937253933193772,full
lo,0.1,163,0.8566898559246868,0.7600690735083248,0.7182395840723135,full
lo,0.2,163,0.6202154502589621,0.5275972214491813,0.6486105106824416,full
lo,0.3,163,0.7354755306078393,0.5731980400249603,0.5831986553169372,full
lo,0.0,164,0.16237619877166923,0.16306122682897375,0.7937253933193772,full
lo,0.1,164,1.0892563004793945,1.0085320758884777,0.7182395840723135,full
lo,0.2,164,1.2298826926606152,0.9864590743993009,0.6486105106824416,full
lo,0.3,164,0.12532113906287068,0.10479743569543677,0.5831986553169372,full
lo,0.0,165,0.38242080576018517,0.3982073713843455,0.7937253933193772,full
lo,0.1,165,1.1329828883422766,1.099100459337686,0.7182395840723135,full
lo,0.2,165,0.819784189362441,0.6931636212440828,0.6486105106824416,full
lo,0.3,165,0.7147030949372921,0.4947135705836447,0.5831986553169372,full
lo,0.0,166,1.2760319713524109,1.2876307551774602,0.7937253933193772,full
lo,0.1,166,0.6937560443494272,0.6428789136314293,0.7182395840723135,full
lo,0.2,166,0.9587487688552275,0.841917141846581,0.6486105106824416,full
lo,0.3,166,1.2541714187153616,0.8895959607250294,0.5831986553169372,full
lo,0.0,167,0.46529218235410985,0.4401106465438902,0.7937253933193772,full
lo,0.1,167,0.45930590848152564,0.41700739477059534,0.7182395840723135,full
lo,0.2,167,0.8766475756824028,0.6717390791339286,0.6486105106824416,full
lo,0.3,167,1.2785974387534627,0.9744371095772794,0.5831986553169372,full
lo,0.0,168,1.0590236065933707,1.1378852542307654,0.7937253933193772,full
lo,0.1,168,0.10260761025722698,0.0891312944663405,0.7182395840723135,full
lo,0.2,168,1.7669973063157425,1.6295714314017684,0.6486105106824416,full
lo,0.3,168,0.8394786210328696,0.640674121563753,0.5831986553169372,full
lo,0.0,169,0.8690505867376482,0.7914800556171925,0.7937253933193772,full
lo,0.1,169,0.38180702159875096,0.35176815249821736,0.7182395840723135,full
lo,0.2,169,0.8264715699566375,0.6504489994035133,0.6486105106824416,full
lo,0.3,169,0.6447734971617938,0.46932232736814894,0.5831986553169372,full
lo,0.0,170,0.869315261441136,0.9384513555307384,0.7937253933193772,full
lo,0.1,170,0.6071910253956936,0.5490133839696657,0.7182395840723135,full
lo,0.2,170,1.0805980338927283,0.8476430650621093,0.6486105106824416,full
lo,0.3,170,1.302777034538723,1.0207413060273947,0.5831986553169372,full
lo,0.0,171,0.9752069846530472,0.9207102988908419,0.7937253933193772,full
lo,0.1,171,0.6443650036232524,0.5784049828371133,0.7182395840723135,full
lo,0.2,171,0.9857256357335403,0.8234498719590769,0.6486105106824416,full
lo,0.3,171,1.5371544740876077,1.0722605595551287,0.5831986553169372,full
lo,0.0,172,1.6648444660780672,1.6624267157356953,0.7937253933193772,full
lo,0.1,172,0.3897550940018901,0.3475866626802042,0.7182395840723135,full
lo,0.2,172,0.9089407196765649,0.7478810781124218,0.6486105106824416,full
lo,0.3,172,1.1806089878854724,0.9831819438129452,0.5831986553169372,full
lo,0.0,173,1.2408973850957639,1.3216971166266052,0.7937253933193772,full
lo,0.1,173,1.2132424172106053,0.9648973362619521,0.7182395840723135,full
lo,0.2,173,0.38115796230065674,0.296580539183006,0.6486105106824416,full
lo,0.3,173,-0.2566303043160458,-0.1817825145543478,0.5831986553169372,full
lo,0.0,174,0.39930904004867823,0.3951940916549503,0.7937253933193772,full
lo,0.1,174,1.235790742592621,1.1950739281736227,0.7182395840723135,full
lo,0.2,174,0.5092982142356742,0.4248383852867093,0.6486105106824416,full
lo,0.3,174,0.8688621284350675,0.5936338056630975,0.5831986553169372,full
lo,0.0,175,0.8144534760124572,0.9166649153205313,0.7937253933193772,full
lo,0.1,175,1.000901549711895,0.8952101419286492,0.7182395840723135,full
lo,0.2,175,0.6040809551040566,0.5285942130731177,0.6486105106824416,full
lo,0.3,175,1.186168878800427,0.8174867734322392,0.5831986553169372,full
lo,0.0,176,0.5852779004408116,0.5279515138079448,0.7937253933193772,full
lo,0.1,176,1.040448794289091,0.9431595099199114,0.7182395840723135,full
lo,0.2,176,1.447537834827678,1.1629330553377117,0.6486105106824416,full
lo,0.3,176,0.7780367507983569,0.6509228449075408,0.5831986553169372,full
lo,0.0,177,0.9984939179157729,1.0358247958580353,0.7937253933193772,full
lo,0.1,177,0.9781860707623067,0.9214713771859361,0.7182395840723135,full
lo,0.2,177,1.1840348690355993,1.036420429144009,0.6486105106824416,full
lo,0.3,177,1.7006820307037867,1.2938196752486888,0.5831986553169372,full
lo,0.0,178,1.5229782953148776,1.726426097316219,0.7937253933193772,full
lo,0.1,178,0.8497544835179235,0.79196112065042,0.7182395840723135,full
lo,0.2,178,1.5595012819853173,1.2546156088074323,0.6486105106824416,full
lo,0.3,178,1.0015534407806028,0.7854981749665396,0.5831986553169372,full
lo,0.0,179,0.5629005894635636,0.5143907858719595,0.7937253933193772,full
lo,0.1,179,0.6740702289570932,0.7066092525172316,0.7182395840723135,full
lo,0.2,179,0.2959276260282996,0.23374732566745765,0.6486105106824416,full
lo,0.3,179,1.2240651372993,0.8408184571810619,0.5831986553169372,full
lo,0.0,180,1.194807484800641,1.2214127485824224,0.7937253933193772,full
lo,0.1,180,1.2163814274426263,1.1058282172644065,0.7182395840723135,full
lo,0.2,180,0.8018165831301588,0.6666863646797163,0.6486105106824416,full
lo,0.3,180,1.5826882439867322,1.2951413289649187,0.5831986553169372,full
lo,0.0,181,0.7923687875091129,0.7785982294405622,0.7937253933193772,full
lo,0.1,181,0.48079544272128316,0.3924216168139084,0.7182395840723135,full
lo,0.2,181,0.8940600686979495,0.7426722552729563,0.6486105106824416,full
lo,0.3,181,1.2021769077079996,0.8294702012666865,0.5831986553169372,full
lo,0.0,182,0.907572691489662,0.8359633168402415,0.7937253933193772,full
lo,0.1,182,0.41241742986516344,0.40353367015628433,0.7182395840723135,full
lo,0.2,182,0.6980290263422221,0.5245590013669076,0.6486105106824416,full
lo,0.3,182,1.2816978670176498,0.9334324411818891,0.5831986553169372,full
lo,0.0,183,0.8934848862585155,0.9488969458231673,0.7937253933193772,full
lo,0.1,183,0.5889664617511299,0.5439467866178319,0.7182395840723135,full
lo,0.2,183,0.9012978760055388,0.6908139375620168,0.6486105106824416,full
lo,0.3,183,-0.14606535750293706,-0.1011266505427771,0.5831986553169372,full
lo,0.0,184,0.9691126324816994,0.9133298355512476,0.7937253933193772,full
lo,0.1,184,0.4192014189307924,0.39972441341490866,0.7182395840723135,full
lo,0.2,184,0.22341785255943097,0.18022449060560045,0.6486105106824416,full
lo,0.3,184,1.1628914655241875,0.836483711703623,0.5831986553169372,full
lo,0.0,185,1.1312384601841168,1.092093068281021,0.7937253933193772,full
lo,0.1,185,0.9346815997107557,0.8490574142053386,0.7182395840723135,full
lo,0.2,185,1.0824715006196115,0.8873306941073512,0.6486105106824416,full
lo,0.3,185,0.9359938357679315,0.6823092163869643,0.5831986553169372,full
lo,0.0,186,0.434822239223977,0.4147291662297458,0.7937253933193772,full
lo,0.1,186,1.2023528525466696,1.0067717566094174,0.7182395840723135,full
lo,0.2,186,0.6168922386953042,0.5102104188500233,0.6486105106824416,full
lo,0.3,186,-0.2309114986646467,-0.1714948329540184,0.5831986553169372,full
lo,0.0,187,0.6854343169291013,0.7041394683748475,0.7937253933193772,full
lo,0.1,187,1.2544246024512797,1.2749194297792292,0.7182395840723135,full
lo,0.2,187,0.5809468463777632,0.4496385738094971,0.6486105106824416,full
lo,0.3,187,0.26668794301348625,0.19939252512458974,0.5831986553169372,full
lo,0.0,188,1.4636274535973042,1.4058192390157502,0.7937253933193772,full
lo,0.1,188,0.4884174043680129,0.4322169212326734,0.7182395840723135,full
lo,0.2,188,0.8366633374489223,0.6868298654134023,0.6486105106824416,full
lo,0.3,188,1.0229739125526671,0.896077932919214,0.5831986553169372,full
lo,0.0,189,1.0215915130077684,0.9849053931646226,0.7937253933193772,full
lo,0.1,189,0.8209533963829563,0.7833274000464837,0.7182395840723135,full
lo,0.2,189,0.5172622624784562,0.4055389644185767,0.6486105106824416,full
lo,0.3,189,1.6031822602355683,1.2510946006288735,0.5831986553169372,full
lo,0.0,190,0.4871234907733112,0.47011298866897794,0.7937253933193772,full
lo,0.1,190,1.161409526388891,1.093661231145942,0.7182395840723135,full
lo,0.2,190,-0.0817510032597759,-0.07562011650872698,0.6486105106824416,full
lo,0.3,190,-0.04744600196705082,-0.036051331406687356,0.5831986553169372,full
lo,0.0,191,1.0452409195540853,0.9994601379246086,0.7937253933193772,full
lo,0.1,191,0.4761486674200017,0.4016690711300032,0.7182395840723135,full
lo,0.2,191,0.7718888444901372,0.5908651727254097,0.6486105106824416,full
lo,0.3,191,1.1779678279030545,0.8632339051270917,0.5831986553169372,full
lo,0.0,192,1.081590651170678,1.0891787846557612,0.7937253933193772,full
lo,0.1,192,0.4057731116035228,0.34114947264998835,0.7182395840723135,full
lo,0.2,192,1.1364539668895262,1.0038562440911556,0.6486105106824416,full
lo,0.3,192,1.0786193473141843,0.7955985812034586,0.5831986553169372,full
lo,0.0,193,0.8207755551442952,0.7720281199988711,0.7937253933193772,full
lo,0.1,193,1.32953929554116,1.201848809137261,0.7182395840723135,full
lo,0.2,193,0.3988214401449685,0.3205330433410297,0.6486105106824416,full
lo,0.3,193,1.536508320498095,1.1161258738626838,0.5831986553169372,full
lo,0.0,194,0.5949202239636863,0.5991555291161849,0.7937253933193772,full
lo,0.1,194,0.8951468462215373,0.7987385296011676,0.7182395840723135,full
lo,0.2,194,1.1515728789649884,0.9947397693858471,0.6486105106824416,full
lo,0.3,194,0.8043780158473518,0.5435699188622297,0.5831986553169372,full
lo,0.0,195,0.24162034898114462,0.24143979673183413,0.7937253933193772,full
lo,0.1,195,1.040310807426264,0.9088372374671446,0.7182395840723135,full
lo,0.2,195,1.1676547888184174,0.9108467232246472,0.6486105106824416,full
lo,0.3,195,-0.12844769342561652,-0.09708245857052031,0.5831986553169372,full
lo,0.0,196,0.8945911221221143,0.8415164691710211,0.7937253933193772,full
lo,0.1,196,-0.017197214388784004,-0.01655455858529228,0.7182395840723135,full
lo,0.2,196,1.1226315041510013,0.9447108752935489,0.6486105106824416,full
lo,0.3,196,1.1851248850530516,0.8557056340011172,0.5831986553169372,full
lo,0.0,197,0.4702165636373182,0.46927840181744873,0.7937253933193772,full
lo,0.1,197,0.332365900588736,0.28956447188403905,0.7182395840723135,full
lo,0.2,197,0.624151819339694,0.5645728390820417,0.6486105106824416,full
lo,0.3,197,0.557982305854252,0.4289428507838479,0.5831986553169372,full
lo,0.0,198,0.33282922518803704,0.3047802035693944,0.7937253933193772,full
lo,0.1,198,0.22227609398581502,0.19087679583938671,0.7182395840723135,full
lo,0.2,198,0.8737630286146615,0.78573596681106,0.6486105106824416,full
lo,0.3,198,1.1177929589266031,0.7557107770336181,0.5831986553169372,full
lo,0.0,199,0.8394081261934998,0.8358880989173821,0.7937253933193772,full
lo,0.1,199,0.6941813018486743,0.665882381508107,0.7182395840723135,full
lo,0.2,199,0.3327576086206416,0.2604985715060296,0.6486105106824416,full
lo,0.3,199,0.8359669146775573,0.5761117560355751,0.5831986553169372,full
