kind,panel,bin_lo,bin_hi,count
null,gross,0.0,0.1,5
null,gross,0.1,0.2,6
null,gross,0.2,0.30000000000000004,31
null,gross,0.30000000000000004,0.4,38
null,gross,0.4,0.5,27
null,gross,0.5,0.6000000000000001,23
null,gross,0.6000000000000001,0.7000000000000001,42
null,gross,0.7000000000000001,0.8,17
null,gross,0.8,0.9,9
null,gross,0.9,1.0,2
null,net,0.0,0.1,49
null,net,0.1,0.2,58
null,net,0.2,0.30000000000000004,38
null,net,0.30000000000000004,0.4,36
null,net,0.4,0.5,11
null,net,0.5,0.6000000000000001,6
null,net,0.6000000000000001,0.7000000000000001,2
null,net,0.7000000000000001,0.8,0
null,net,0.8,0.9,0
null,net,0.9,1.0,0
planted,gross,0.0,0.1,63
planted,gross,0.1,0.2,57
planted,gross,0.2,0.30000000000000004,31
planted,gross,0.30000000000000004,0.4,20
planted,gross,0.4,0.5,12
planted,gross,0.5,0.6000000000000001,10
planted,gross,0.6000000000000001,0.7000000000000001,3
planted,gross,0.7000000000000001,0.8,3
planted,gross,0.8,0.9,1
planted,gross,0.9,1.0,0
planted,net,0.0,0.1,63
planted,net,0.1,0.2,65
planted,net,0.2,0.30000000000000004,37
planted,net,0.30000000000000004,0.4,19
planted,net,0.4,0.5,8
planted,net,0.5,0.6000000000000001,8
planted,net,0.6000000000000001,0.7000000000000001,0
planted,net,0.7000000000000001,0.8,0
planted,net,0.8,0.9,0
planted,net,0.9,1.0,0
