trial,feature,params,params_text,rule,q,weighting,rebalance
t000,momentum,483646540b74,lookback=10;skip=5,0,0.2,equal,1
t001,momentum,483646540b74,lookback=10;skip=5,0,0.2,equal,5
t002,momentum,483646540b74,lookback=10;skip=5,0,0.2,equal,21
t003,momentum,483646540b74,lookback=10;skip=5,1,0.3,signal,1
t004,momentum,483646540b74,lookback=10;skip=5,1,0.3,signal,5
t005,momentum,483646540b74,lookback=10;skip=5,1,0.3,signal,21
t006,momentum,852dc8527e93,lookback=21;skip=5,0,0.2,equal,1
t007,momentum,852dc8527e93,lookback=21;skip=5,0,0.2,equal,5
t008,momentum,852dc8527e93,lookback=21;skip=5,0,0.2,equal,21
t009,momentum,852dc8527e93,lookback=21;skip=5,1,0.3,signal,1
t010,momentum,852dc8527e93,lookback=21;skip=5,1,0.3,signal,5
t011,momentum,852dc8527e93,lookback=21;skip=5,1,0.3,signal,21
t012,momentum,df584590a6bc,lookback=42;skip=5,0,0.2,equal,1
t013,momentum,df584590a6bc,lookback=42;skip=5,0,0.2,equal,5
t014,momentum,df584590a6bc,lookback=42;skip=5,0,0.2,equal,21
t015,momentum,df584590a6bc,lookback=42;skip=5,1,0.3,signal,1
t016,momentum,df584590a6bc,lookback=42;skip=5,1,0.3,signal,5
t017,momentum,df584590a6bc,lookback=42;skip=5,1,0.3,signal,21
t018,momentum,c46f3d5b787c,lookback=63;skip=5,0,0.2,equal,1
t019,momentum,c46f3d5b787c,lookback=63;skip=5,0,0.2,equal,5
t020,momentum,c46f3d5b787c,lookback=63;skip=5,0,0.2,equal,21
t021,momentum,c46f3d5b787c,lookback=63;skip=5,1,0.3,signal,1
t022,momentum,c46f3d5b787c,lookback=63;skip=5,1,0.3,signal,5
t023,momentum,c46f3d5b787c,lookback=63;skip=5,1,0.3,signal,21
t024,momentum,8e83a38d9010,lookback=126;skip=5,0,0.2,equal,1
t025,momentum,8e83a38d9010,lookback=126;skip=5,0,0.2,equal,5
t026,momentum,8e83a38d9010,lookback=126;skip=5,0,0.2,equal,21
t027,momentum,8e83a38d9010,lookback=126;skip=5,1,0.3,signal,1
t028,momentum,8e83a38d9010,lookback=126;skip=5,1,0.3,signal,5
t029,momentum,8e83a38d9010,lookback=126;skip=5,1,0.3,signal,21
t030,momentum,f704bdec8075,lookback=252;skip=5,0,0.2,equal,1
t031,momentum,f704bdec8075,lookback=252;skip=5,0,0.2,equal,5
t032,momentum,f704bdec8075,lookback=252;skip=5,0,0.2,equal,21
t033,momentum,f704bdec8075,lookback=252;skip=5,1,0.3,signal,1
t034,momentum,f704bdec8075,lookback=252;skip=5,1,0.3,signal,5
t035,momentum,f704bdec8075,lookback=252;skip=5,1,0.3,signal,21
t036,reversal,bd973945f348,lookback=1,0,0.2,equal,1
t037,reversal,bd973945f348,lookback=1,0,0.2,equal,5
t038,reversal,bd973945f348,lookback=1,0,0.2,equal,21
t039,reversal,bd973945f348,lookback=1,1,0.3,signal,1
t040,reversal,bd973945f348,lookback=1,1,0.3,signal,5
t041,reversal,bd973945f348,lookback=1,1,0.3,signal,21
t042,reversal,ac34becb816d,lookback=3,0,0.2,equal,1
t043,reversal,ac34becb816d,lookback=3,0,0.2,equal,5
t044,reversal,ac34becb816d,lookback=3,0,0.2,equal,21
t045,reversal,ac34becb816d,lookback=3,1,0.3,signal,1
t046,reversal,ac34becb816d,lookback=3,1,0.3,signal,5
t047,reversal,ac34becb816d,lookback=3,1,0.3,signal,21
t048,reversal,7a68a22c1481,lookback=5,0,0.2,equal,1
t049,reversal,7a68a22c1481,lookback=5,0,0.2,equal,5
t050,reversal,7a68a22c1481,lookback=5,0,0.2,equal,21
t051,reversal,7a68a22c1481,lookback=5,1,0.3,signal,1
t052,reversal,7a68a22c1481,lookback=5,1,0.3,signal,5
t053,reversal,7a68a22c1481,lookback=5,1,0.3,signal,21
t054,reversal,f5b317c49b3d,lookback=10,0,0.2,equal,1
t055,reversal,f5b317c49b3d,lookback=10,0,0.2,equal,5
t056,reversal,f5b317c49b3d,lookback=10,0,0.2,equal,21
t057,reversal,f5b317c49b3d,lookback=10,1,0.3,signal,1
t058,reversal,f5b317c49b3d,lookback=10,1,0.3,signal,5
t059,reversal,f5b317c49b3d,lookback=10,1,0.3,signal,21
t060,reversal,5d83d0621ea8,lookback=21,0,0.2,equal,1
t061,reversal,5d83d0621ea8,lookback=21,0,0.2,equal,5
t062,reversal,5d83d0621ea8,lookback=21,0,0.2,equal,21
t063,reversal,5d83d0621ea8,lookback=21,1,0.3,signal,1
t064,reversal,5d83d0621ea8,lookback=21,1,0.3,signal,5
t065,reversal,5d83d0621ea8,lookback=21,1,0.3,signal,21
t066,low_vol,5d83d0621ea8,lookback=21,0,0.2,equal,1
t067,low_vol,5d83d0621ea8,lookback=21,0,0.2,equal,5
t068,low_vol,5d83d0621ea8,lookback=21,0,0.2,equal,21
t069,low_vol,5d83d0621ea8,lookback=21,1,0.3,signal,1
t070,low_vol,5d83d0621ea8,lookback=21,1,0.3,signal,5
t071,low_vol,5d83d0621ea8,lookback=21,1,0.3,signal,21
t072,low_vol,7ceed8709581,lookback=63,0,0.2,equal,1
t073,low_vol,7ceed8709581,lookback=63,0,0.2,equal,5
t074,low_vol,7ceed8709581,lookback=63,0,0.2,equal,21
t075,low_vol,7ceed8709581,lookback=63,1,0.3,signal,1
t076,low_vol,7ceed8709581,lookback=63,1,0.3,signal,5
t077,low_vol,7ceed8709581,lookback=63,1,0.3,signal,21
t078,low_vol,6ba7db2247ab,lookback=126,0,0.2,equal,1
t079,low_vol,6ba7db2247ab,lookback=126,0,0.2,equal,5
t080,low_vol,6ba7db2247ab,lookback=126,0,0.2,equal,21
t081,low_vol,6ba7db2247ab,lookback=126,1,0.3,signal,1
t082,low_vol,6ba7db2247ab,lookback=126,1,0.3,signal,5
t083,low_vol,6ba7db2247ab,lookback=126,1,0.3,signal,21
t084,signal_x_ewma,c3229945b45b,halflife=1,0,0.2,equal,1
t085,signal_x_ewma,c3229945b45b,halflife=1,0,0.2,equal,5
t086,signal_x_ewma,c3229945b45b,halflife=1,0,0.2,equal,21
t087,signal_x_ewma,c3229945b45b,halflife=1,1,0.3,signal,1
t088,signal_x_ewma,c3229945b45b,halflife=1,1,0.3,signal,5
t089,signal_x_ewma,c3229945b45b,halflife=1,1,0.3,signal,21
t090,signal_x_ewma,86c04385e333,halflife=3,0,0.2,equal,1
t091,signal_x_ewma,86c04385e333,halflife=3,0,0.2,equal,5
t092,signal_x_ewma,86c04385e333,halflife=3,0,0.2,equal,21
t093,signal_x_ewma,86c04385e333,halflife=3,1,0.3,signal,1
t094,signal_x_ewma,86c04385e333,halflife=3,1,0.3,signal,5
t095,signal_x_ewma,86c04385e333,halflife=3,1,0.3,signal,21
t096,signal_x_ewma,64336d6af29b,halflife=10,0,0.2,equal,1
t097,signal_x_ewma,64336d6af29b,halflife=10,0,0.2,equal,5
t098,signal_x_ewma,64336d6af29b,halflife=10,0,0.2,equal,21
t099,signal_x_ewma,64336d6af29b,halflife=10,1,0.3,signal,1
t100,signal_x_ewma,64336d6af29b,halflife=10,1,0.3,signal,5
t101,signal_x_ewma,64336d6af29b,halflife=10,1,0.3,signal,21
t102,signal_x_ewma,8106a430a88e,halflife=30,0,0.2,equal,1
t103,signal_x_ewma,8106a430a88e,halflife=30,0,0.2,equal,5
t104,signal_x_ewma,8106a430a88e,halflife=30,0,0.2,equal,21
t105,signal_x_ewma,8106a430a88e,halflife=30,1,0.3,signal,1
t106,signal_x_ewma,8106a430a88e,halflife=30,1,0.3,signal,5
t107,signal_x_ewma,8106a430a88e,halflife=30,1,0.3,signal,21
