study_id,trial_id,config_hash,sr_bar,t_bars,skew,kurt
e3_null_1000_gross,t000,1385957565e20e8673784e034c321e921815b73ea6d38abaa9f91f8fe3ace607,0.000818552516391774,1000,0.04549759288474085,4.757634365381436
e3_null_1000_gross,t001,1daa532677ce711c3b3644333ceb2b8e0bea4f27a802c16679f9dc9d72925c8b,0.0056316073273598895,1000,0.285741600500466,5.176025218122754
e3_null_1000_gross,t002,a56d73dfe4f31d999acab6adb302526732cc7746c86e5cda2a097b7d2b032d35,-0.0012040131739011967,1000,-0.16226014109795878,8.945715498985757
e3_null_1000_gross,t003,2e1763bd67cbb5f9d4df964f82a0f732323ab80f2bb43bb19a084840a84af928,0.00033291474969827787,1000,-0.2436057484064298,6.281453706063526
e3_null_1000_gross,t004,b124a763122c0226e5d0d17b67457e0897bf5d0382b4bf200426740f57eb6f99,0.007120444225857039,1000,0.0010455211931812672,6.575468162268076
e3_null_1000_gross,t005,310faaaf9ace623264ddc50d648d372f97841bb5e0825b8b90e3bf1e93b8c928,0.012387440360428279,1000,-0.39979888629357024,7.816076751429268
e3_null_1000_gross,t006,447dbc3405c8e6498dcc28e051cfadacdf4e76b21b8c39708618770c1d1566ab,0.015179674337529423,1000,-0.15715775902835924,4.9373793167911115
e3_null_1000_gross,t007,ec9688ea5631b518d03fb51a55c2af97029401153e03b7176e6e2d844a8e037a,-0.01645141471710426,1000,-0.27793850182520063,5.065427732188085
e3_null_1000_gross,t008,68b544ddcdb2cd7ef36523f92971f8a58f900649af8a28629eea9c6b94237079,0.034084604909496274,1000,-0.16209968522340054,6.4702280757736
e3_null_1000_gross,t009,e86208176988a7f1f9f2c66b17cb2c751d88643e8c41fc35f172ac307e841cdb,-0.017511208906151068,1000,-0.3147188156966803,6.077257198947532
e3_null_1000_gross,t010,547f157fc945ff2e3dd781eebf5ccbbd1f7afc58e789d8a3b82b7215958785cd,-0.014949758056729589,1000,-0.1220067410416873,4.732982618134276
e3_null_1000_gross,t011,9f64ae1a453b62f65580bd68ae31cc6102aae82200ce4c97075456b0650b2d71,0.04474117128492176,1000,-0.252128201391837,7.738611650621439
e3_null_1000_gross,t012,0cc783c02289beeacfe39bdfeae8ca1a4bc86c57d6cbedc1fa39b1d8a53d76f9,-0.04706337834752542,1000,-0.04921852698921954,4.04635078968104
e3_null_1000_gross,t013,a7ed6dcd0912c4ee56d986233123049f7c17a9a14a0f19ae39cebceb0a5d1309,-0.014497000846538257,1000,-0.2813385694417979,5.660184394844453
e3_null_1000_gross,t014,62845b1df651462fb8a44949507fadf985913df57e7e7b4c28713940ce205876,-0.008605905797749327,1000,0.15194123956527594,5.488256440249416
e3_null_1000_gross,t015,a0deed6987487c109f8b7ccd5ad55c7decd1c7d30bbb0c243ac73f46417d05f5,-0.01567138820215146,1000,0.030803056926052282,4.499502869834537
e3_null_1000_gross,t016,3898520c30a6b101187dab1dc8cf885c61218b3fff6cf23cd14a785954aa9bb5,-0.0026552373630186494,1000,-0.02413092252429409,5.034643260046071
e3_null_1000_gross,t017,3515a0b52990546a843ac26343379468067d091813f051bc826eeb63d15fb555,-0.0040862444907875575,1000,-0.08706048537679052,5.9547317658776695
e3_null_1000_gross,t018,e3a799738417cc5071078c0943733c5c11930de1dd7bfc671c20450e6136d022,-0.021302491509559443,1000,-0.12222446185391934,5.205951920466979
e3_null_1000_gross,t019,89e4ab328479d6b119d88c70bb2d5c7fdab2347b59665ac32ac05ab1ba6e4ee5,-0.03936013170431432,1000,-0.23192809092758854,6.00423408660014
e3_null_1000_gross,t020,29598b38c3788cd26f84a55265c153aff2f17de397ff256fa8e4de929f00ec3d,-0.0064362684383070705,1000,-0.11289720999331015,7.887541060899473
e3_null_1000_gross,t021,6c8989bcefcd7510c6ecda2e1c8d5ae8b59287cb6984afa588aae215a5f639c6,-0.030430107052419508,1000,0.07643901800358814,5.506273016309285
e3_null_1000_gross,t022,29f270251e5773b9a05e91d5e122238b26700a52cdf94150af83311bd1c7c16e,-0.02601696478409881,1000,0.15750475743412182,5.823517930102857
e3_null_1000_gross,t023,4f4f50ecc4992e5bb420f6fb03d7d1e1a6dc7b4f707b8e34e2b2f0333c152658,-0.0007168498427179173,1000,0.3736203689108105,6.9054786797888195
e3_null_1000_gross,t024,7d0f3fd55c24f21763b18b12a5dca49e91c974f45ddc93bd0b4832e0637f934e,0.006448782334287793,1000,-0.08445929281002251,5.514558698424631
e3_null_1000_gross,t025,dc46638efe53a359f02e3837c1677cc681a55bf0dd8d09f1a284004f1fc7a779,0.018563206339072495,1000,-0.05523674118858914,5.6555658293285385
e3_null_1000_gross,t026,fc9e448da88fac23e2ab56cc484dcc745a99cee75e78931fa98cf46fc7433e98,-0.002546460377661088,1000,0.052776937030323025,5.084960778365517
e3_null_1000_gross,t027,d8f687aaeface5babba85274aba475807f5c2136194fce0da289d1e97e3a992d,-0.0026852131776340534,1000,0.14402986104904886,7.52305633046144
e3_null_1000_gross,t028,8d701d2f50493f500d83ff2ab81620561c81fb58cf8ceb5bab79362d22b24007,0.000735281105684538,1000,0.10937221157015675,8.219974058319847
e3_null_1000_gross,t029,6922116e60a67c03c838d57fd7e71c5ea922c2c614048ee14a36b954b083c6aa,0.014194435398221373,1000,0.46262009449947494,6.845364112141696
e3_null_1000_gross,t030,1b20e1e089d5f6abcb96e630bc24f49d208d275bf2d7fb051e54b2f6e421dcf4,-0.02509214843364954,1000,0.24121895286484343,6.255231083580732
e3_null_1000_gross,t031,42c5507b88781516654b0e482ec8bb18bb4735e47d6663a3ba1d421b49d44e83,-0.025205560050903887,1000,0.12656098158721174,6.459370293089021
e3_null_1000_gross,t032,586f41a91fa9f05cc96812c3b34ae5f0d1323b4d042879c17387b145031100ab,-0.0221899103172658,1000,0.20075030060541957,5.33478500975463
e3_null_1000_gross,t033,826e56b8f725089793df5e00b3e8b8a644c601e75d8e0bb529084f0544ad2f90,-0.02130791330206742,1000,0.09600583963013722,7.144913713393906
e3_null_1000_gross,t034,9707c1be8d2db97b285ab9ec647238e3ee5192059a523df8d0e1bc154d0dcc32,-0.02335925417552117,1000,0.17102284679470614,7.851957652254336
e3_null_1000_gross,t035,4c73bc02e15ef3766371b36d1ee61b18eb7ce6c1851374b4f35932a67c5901df,-0.018558913985812532,1000,0.45043331858652375,7.757654265437509
e3_null_1000_gross,t036,ed6886759776c7d3fd7273330b48e41afd608442f9fb0d7454790b9ddb34e5b1,0.020204228651880225,1000,0.02177979679945035,4.388427217698526
e3_null_1000_gross,t037,0c8d1cf64e221d6fee945107c47c44c940281a21e6571478aa879709845951b2,-0.017347203697319544,1000,-0.31594882239541333,5.048715899117054
e3_null_1000_gross,t038,f811fd4dcbc7cadee80e45aa534a5f2607a53062509c3d55d80253d1a05acabc,-0.0037556372225201703,1000,0.07695251648412031,6.072721905399208
e3_null_1000_gross,t039,59d097c5e6ff2c1767c6246ce80dc0b72bfe67e7efdff4f5b0efc920fdfdcd6c,0.04697319362230795,1000,-0.2758456827659109,6.352328549607011
e3_null_1000_gross,t040,b7b6d92d4a0ee9457164fb532288a668824b6452f32eda8e341b77abbe61d31b,0.0010846623885082233,1000,-0.3445929891750693,5.4571998798011725
e3_null_1000_gross,t041,1716dff2b41a56e8383dc586b33d47b8941c1b104fc2974a364033f3a1831b5e,-0.00604042371810648,1000,-0.46028734668488464,9.17778839124914
e3_null_1000_gross,t042,048a681d97b85409497fe23a473a462ea00b449970157d8e468daccc538bfb9c,0.005692706017292881,1000,0.12302404879548123,4.308548582725427
e3_null_1000_gross,t043,639808101418f06c5308cabecfccc566c05f0fdc6bc7ec3706cc92495d584c68,0.009210670989055059,1000,-0.2629873636500315,5.619216747238773
e3_null_1000_gross,t044,fcdf256d1fc9f511bcdd0e4fb4efcf843aaeb66826838bfd4c76017a8a66a718,0.0014957501713078203,1000,0.17695673418417834,5.236826880565114
e3_null_1000_gross,t045,461fb3db51e56948bcc7e35e740d141d20d54388be8c36de27e84513fa2c260d,0.035379105223913736,1000,0.23891736636304847,4.869885459183486
e3_null_1000_gross,t046,780d9b1d83c5f749593968c082b79200123d14f7872a0d09b7d7b11966584f23,0.004044627094003969,1000,-0.22015478565720448,6.8743597361464115
e3_null_1000_gross,t047,04fbb3df63bb15c36a8ae6154aa919c1f41680ed4c0eae40e2c20e26dd799f86,-0.001037863393763891,1000,-0.33161974234316755,9.080294945007642
e3_null_1000_gross,t048,019ad2ce82ca8840643be78d5a8acf165981a1878fb2511d44297f519e63c6c6,0.035642799677127704,1000,-0.22500791320947436,5.1120644724904025
e3_null_1000_gross,t049,c70946a5ed5c74a6bbb52b33f439848ac5c968c044b29877f26fe76249549208,0.0020452963665845672,1000,-0.017266585597380237,5.4616192741720555
e3_null_1000_gross,t050,e6b69f9064c6a8eeadde44aa4a40b4917b1ecc896d9dbed5b0b7d7dc32fe6e01,0.013315901529746736,1000,0.014831443335986499,5.5442319024780575
e3_null_1000_gross,t051,0eb42ce6e1c4083ac0480dee9e79847ec7d7d8f1f9a87f83b33367b38b69e0a5,0.018542141385982404,1000,-0.2601430770875599,5.855342744742988
e3_null_1000_gross,t052,7490c56e833a6ff02f596765368b28866de930468a74898995d4d5d78fa7f28f,-0.02015030295261037,1000,0.20775507313521643,7.58746399153936
e3_null_1000_gross,t053,74e190cd3f50190d32a2d50d36ce6613de6c07da22664fa37e3487a2cbac8181,0.022911950596647634,1000,0.2342275116532224,6.5863857230623815
e3_null_1000_gross,t054,2250644f39513aee377de51d2387f83d417ba66c4d00f654055152d67f676618,-0.0003700921867436839,1000,-0.04723018086624151,6.094996624957386
e3_null_1000_gross,t055,d949518f19e7381316bb4162e8478e46a5b452eee3ec9c106a24703ef02efe0f,-0.018373868179391233,1000,-0.10596901023239651,4.624486277645609
e3_null_1000_gross,t056,7cd6cfa7d070d1d54822e2b3107987a366acbcded056a41a8579e7853e563975,0.010116331365979118,1000,0.17587592721094142,5.83598798859288
e3_null_1000_gross,t057,347f69f853674dcea1f4652da45e216f4213c9dc1e4ba193761abc25d83b3f34,-0.0003755873532053718,1000,-0.04642480674554128,5.665489832226566
e3_null_1000_gross,t058,b55471395ffdb789cdccebb1c1375881ecd45287e319c5bd38a8d05ffea692e0,-0.02877734871174654,1000,-0.02389793780127984,5.027796506979881
e3_null_1000_gross,t059,24c722142e624e0d2edd5b53fac27263df9ad3303d2e4040a281c37b4e9f797a,-0.0008586154786626508,1000,0.3557950778243409,6.164102939025799
e3_null_1000_gross,t060,fdf68e5310054cec522b968e46739a8ab68edd73869debe0f3929929637d7547,0.00778033523525194,1000,0.10729145332731518,5.328100590242699
e3_null_1000_gross,t061,cb3656e4a0157ce3a2bce245ad0b95fec358b48301d5a823257c02a58caad2c7,-0.0037998396599266096,1000,-0.0015694624857278043,5.481354601520131
e3_null_1000_gross,t062,fda42ff431d73d3f6198bf82a9ef5c2bf88668a7910ea7f5f2c08120c5a86628,-0.015251219540212909,1000,0.2709239920562614,5.178566925152603
e3_null_1000_gross,t063,c653646ac2fe3866aaa7c1e6c5ee4fafd1c9132e147b5a486127529a3e686338,0.01708691452430713,1000,0.023848065665104563,6.034269034974834
e3_null_1000_gross,t064,cd17c6c5fc87a2cbae1ccd0b4bc9a46ac370cb3ed69590accf2b524fa84ba078,-0.0031467781739866144,1000,0.12602490732173935,5.487151085752913
e3_null_1000_gross,t065,c6b9ca47e8780bac6cb53eb6c8e714427a349b74b1abe7cf02e914a4b213af58,-0.017845777976079558,1000,0.4603580476763882,6.655429632024774
e3_null_1000_gross,t066,a2e4dbac2f9b8891c5fc9087067911577cadacdc12ea4a9f947a4ada7e3344ee,-0.010556170722553751,1000,-0.05630304783871732,4.368016352253279
e3_null_1000_gross,t067,f7df3f24fc51f368abe331135f148ff4562c46559ca16040e473f26effc49b55,0.0026932657775388517,1000,0.008492679304433585,5.27848928086578
e3_null_1000_gross,t068,1f5571711824eefb9e0356c44637991af9cb4526fc4009dae1e1263b1867c4df,0.016971216828350226,1000,0.2912813456884498,5.552974555300774
e3_null_1000_gross,t069,c4906bf3be5fc412c13e72e6b66d8cd97fc88269b0d00558cb06f8413136999e,-0.010967881708557906,1000,0.1870915848140756,4.907951940146039
e3_null_1000_gross,t070,3b241b71164d07614b2c00b5ccb34f1bd426abd58185fd24d5bba5374dd8a17c,-0.014392030495591459,1000,0.1203281787992848,5.129208384230076
e3_null_1000_gross,t071,2c023de4c761da3546542c833951dd42aa7da3be03fc424dc15986ab1a0d3b1c,0.012763231720211292,1000,0.10651243711071416,5.495271872638484
e3_null_1000_gross,t072,47866a9b03b04c3c7c14ea2ebed7c45464bb9e6dc6fb015f26043bb7eff47f5c,-0.0017406981833646405,1000,0.029580452002251286,4.796723629431476
e3_null_1000_gross,t073,5fcd7bc31b722b2acebab4bb628fcb13173b8bb65e83ff6f3d48fa253c0fef08,0.011698200660920772,1000,0.10546296829904363,5.065826247706878
e3_null_1000_gross,t074,b62fbd268318a3ae945c5f8687ca7660aa9c1f45adcc4306ddbb3d83d87c84b8,-0.003993073152262358,1000,0.1306425205044017,4.449101885268314
e3_null_1000_gross,t075,cd3b230ce929b7becfb72990e721b794ecf1d99b23001ca2654ce26bf355a55f,0.0019276392289096888,1000,0.13072117643129913,4.837215153430604
e3_null_1000_gross,t076,46807407f68cb4aeb20aee958720288faed7b3629cd18fc69b8aeecfad0df8e4,0.0051927002720995544,1000,0.08357872926027804,5.115274355542062
e3_null_1000_gross,t077,b35b9ca5db21ed2761091d6f232e50fd19ecedfee755762bd48ad1028b6cee5e,0.008770481248766747,1000,0.0013557775195441664,5.106381199117565
e3_null_1000_gross,t078,f70ef1afe194b5baeceac14093c6ac2cbca7139e465df8dcfbee48435589dd67,0.023965950960150622,1000,0.2908540251525798,5.298004984603949
e3_null_1000_gross,t079,43ae368e48553a4f1f5d6c9838f1dbed69b43a852ab4bc62c8ac50189b44827e,0.03401958411075422,1000,0.22162122477210164,5.316947690846213
e3_null_1000_gross,t080,ceaf2d8bcd7bf79ec1bb8e84a7e1c326602eece6339abab81a03d638bf809c6d,0.041143636164660026,1000,0.1406372982885483,5.059271995229524
e3_null_1000_gross,t081,a2d3e57b8a5fd3983b189b6c31c90b336eddbb1c1ddfbb6a8fb0eb263f117fde,0.016007827428326033,1000,0.2961361823054341,4.904574806527221
e3_null_1000_gross,t082,0d684da7bd22092b59585b7f2803a8d1a000c8d2a55bfa87a2c1b77021ab475f,0.016392813746737192,1000,0.25680324137731275,4.9298383746293215
e3_null_1000_gross,t083,b75d5f86cf12cc67150d4c9332e80ed18c372dbc3193066aff362ff20bad73ed,0.028272301521225895,1000,0.1663174160462283,4.503707548331982
e3_null_1000_gross,t084,0142ced54a6a58b598fd27686e327e44e22b427f384fa1f7d40700eae8b88e33,0.0478158802157748,1000,-0.04319057587013527,4.896583348995217
e3_null_1000_gross,t085,1e1fd0d30882df2745ecb88efd06332d4ec8add53bf65832099eec9b37662fda,0.057582955477937785,1000,0.0982044965685419,4.3079738003317
e3_null_1000_gross,t086,2beab98e85cd5a51eba64b5bebf6a73db5015877039ff75e3eabad1183ef2b1e,0.009868648129190144,1000,0.04740635922167498,4.300025723211609
e3_null_1000_gross,t087,af49d99734ca3b8c5ecf7e97da858166731688a6d0d26435ffec55c68025896d,0.04603116106003474,1000,-0.019597361447314502,5.075753516867595
e3_null_1000_gross,t088,21797cbe11ff8a322dbf8c9953fc8261cb535419d4d294fec9a44361fda7f370,0.048583028572437306,1000,0.01724977274651,5.033324884803917
e3_null_1000_gross,t089,e85b0d04dbe50a61dccc8ed7960b9d0651dd55ea2d7b5f03a1926b027266a8f7,0.006074916340066087,1000,-0.07729137543931336,4.362571206384636
e3_null_1000_gross,t090,2e8785f7ce092b53b81e359468bd2c441309e91468ec7ac39fa7308e2bf5c3fc,0.04576213468640618,1000,0.013814135296108572,5.39873135710691
e3_null_1000_gross,t091,ea90e7cfba8dc4ef696b3b13b64b585fe4e073bc3c3d37fd2d3e45558dc791de,0.013760214890942805,1000,0.011258913477903256,4.950317355594067
e3_null_1000_gross,t092,f7db51de7c49bb93d5183d99222bce6e20644b97e5ff714586a5ccfb1b617cc5,0.010198722016923265,1000,-0.1751859077041174,5.0190327837270186
e3_null_1000_gross,t093,fb361df8c3c9f9364e92e3837375a6c57b3a451a466620e7b3beefbedf9f9f5e,0.04449399389708166,1000,-0.0278770247477227,5.232615737349385
e3_null_1000_gross,t094,5078168acebb8ca5d1654562b9952ffbf695bb286de2913c66305e664831541c,0.022890229271234915,1000,-0.014836495660885275,5.422493722824655
e3_null_1000_gross,t095,c0da1429b2a734d74fe23495beccaaee4b855675234c3d3e0ede51f9493848ba,-0.011551479271561717,1000,-0.1840867753579968,4.584696062723624
e3_null_1000_gross,t096,7da0da27b9c6ec824e6d1d9d42969686fe8c235daadbd5af3cfa0884e70d2587,0.018696759479179485,1000,0.0804699026069218,4.808971882202456
e3_null_1000_gross,t097,ae4935897890d64cee762782d9e8a33f8343ce10f6682a82d04b9f0c78186526,0.028987895291481245,1000,-0.06447904323278118,4.542173369821089
e3_null_1000_gross,t098,a04b5d772997155b1eb8008714acd9b27a3391952028f2168e5f5511e9d82654,-0.0014595812018613377,1000,-0.16221416562811594,5.833718777081941
e3_null_1000_gross,t099,76c2073cbce1a6b21da32a144bf92c220709a555560ff0eeeec3038fb2eca4e3,0.012556928970680056,1000,-0.0663722302464288,5.45681138569033
e3_null_1000_gross,t100,aa4368056cc73da754d65c34d7369da712035f35d8bf487caf8916c923999490,0.014435251639132703,1000,-0.12039982029509863,5.6875345396944486
e3_null_1000_gross,t101,c8baebea7b5a80c2d3dc3669948d4a93b146af61dac05ac405d5bcd52899db26,-0.02355054594375452,1000,0.007859334291418265,5.11867467630667
e3_null_1000_gross,t102,83ffd2d73298ed832ad7d3c443576722dd5938eab10132efab83de4fe37aca66,0.030502366524913373,1000,-0.030234747017287122,5.770369647824468
e3_null_1000_gross,t103,8f002fcb000dc0683e96ce3f7cc72bae44fd9d2992028abb8232913c842ca229,0.02692167245733488,1000,0.0648102624111123,6.422082104219745
e3_null_1000_gross,t104,31ad0a739c4e5bd58b0910a557abacec0495ffde99fe5987dad229db51356aaf,0.0005080845872248526,1000,-0.057014502818366786,4.774389500436274
e3_null_1000_gross,t105,1090368a6334a6b268af61495fd9619233b96ded05dcfeb9bb9f826c404221e3,0.0009796042539925106,1000,-0.005574293356712074,5.970221133120011
e3_null_1000_gross,t106,bb0c3435158d190e79ed025501cfd509f1cf3d140d69242bf64884d446666c91,0.0019988078295035375,1000,0.028588055309215335,5.37322196520948
e3_null_1000_gross,t107,4fb014640c043db1e4bde8c8c219b7d7208c2c4220095ae5d281a3c8974a8c60,-0.011014504638779416,1000,0.1022218953849322,6.188324504556944
