rebalance,cost_mult,net_sharpe_mean,net_sharpe_ci95,seeds,gross_sharpe_mean,gross_sharpe_ci95,turnover_per_bar_mean,turnover_per_bar_ci95,cost_drag_annual_mean,cost_drag_annual_ci95,break_even_multiple
1,0.0,1.7574296765230382,0.16661934971940878,20,1.7571317923512546,0.16647079585988853,0.35084888215176063,0.0014600739309098768,6.8127860143820395e-06,0.00017184669074410514,0.6555479969643574
1,0.5,0.415327195045695,0.21368012679696152,20,1.7571317923512546,0.16647079585988853,0.35084888215176063,0.0014600739309098768,0.09993200285828846,0.010251519007404515,0.6555479969643574
1,1.0,-0.9197179458469383,0.3028398040843485,20,1.7571317923512546,0.16647079585988853,0.35084888215176063,0.0014600739309098768,0.1999078927278161,0.020510344513694784,0.6555479969643574
1,2.0,-3.61916354098267,0.5138398895348024,20,1.7571317923512546,0.16647079585988853,0.35084888215176063,0.0014600739309098753,0.40728768586593106,0.04283216562233439,0.6555479969643574
1,4.0,-9.183220796706307,0.8000808239870002,20,1.7571317923512546,0.16647079585988853,0.35084888215176063,0.0014600739309098753,0.8815028588992702,0.09184905286745762,0.6555479969643574
5,0.0,1.4239497541355843,0.18594299167981174,20,1.4236201067524437,0.1861747066510756,0.16914700461081497,0.0006419199485835705,-3.6922745219625153e-06,0.00015611144459817794,1.0696375448753566
5,0.5,0.7528210567300763,0.1970403562114477,20,1.4236201067524437,0.1861747066510756,0.16914700461081497,0.0006419199485835684,0.04966949224472137,0.0050630833290784905,1.0696375448753566
5,1.0,0.08727374179429057,0.22231634004446169,20,1.4236201067524437,0.1861747066510756,0.16914700461081497,0.0006419199485835704,0.0993426767639645,0.010105192666349093,1.0696375448753566
5,2.0,-1.1659832756738118,0.28093802947637975,20,1.4236201067524437,0.1861747066510756,0.16914700461081497,0.0006419199485835696,0.1989768200162581,0.020322854789214223,1.0696375448753566
5,4.0,-3.319808318553273,0.35206793732942465,20,1.4236201067524437,0.1861747066510756,0.16914700461081497,0.0006419199485835692,0.41649451274708227,0.04436960483645329,1.0696375448753566
21,0.0,0.7311494327899579,0.12100503146661207,20,0.7305015421465607,0.1206286530379886,0.0711529670107276,0.00022354500254679027,-4.0157419912646154e-05,0.0001344053829539756,1.1891144830117346
21,0.5,0.42002383102718605,0.12854935839179882,20,0.7305015421465607,0.1206286530379886,0.07115296701072758,0.00022354500254678973,0.022964628996784985,0.0023087583948466907,1.1891144830117346
21,1.0,0.11062093782856978,0.1401233149707847,20,0.7305015421465607,0.1206286530379886,0.0711529670107276,0.00022354500254678983,0.045969415413482505,0.004622055901148205,1.1891144830117346
21,2.0,-0.4743207126832304,0.1629594623192133,20,0.7305015421465607,0.1206286530379886,0.07115296701072758,0.00022354500254678978,0.09197898824687761,0.009251576964752033,1.1891144830117346
21,4.0,-1.4239673466778402,0.18062830878908143,20,0.7305015421465607,0.1206286530379886,0.07115296701072758,0.0002235450025467904,0.18559035298221577,0.01937011548023168,1.1891144830117346
