persistence,fill_model,fill_delay,net_sharpe_mean,net_sharpe_ci95,seeds,gross_sharpe_mean,gross_sharpe_ci95
0.5,next_close,1,-1.890431320156463,0.22243116854070122,20,0.11836402087007994,0.15388753173951278
0.5,next_open,1,-1.6767408718595902,0.23716534080020032,20,0.35241156169443194,0.16120860534112108
0.5,next_open,2,-1.9120465377979268,0.22147137109128598,20,0.10346223750479629,0.15055127095316329
0.5,next_open,3,-1.970725140702959,0.2094782556749673,20,0.0383917983133055,0.1358699421094401
0.9,next_close,1,-0.04391909639844142,0.2144696960039417,20,1.2902955352317653,0.18482151573439468
0.9,next_open,1,0.08727374179429057,0.22231634004446169,20,1.4236201067524437,0.1861747066510756
0.9,next_open,2,-0.07616255954242958,0.22008762771969598,20,1.258011449995477,0.18771302128382997
0.9,next_open,3,-0.18461507476749878,0.1837065409968725,20,1.1475927163316266,0.14650033603530685
0.97,next_close,1,0.760983467763067,0.1716798880371274,20,1.751321453921698,0.14499020025583345
0.97,next_open,1,0.8229264785168067,0.18075482444128707,20,1.8099712944124768,0.1565744684938589
0.97,next_open,2,0.7515303092266701,0.17521683441180796,20,1.7411580886236202,0.1496713182424808
0.97,next_open,3,0.6833401567424353,0.16089833318505015,20,1.6702058620780424,0.1340195629819518
