part,config,seed,ic_config,observable_noise,gap_share,persistence,ic_latent,ic_signal_x,ic_latent_raw,ic_signal_x_raw,mode,sum_r,sum_r2,n,sr_bar,cap_binds,rebalance,cost_mult,net_sharpe,gross_sharpe,turnover_per_bar,min_equity_over_capital,cost_drag_annual,max_identity_residual,fill_model,fill_delay
a,clean,5000,0.02,1.0,0.25,0.9,0.022459606627601707,0.01631189950602191,0.022459606627601703,0.01631189950602191,full,,,,,,,,,,,,,,,
a,clean,5001,0.02,1.0,0.25,0.9,0.02200488647406172,0.015050148977905726,0.022004886474061718,0.015050148977905721,full,,,,,,,,,,,,,,,
a,clean,5002,0.02,1.0,0.25,0.9,0.019272248677173177,0.014184843828123253,0.019272248677173174,0.014184843828123251,full,,,,,,,,,,,,,,,
a,clean,5003,0.02,1.0,0.25,0.9,0.02233302386873222,0.017226907609106216,0.02233302386873222,0.017226907609106213,full,,,,,,,,,,,,,,,
a,clean,5004,0.02,1.0,0.25,0.9,0.016761002649220997,0.011255321380116173,0.016761002649221,0.011255321380116175,full,,,,,,,,,,,,,,,
a,clean,5005,0.02,1.0,0.25,0.9,0.017322655977071572,0.013475026136934612,0.017322655977071565,0.01347502613693461,full,,,,,,,,,,,,,,,
a,clean,5006,0.02,1.0,0.25,0.9,0.02036517008105221,0.016339907932173853,0.020365170081052205,0.01633990793217385,full,,,,,,,,,,,,,,,
a,clean,5007,0.02,1.0,0.25,0.9,0.019638238675776305,0.015490760145928354,0.019638238675776302,0.015490760145928354,full,,,,,,,,,,,,,,,
a,clean,5008,0.02,1.0,0.25,0.9,0.018969483133935774,0.014503043281423794,0.018969483133935774,0.014503043281423798,full,,,,,,,,,,,,,,,
a,clean,5009,0.02,1.0,0.25,0.9,0.01758269963371668,0.0111072414164739,0.017582699633716673,0.011107241416473899,full,,,,,,,,,,,,,,,
a,clean,5010,0.02,1.0,0.25,0.9,0.024792836364021645,0.0183230592123422,0.024792836364021652,0.0183230592123422,full,,,,,,,,,,,,,,,
a,clean,5011,0.02,1.0,0.25,0.9,0.017912550936112152,0.012283231498512466,0.01791255093611215,0.012283231498512468,full,,,,,,,,,,,,,,,
a,clean,5012,0.02,1.0,0.25,0.9,0.018001539602814837,0.009850065540831444,0.018001539602814833,0.00985006554083144,full,,,,,,,,,,,,,,,
a,clean,5013,0.02,1.0,0.25,0.9,0.018347216885980518,0.012823365749101619,0.018347216885980518,0.012823365749101617,full,,,,,,,,,,,,,,,
a,clean,5014,0.02,1.0,0.25,0.9,0.019455264800613086,0.012007285803222224,0.01945526480061308,0.012007285803222224,full,,,,,,,,,,,,,,,
a,clean,5015,0.02,1.0,0.25,0.9,0.022559530331437684,0.01579031397709939,0.022559530331437684,0.015790313977099395,full,,,,,,,,,,,,,,,
a,clean,5016,0.02,1.0,0.25,0.9,0.015045896012012575,0.011129386758926081,0.015045896012012575,0.011129386758926083,full,,,,,,,,,,,,,,,
a,clean,5017,0.02,1.0,0.25,0.9,0.01961641607729857,0.013268606112070975,0.019616416077298575,0.013268606112070975,full,,,,,,,,,,,,,,,
a,clean,5018,0.02,1.0,0.25,0.9,0.01855441458400418,0.012251642910633069,0.01855441458400418,0.012251642910633067,full,,,,,,,,,,,,,,,
a,clean,5019,0.02,1.0,0.25,0.9,0.020449880932663454,0.013964459691514105,0.02044988093266345,0.013964459691514101,full,,,,,,,,,,,,,,,
a,engine_next_open_oracle,5000,0.02,1.0,0.25,0.9,,,,,full,1.1029846336802496,0.010020520572838946,2518,0.2250303243406106,0,,,,,,,,,,
a,engine_next_open_oracle,5001,0.02,1.0,0.25,0.9,,,,,full,1.0370429848507445,0.010222330992681838,2518,0.20877355102611037,0,,,,,,,,,,
a,engine_next_open_oracle,5002,0.02,1.0,0.25,0.9,,,,,full,0.9376593911675536,0.009855332408078045,2518,0.19161448229505326,0,,,,,,,,,,
a,engine_next_open_oracle,5003,0.02,1.0,0.25,0.9,,,,,full,1.056690711869699,0.010306056670867062,2518,0.21200095232931984,0,,,,,,,,,,
a,engine_next_open_oracle,5004,0.02,1.0,0.25,0.9,,,,,full,0.8040707618916856,0.010159401655265032,2518,0.16099214661148734,0,,,,,,,,,,
a,engine_next_open_oracle,5005,0.02,1.0,0.25,0.9,,,,,full,0.8097694332996261,0.009321896265035198,2518,0.1694914041891481,0,,,,,,,,,,
a,engine_next_open_oracle,5006,0.02,1.0,0.25,0.9,,,,,full,0.9288567824582884,0.010067348577324662,2518,0.18767067087444875,0,,,,,,,,,,
a,engine_next_open_oracle,5007,0.02,1.0,0.25,0.9,,,,,full,0.9548747165451401,0.010565517773770402,2518,0.18834738424028602,0,,,,,,,,,,
a,engine_next_open_oracle,5008,0.02,1.0,0.25,0.9,,,,,full,0.9272689457106711,0.010177407208116523,2518,0.1862875274202337,0,,,,,,,,,,
a,engine_next_open_oracle,5009,0.02,1.0,0.25,0.9,,,,,full,0.8767522970405955,0.010234104004603966,2518,0.17531290417624376,0,,,,,,,,,,
a,engine_next_open_oracle,5010,0.02,1.0,0.25,0.9,,,,,full,1.1863792637532726,0.009996870813048767,2518,0.24331663953810612,0,,,,,,,,,,
a,engine_next_open_oracle,5011,0.02,1.0,0.25,0.9,,,,,full,0.8645167086863413,0.009866629654857736,2518,0.17607901129188794,0,,,,,,,,,,
a,engine_next_open_oracle,5012,0.02,1.0,0.25,0.9,,,,,full,0.9124647640306707,0.0103515441985545,2518,0.18161381335088425,0,,,,,,,,,,
a,engine_next_open_oracle,5013,0.02,1.0,0.25,0.9,,,,,full,0.8755033075806502,0.01020462291822123,2518,0.17531594629475494,0,,,,,,,,,,
a,engine_next_open_oracle,5014,0.02,1.0,0.25,0.9,,,,,full,0.9013239587098848,0.010057448371721322,2518,0.18201320349731037,0,,,,,,,,,,
a,engine_next_open_oracle,5015,0.02,1.0,0.25,0.9,,,,,full,1.0727079420118792,0.010242632816037676,2518,0.21605917403878994,0,,,,,,,,,,
a,engine_next_open_oracle,5016,0.02,1.0,0.25,0.9,,,,,full,0.7464471241230395,0.01010376901750283,2518,0.1496069479794415,0,,,,,,,,,,
a,engine_next_open_oracle,5017,0.02,1.0,0.25,0.9,,,,,full,0.9433180254928725,0.009855555876852898,2518,0.19281145343015846,0,,,,,,,,,,
a,engine_next_open_oracle,5018,0.02,1.0,0.25,0.9,,,,,full,0.9288529727597004,0.010287867279553836,2518,0.18557757865640617,0,,,,,,,,,,
a,engine_next_open_oracle,5019,0.02,1.0,0.25,0.9,,,,,full,0.9701665518710857,0.010118832333648922,2518,0.1958125353994771,0,,,,,,,,,,
a,fl_bound_close_to_close,5000,0.02,1.0,0.25,0.9,,,,,full,567.3629707409888,2585.339281509722,2519,0.22798668609218706,0,,,,,,,,,,
a,fl_bound_close_to_close,5001,0.02,1.0,0.25,0.9,,,,,full,553.9148907672113,2644.853603529241,2519,0.21967455407375994,0,,,,,,,,,,
a,fl_bound_close_to_close,5002,0.02,1.0,0.25,0.9,,,,,full,487.9605829337474,2576.8651819435436,2519,0.19509839019370734,0,,,,,,,,,,
a,fl_bound_close_to_close,5003,0.02,1.0,0.25,0.9,,,,,full,559.8997856328904,2655.090135776502,2519,0.2217148285175437,0,,,,,,,,,,
a,fl_bound_close_to_close,5004,0.02,1.0,0.25,0.9,,,,,full,427.318302139964,2658.171605844759,2519,0.16740314800162057,0,,,,,,,,,,
a,fl_bound_close_to_close,5005,0.02,1.0,0.25,0.9,,,,,full,432.5859976926027,2381.8751137863396,2519,0.17938786854767214,0,,,,,,,,,,
a,fl_bound_close_to_close,5006,0.02,1.0,0.25,0.9,,,,,full,512.560046570126,2640.6422437148335,2519,0.20274028184404974,0,,,,,,,,,,
a,fl_bound_close_to_close,5007,0.02,1.0,0.25,0.9,,,,,full,496.95518723455115,2736.9656303637876,2519,0.19270962371343073,0,,,,,,,,,,
a,fl_bound_close_to_close,5008,0.02,1.0,0.25,0.9,,,,,full,477.1587187222765,2595.9251864714884,2519,0.18989428490496477,0,,,,,,,,,,
a,fl_bound_close_to_close,5009,0.02,1.0,0.25,0.9,,,,,full,440.6945537690953,2628.7749828993074,2519,0.17378992366945448,0,,,,,,,,,,
a,fl_bound_close_to_close,5010,0.02,1.0,0.25,0.9,,,,,full,623.9353608226351,2543.5522779246016,2519,0.25429067313435083,0,,,,,,,,,,
a,fl_bound_close_to_close,5011,0.02,1.0,0.25,0.9,,,,,full,452.3640330995515,2595.8531355456225,2519,0.1797015480413743,0,,,,,,,,,,
a,fl_bound_close_to_close,5012,0.02,1.0,0.25,0.9,,,,,full,457.0615462673086,2710.181384433935,2519,0.17763302662809116,0,,,,,,,,,,
a,fl_bound_close_to_close,5013,0.02,1.0,0.25,0.9,,,,,full,460.78185219211883,2623.6497426963792,2519,0.18215148764754804,0,,,,,,,,,,
a,fl_bound_close_to_close,5014,0.02,1.0,0.25,0.9,,,,,full,489.1761975811016,2596.096338647432,2519,0.19484954707107177,0,,,,,,,,,,
a,fl_bound_close_to_close,5015,0.02,1.0,0.25,0.9,,,,,full,565.6915497460062,2623.9256988097914,2519,0.22551727748432293,0,,,,,,,,,,
a,fl_bound_close_to_close,5016,0.02,1.0,0.25,0.9,,,,,full,379.20612790821576,2563.3234693330837,2519,0.15089117909973304,0,,,,,,,,,,
a,fl_bound_close_to_close,5017,0.02,1.0,0.25,0.9,,,,,full,491.3949131324966,2499.5636098603213,2519,0.19965942157936128,0,,,,,,,,,,
a,fl_bound_close_to_close,5018,0.02,1.0,0.25,0.9,,,,,full,468.70702892880934,2614.0051539141696,2519,0.18574464010173727,0,,,,,,,,,,
a,fl_bound_close_to_close,5019,0.02,1.0,0.25,0.9,,,,,full,519.6819333410054,2622.6923789134617,2519,0.2064081899913415,0,,,,,,,,,,
a,planted,5000,,,,,0.023941619246125288,0.01660025615955029,0.018881265413015852,0.010430432779334498,full,,,,,,,,,,,,,,,
a,planted,5001,,,,,0.019118833632153283,0.014089682128953717,0.015494232682128678,0.012550264823479164,full,,,,,,,,,,,,,,,
a,planted,5002,,,,,0.021340254934882414,0.016109143121900017,0.015734103079124553,0.011868873718440805,full,,,,,,,,,,,,,,,
a,planted,5003,,,,,0.01999258588981317,0.01454663605157638,0.013437587766853843,0.009592962846289188,full,,,,,,,,,,,,,,,
a,planted,5004,,,,,0.020100722792370705,0.01627677125654643,0.018539498810581576,0.016424608977008648,full,,,,,,,,,,,,,,,
a,planted,5005,,,,,0.0213909513177352,0.012924052203261599,0.015732565119178116,0.008996651317979398,full,,,,,,,,,,,,,,,
a,planted,5006,,,,,0.018576699281686235,0.016553571322394118,0.015186993008124088,0.014336470546000823,full,,,,,,,,,,,,,,,
a,planted,5007,,,,,0.016053162054131605,0.01534122189964752,0.012490753861906493,0.011798668103641928,full,,,,,,,,,,,,,,,
a,planted,5008,,,,,0.019821304058114025,0.01072752147580832,0.017525288249505402,0.00828555156491079,full,,,,,,,,,,,,,,,
a,planted,5009,,,,,0.020586710490619654,0.015753208164856723,0.01593097215346205,0.011432638643424208,full,,,,,,,,,,,,,,,
a,planted,5010,,,,,0.016403659980462976,0.012503254320274892,0.014498915806372985,0.012181591161948085,full,,,,,,,,,,,,,,,
a,planted,5011,,,,,0.020144323252290364,0.015389055834176008,0.01779378880196195,0.013777766488680808,full,,,,,,,,,,,,,,,
a,planted,5012,,,,,0.01577574811746457,0.011978673389881652,0.01416482865262736,0.010818842307870143,full,,,,,,,,,,,,,,,
a,planted,5013,,,,,0.022531665446390767,0.013731859032300113,0.01939432357006791,0.011681196166882794,full,,,,,,,,,,,,,,,
a,planted,5014,,,,,0.022487132417232106,0.017305483403829265,0.018264583600357476,0.013109167934321493,full,,,,,,,,,,,,,,,
a,planted,5015,,,,,0.02138575709163514,0.015397152857726717,0.01791444048274998,0.012419329481950315,full,,,,,,,,,,,,,,,
a,planted,5016,,,,,0.02387047955278371,0.01631673344437405,0.019846461434490068,0.013927782670250573,full,,,,,,,,,,,,,,,
a,planted,5017,,,,,0.023808288291325426,0.01928483252320768,0.018336242467323963,0.01595723246801365,full,,,,,,,,,,,,,,,
a,planted,5018,,,,,0.019746112908298055,0.01516337009712066,0.013645657493355806,0.009811940778440623,full,,,,,,,,,,,,,,,
a,planted,5019,,,,,0.02005214141600993,0.013697051915801804,0.01711427140336374,0.013497443438247065,full,,,,,,,,,,,,,,,
a,signal_x_close_to_close,5000,0.02,1.0,0.25,0.9,,,,,full,412.10806794206917,2529.9181485458244,2519,0.16543329839893112,0,,,,,,,,,,
a,signal_x_close_to_close,5001,0.02,1.0,0.25,0.9,,,,,full,379.11688735272577,2631.031679521181,2519,0.1488575242771893,0,,,,,,,,,,
a,signal_x_close_to_close,5002,0.02,1.0,0.25,0.9,,,,,full,359.0324907386089,2575.5229412665276,2519,0.14235038694906751,0,,,,,,,,,,
a,signal_x_close_to_close,5003,0.02,1.0,0.25,0.9,,,,,full,431.56310104831056,2683.732182706159,2519,0.16828320254384424,0,,,,,,,,,,
a,signal_x_close_to_close,5004,0.02,1.0,0.25,0.9,,,,,full,285.3620961690343,2710.0782733435612,2519,0.10985273111061004,0,,,,,,,,,,
a,signal_x_close_to_close,5005,0.02,1.0,0.25,0.9,,,,,full,338.9526202318891,2369.7904359491517,2519,0.14005662919360956,0,,,,,,,,,,
a,signal_x_close_to_close,5006,0.02,1.0,0.25,0.9,,,,,full,411.6750640814663,2557.234866280936,2519,0.16434574019535275,0,,,,,,,,,,
a,signal_x_close_to_close,5007,0.02,1.0,0.25,0.9,,,,,full,391.9417652455124,2555.45546880384,2519,0.15632626696377983,0,,,,,,,,,,
a,signal_x_close_to_close,5008,0.02,1.0,0.25,0.9,,,,,full,365.4732396473758,2578.761704091797,2519,0.14486426422874968,0,,,,,,,,,,
a,signal_x_close_to_close,5009,0.02,1.0,0.25,0.9,,,,,full,278.909176837074,2508.509974735083,2519,0.11162061257550279,0,,,,,,,,,,
a,signal_x_close_to_close,5010,0.02,1.0,0.25,0.9,,,,,full,461.91115940835607,2651.4222809021294,2519,0.18162214380879585,0,,,,,,,,,,
a,signal_x_close_to_close,5011,0.02,1.0,0.25,0.9,,,,,full,309.2130886549463,2518.4623105357573,2519,0.12367657527005345,0,,,,,,,,,,
a,signal_x_close_to_close,5012,0.02,1.0,0.25,0.9,,,,,full,249.30034289155975,2700.1838635117815,2519,0.09601060176075824,0,,,,,,,,,,
a,signal_x_close_to_close,5013,0.02,1.0,0.25,0.9,,,,,full,322.9175591139442,2447.90622352965,2519,0.13112861471509812,0,,,,,,,,,,
a,signal_x_close_to_close,5014,0.02,1.0,0.25,0.9,,,,,full,302.5331366164858,2606.1597829028988,2519,0.11888329577239222,0,,,,,,,,,,
a,signal_x_close_to_close,5015,0.02,1.0,0.25,0.9,,,,,full,397.26289568995924,2659.162365883268,2519,0.15530397916303576,0,,,,,,,,,,
a,signal_x_close_to_close,5016,0.02,1.0,0.25,0.9,,,,,full,281.41309615311053,2569.371238842497,2519,0.11127662297412333,0,,,,,,,,,,
a,signal_x_close_to_close,5017,0.02,1.0,0.25,0.9,,,,,full,333.13183999168376,2600.486364386418,2519,0.13124985949724588,0,,,,,,,,,,
a,signal_x_close_to_close,5018,0.02,1.0,0.25,0.9,,,,,full,309.71720180497715,2520.0359853180557,2519,0.12384201996094131,0,,,,,,,,,,
a,signal_x_close_to_close,5019,0.02,1.0,0.25,0.9,,,,,full,353.54656331925617,2605.9030785359605,2519,0.1392970513901863,0,,,,,,,,,,
b,reb1_x0.0,5000,,,,,,,,,full,,,,,,1,0.0,1.7649410431318815,1.7639732899259655,0.35550700675718366,1.0,-0.00013168045446940602,2.862333468816218e-16,,
b,reb1_x0.0,5001,,,,,,,,,full,,,,,,1,0.0,1.0706966682283603,1.0716387759271622,0.3553360379436661,0.9776149503058326,0.00010285771563442827,3.8751211941973223e-16,,
b,reb1_x0.0,5002,,,,,,,,,full,,,,,,1,0.0,1.9954304835258145,1.9876365482410434,0.35147921491676026,1.0,-0.0005301294201740681,2.8971924306991383e-16,,
b,reb1_x0.0,5003,,,,,,,,,full,,,,,,1,0.0,1.7166875372565196,1.726554656415458,0.35497858251996717,0.993372966611878,0.000846861409967824,3.1203880240652926e-16,,
b,reb1_x0.0,5004,,,,,,,,,full,,,,,,1,0.0,2.0203821811388316,2.0249056812975406,0.3473641541132342,0.9609378411898427,0.000365294089611533,3.324259232693094e-16,,
b,reb1_x0.0,5005,,,,,,,,,full,,,,,,1,0.0,1.7723107019399826,1.7745785096495585,0.35287209132998576,0.9887349313691063,0.0001995499075022264,3.0906195360490396e-16,,
b,reb1_x0.0,5006,,,,,,,,,full,,,,,,1,0.0,1.824912825042248,1.8288755664645266,0.3464309055689158,1.0,0.00022829027078029524,3.3776961046565955e-16,,
b,reb1_x0.0,5007,,,,,,,,,full,,,,,,1,0.0,1.2956095562048073,1.2855005312731764,0.3454712157141386,0.9897131757552995,-0.0006919247189256592,3.116228200168687e-16,,
b,reb1_x0.0,5008,,,,,,,,,full,,,,,,1,0.0,1.990834081042973,1.98440429381017,0.3488212085938152,1.0,-0.00040929771627776614,3.141337673432301e-16,,
b,reb1_x0.0,5009,,,,,,,,,full,,,,,,1,0.0,1.7825381935894575,1.7866026345632213,0.34942908732740197,1.0,0.00029587491816750926,3.0735631016634257e-16,,
b,reb1_x0.0,5010,,,,,,,,,full,,,,,,1,0.0,1.7685741853129318,1.7685396345722906,0.3516218639192074,0.9979728154256301,6.537567425865878e-05,3.576814902405199e-16,,
b,reb1_x0.0,5011,,,,,,,,,full,,,,,,1,0.0,1.7288480821514476,1.7323542358475432,0.3479159170883001,1.0,0.00029449082643638776,2.869838128406818e-16,,
b,reb1_x0.0,5012,,,,,,,,,full,,,,,,1,0.0,1.2273616819817137,1.2329652317221937,0.3502046550921457,0.999980442588656,0.0003947721621039679,2.920259523698467e-16,,
b,reb1_x0.0,5013,,,,,,,,,full,,,,,,1,0.0,1.7540700951878339,1.7470941673386773,0.3515005556298166,0.9533770737951599,-0.00041596724383604114,3.444076494299989e-16,,
b,reb1_x0.0,5014,,,,,,,,,full,,,,,,1,0.0,2.077742665672456,2.0729530168215753,0.3531973773936463,1.0,-0.000313142893012687,3.195048718626062e-16,,
b,reb1_x0.0,5015,,,,,,,,,full,,,,,,1,0.0,1.5311470329949228,1.5278997443512392,0.3476285367280148,0.977189059866567,-0.00018526461092872913,2.8540153133011315e-16,,
b,reb1_x0.0,5016,,,,,,,,,full,,,,,,1,0.0,2.177334667932672,2.1782826116573917,0.35052418560950094,1.0,9.374844652905575e-05,3.366895351183674e-16,,
b,reb1_x0.0,5017,,,,,,,,,full,,,,,,1,0.0,2.512073805094679,2.5112715473029374,0.3544725569889604,0.9842879819170354,-9.880646295873721e-05,2.774428211095688e-16,,
b,reb1_x0.0,5018,,,,,,,,,full,,,,,,1,0.0,1.1923794659065312,1.1925024744933304,0.3538982251219079,0.9851318603117071,6.792236504833161e-05,3.0548185974465977e-16,,
b,reb1_x0.0,5019,,,,,,,,,full,,,,,,1,0.0,1.9447185771247006,1.944102695350087,0.3483242646786438,0.9945713959784139,-4.2568545169483114e-05,3.409133143331726e-16,,
b,reb1_x0.5,5000,,,,,,,,,full,,,,,,1,0.5,0.2726543844393607,1.7639732899259655,0.35550700675718366,1.0,0.11056565616264223,3.1210456599604013e-16,,
b,reb1_x0.5,5001,,,,,,,,,full,,,,,,1,0.5,-0.08015252464519411,1.0716387759271622,0.3553360379436661,0.8874392359718979,0.08967282097541843,3.138931625902331e-16,,
b,reb1_x0.5,5002,,,,,,,,,full,,,,,,1,0.5,0.4345932980064903,1.9876365482410434,0.35147921491676026,1.0,0.1078098230100605,3.6124156180358614e-16,,
b,reb1_x0.5,5003,,,,,,,,,full,,,,,,1,0.5,0.02209300309824238,1.726554656415458,0.35497858251996717,0.9747240775572822,0.13790316017138754,3.4700019016342406e-16,,
b,reb1_x0.5,5004,,,,,,,,,full,,,,,,1,0.5,0.6633415102655918,2.0249056812975406,0.3473641541132342,0.931801529400532,0.10909139836355816,3.7362030880125016e-16,,
b,reb1_x0.5,5005,,,,,,,,,full,,,,,,1,0.5,0.6663511069058525,1.7745785096495585,0.35287209132998576,0.9396599147977809,0.07879174370990899,3.882254387823735e-16,,
b,reb1_x0.5,5006,,,,,,,,,full,,,,,,1,0.5,0.6373356329650098,1.8288755664645266,0.3464309055689158,0.9818635982426561,0.0961292079372585,3.782420473133975e-16,,
b,reb1_x0.5,5007,,,,,,,,,full,,,,,,1,0.5,-0.09278672313173787,1.2855005312731764,0.3454712157141386,0.840832672280201,0.09839438646395135,4.3570129289002577e-16,,
b,reb1_x0.5,5008,,,,,,,,,full,,,,,,1,0.5,0.644849889758314,1.98440429381017,0.3488212085938152,1.0,0.09771289717279343,3.5165427925999357e-16,,
b,reb1_x0.5,5009,,,,,,,,,full,,,,,,1,0.5,0.7332110535072458,1.7866026345632213,0.34942908732740197,1.0,0.07688689650263146,2.967507544688059e-16,,
b,reb1_x0.5,5010,,,,,,,,,full,,,,,,1,0.5,0.4456693467661329,1.7685396345722906,0.3516218639192074,0.9940286072620113,0.1001103398198789,3.0698067323365527e-16,,
b,reb1_x0.5,5011,,,,,,,,,full,,,,,,1,0.5,0.5276551983788679,1.7323542358475432,0.3479159170883001,0.9527417723959336,0.08854063459259208,3.531849256688185e-16,,
b,reb1_x0.5,5012,,,,,,,,,full,,,,,,1,0.5,-0.2844678255801508,1.2329652317221937,0.3502046550921457,0.6842700281358527,0.10496600840822007,3.88958213770582e-16,,
b,reb1_x0.5,5013,,,,,,,,,full,,,,,,1,0.5,0.6825681743367895,1.7470941673386773,0.3515005556298166,0.9185004452047951,0.07258026719664247,3.9725213517351603e-16,,
b,reb1_x0.5,5014,,,,,,,,,full,,,,,,1,0.5,1.0768672259731646,2.0729530168215753,0.3531973773936463,1.0,0.07425498523888788,3.897983729402585e-16,,
b,reb1_x0.5,5015,,,,,,,,,full,,,,,,1,0.5,-0.4107657192255502,1.5278997443512392,0.3476285367280148,0.681689530270866,0.15281141211886057,3.181479841090561e-16,,
b,reb1_x0.5,5016,,,,,,,,,full,,,,,,1,0.5,0.35521425633458487,2.1782826116573917,0.35052418560950094,1.0,0.1375315497832237,2.9631285259727755e-16,,
b,reb1_x0.5,5017,,,,,,,,,full,,,,,,1,0.5,1.4115116564521404,2.5112715473029374,0.3544725569889604,0.9816706208984226,0.07893396205984533,3.751271992765028e-16,,
b,reb1_x0.5,5018,,,,,,,,,full,,,,,,1,0.5,-0.043759900905197824,1.1925024744933304,0.3538982251219079,0.9516418255929653,0.09272264654938138,3.996646734570524e-16,,
b,reb1_x0.5,5019,,,,,,,,,full,,,,,,1,0.5,0.6445608572139424,1.944102695350087,0.3483242646786438,0.9933184260156136,0.09323026092862614,3.3171701058461593e-16,,
b,reb1_x1.0,5000,,,,,,,,,full,,,,,,1,1.0,-1.2119192240902084,1.7639732899259655,0.35550700675718366,0.10227325851209758,0.22126299277975442,7.66408142036997e-16,,
b,reb1_x1.0,5001,,,,,,,,,full,,,,,,1,1.0,-1.2262442012852046,1.0716387759271622,0.3553360379436661,0.02874854430404792,0.17924278423520185,3.09557748395758e-15,,
b,reb1_x1.0,5002,,,,,,,,,full,,,,,,1,1.0,-1.1258948704286305,1.9876365482410434,0.35147921491676026,0.21146808503492884,0.216149775440295,4.2885659089084825e-16,,
b,reb1_x1.0,5003,,,,,,,,,full,,,,,,1,1.0,-1.6489868099996468,1.726554656415458,0.35497858251996717,-0.3405001768600789,0.2750755562947561,1.3134415267973762e-13,,
b,reb1_x1.0,5004,,,,,,,,,full,,,,,,1,1.0,-0.6967213893788856,2.0249056812975406,0.3473641541132342,0.4098068041809176,0.21781750263750616,3.9964196899510403e-16,,
b,reb1_x1.0,5005,,,,,,,,,full,,,,,,1,1.0,-0.4376588394224932,1.7745785096495585,0.35287209132998576,0.6955047258260708,0.15738393751231522,4.489178109607124e-16,,
b,reb1_x1.0,5006,,,,,,,,,full,,,,,,1,1.0,-0.5483978040445231,1.8288755664645266,0.3464309055689158,0.5376354571721237,0.19203012560373675,4.029197404450993e-16,,
b,reb1_x1.0,5007,,,,,,,,,full,,,,,,1,1.0,-1.4776442524655593,1.2855005312731764,0.3454712157141386,-0.0704450524000646,0.19751766946924254,3.282013351918654e-13,,
b,reb1_x1.0,5008,,,,,,,,,full,,,,,,1,1.0,-0.6944978499286879,1.98440429381017,0.3488212085938152,0.46951704380217224,0.19583509206186347,4.2528838230894474e-16,,
b,reb1_x1.0,5009,,,,,,,,,full,,,,,,1,1.0,-0.31271741376110973,1.7866026345632213,0.34942908732740197,0.7440899018863741,0.15347791808709496,3.609435649892056e-16,,
b,reb1_x1.0,5010,,,,,,,,,full,,,,,,1,1.0,-0.8732699722690062,1.7685396345722906,0.3516218639192074,0.32859532369433225,0.2001553039654987,4.709383636780694e-16,,
b,reb1_x1.0,5011,,,,,,,,,full,,,,,,1,1.0,-0.6723593262587538,1.7323542358475432,0.3479159170883001,0.4534143517861092,0.17678677835874776,5.523637349621336e-16,,
b,reb1_x1.0,5012,,,,,,,,,full,,,,,,1,1.0,-1.7973402473028317,1.2329652317221937,0.3502046550921457,-0.2178858107252248,0.20977675829645992,5.534609919157228e-14,,
b,reb1_x1.0,5013,,,,,,,,,full,,,,,,1,1.0,-0.38804931626092193,1.7470941673386773,0.3515005556298166,0.72410886166802,0.1455765016371226,4.025991625037371e-16,,
b,reb1_x1.0,5014,,,,,,,,,full,,,,,,1,1.0,0.07684236199370693,2.0729530168215753,0.3531973773936463,1.0,0.14882311337078863,3.5437502135993586e-16,,
b,reb1_x1.0,5015,,,,,,,,,full,,,,,,1,1.0,-2.3202537980203166,1.5278997443512392,0.3476285367280148,-0.8147511919585815,0.3064269649777767,2.3307123580574727e-14,,
b,reb1_x1.0,5016,,,,,,,,,full,,,,,,1,1.0,-1.42975087887636,2.1782826116573917,0.35052418560950094,-0.07660611315382132,0.2749718881093773,1.6034710371897837e-14,,
b,reb1_x1.0,5017,,,,,,,,,full,,,,,,1,1.0,0.3143950270076428,2.5112715473029374,0.3544725569889604,0.9790532598798085,0.15796673058264835,3.9108293807823327e-16,,
b,reb1_x1.0,5018,,,,,,,,,full,,,,,,1,1.0,-1.2731155282550144,1.1925024744933304,0.3538982251219079,0.06457137227866683,0.18537737073371255,9.974135411259403e-16,,
b,reb1_x1.0,5019,,,,,,,,,full,,,,,,1,1.0,-0.6507745838919626,1.944102695350087,0.3483242646786438,0.530398213723619,0.18650309040242272,4.0445712716330627e-16,,
b,reb1_x2.0,5000,,,,,,,,,full,,,,,,1,2.0,-4.234069703521839,1.7639732899259655,0.35550700675718366,-2.1372142874678675,0.45251769683431203,2.1762829495035252e-14,,
b,reb1_x2.0,5001,,,,,,,,,full,,,,,,1,2.0,-3.5685890634297377,1.0716387759271622,0.3553360379436661,-1.7507311950975835,0.3650828303374562,1.537743584768059e-14,,
b,reb1_x2.0,5002,,,,,,,,,full,,,,,,1,2.0,-4.34548012380336,1.9876365482410434,0.35147921491676026,-1.9799072287449584,0.44265368310381786,2.6043098850503048e-14,,
b,reb1_x2.0,5003,,,,,,,,,full,,,,,,1,2.0,-4.996418343712403,1.726554656415458,0.35497858251996717,-3.1386781780270083,0.5641790696632751,2.049531906930794e-13,,
b,reb1_x2.0,5004,,,,,,,,,full,,,,,,1,2.0,-3.5209780941135382,2.0249056812975406,0.3473641541132342,-1.7613503998142261,0.4451354884618167,1.6520542214088335e-14,,
b,reb1_x2.0,5005,,,,,,,,,full,,,,,,1,2.0,-2.65462368373084,1.7745785096495585,0.35287209132998576,-0.8581678820234019,0.31677485683578793,4.3941213771142025e-14,,
b,reb1_x2.0,5006,,,,,,,,,full,,,,,,1,2.0,-2.9683805489060733,1.8288755664645266,0.3464309055689158,-1.3783753921432564,0.38966503430871685,1.5274227463309697e-12,,
b,reb1_x2.0,5007,,,,,,,,,full,,,,,,1,2.0,-4.360390113071714,1.2855005312731764,0.34547121571413864,-2.10076645166141,0.4075774897377547,4.827651840242486e-14,,
b,reb1_x2.0,5008,,,,,,,,,full,,,,,,1,2.0,-3.4104914788749956,1.98440429381017,0.3488212085938152,-1.4771818869971216,0.39884783930922746,3.798807032051062e-14,,
b,reb1_x2.0,5009,,,,,,,,,full,,,,,,1,2.0,-2.409323531380585,1.7866026345632213,0.34942908732740197,-0.7430463817811834,0.30873661018022835,2.5870336776979878e-14,,
b,reb1_x2.0,5010,,,,,,,,,full,,,,,,1,2.0,-3.550658519027632,1.7685396345722906,0.3516218639192075,-1.6778541161694214,0.40744942110138543,6.652788706327104e-15,,
b,reb1_x2.0,5011,,,,,,,,,full,,,,,,1,2.0,-3.1282278475560052,1.7323542358475432,0.3479159170883001,-1.2597052349491005,0.3590068450304061,1.362148982604889e-13,,
b,reb1_x2.0,5012,,,,,,,,,full,,,,,,1,2.0,-4.968910148256422,1.2329652317221937,0.3502046550921457,-2.3843684805857603,0.4324078023418495,3.682174958558853e-14,,
b,reb1_x2.0,5013,,,,,,,,,full,,,,,,1,2.0,-2.5391177234812345,1.7470941673386773,0.3515005556298166,-0.7033465764633259,0.2932395050015956,1.9979996654918617e-14,,
b,reb1_x2.0,5014,,,,,,,,,full,,,,,,1,2.0,-1.914427320765272,2.0729530168215753,0.3531973773936463,-0.4106232991054874,0.29834715834150655,2.19684150002211e-14,,
b,reb1_x2.0,5015,,,,,,,,,full,,,,,,1,2.0,-6.02486073673075,1.5278997443512392,0.3476285367280148,-3.954613823992402,0.6284641580068865,9.330648178828346e-14,,
b,reb1_x2.0,5016,,,,,,,,,full,,,,,,1,2.0,-4.847634073883867,2.1782826116573917,0.35052418560950094,-2.853927495721411,0.5598253632445147,1.5665336824706886e-13,,
b,reb1_x2.0,5017,,,,,,,,,full,,,,,,1,2.0,-1.8726066168933475,2.5112715473029374,0.3544725569889604,-0.33746569813775035,0.31706802125909145,1.1120051273223672e-14,,
b,reb1_x2.0,5018,,,,,,,,,full,,,,,,1,2.0,-3.8307654370987394,1.1925024744933304,0.3538982251219079,-1.8443076217928243,0.3811598316641219,4.681674026098249e-14,,
b,reb1_x2.0,5019,,,,,,,,,full,,,,,,1,2.0,-3.2373177114150478,1.944102695350087,0.3483242646786438,-1.3223131236649408,0.37761501255487,6.616906314188463e-14,,
b,reb1_x4.0,5000,,,,,,,,,full,,,,,,1,4.0,-10.290099480438743,1.7639732899259655,0.35550700675718366,-7.244790305068918,0.9764443008678886,1.2359584229974405e-13,,
b,reb1_x4.0,5001,,,,,,,,,full,,,,,,1,4.0,-8.532810638371442,1.0716387759271622,0.3553360379436661,-5.858047772322,0.7868162214043205,4.825375169193191e-14,,
b,reb1_x4.0,5002,,,,,,,,,full,,,,,,1,4.0,-11.132991771086191,1.9876365482410434,0.35147921491676026,-7.02710002684705,0.9609339337559575,1.535556326462794e-14,,
b,reb1_x4.0,5003,,,,,,,,,full,,,,,,1,4.0,-11.210045191693606,1.726554656415458,0.35497858251996717,-9.513786557618333,1.2180363393649494,3.6425998660656604e-14,,
b,reb1_x4.0,5004,,,,,,,,,full,,,,,,1,4.0,-9.749418396193386,2.0249056812975406,0.3473641541132342,-6.915033172277298,0.9739141356012145,3.986960590143461e-14,,
b,reb1_x4.0,5005,,,,,,,,,full,,,,,,1,4.0,-7.521075580695143,1.7745785096495585,0.35287209132998576,-4.439722040122647,0.684113744845967,9.976372223248961e-14,,
b,reb1_x4.0,5006,,,,,,,,,full,,,,,,1,4.0,-8.341825434484637,1.8288755664645266,0.3464309055689158,-5.852611606060671,0.850314040405833,2.230208417508178e-14,,
b,reb1_x4.0,5007,,,,,,,,,full,,,,,,1,4.0,-10.387176336238653,1.2855005312731764,0.34547121571413864,-6.7593725611955415,0.8876037375709526,1.095702665655845e-14,,
b,reb1_x4.0,5008,,,,,,,,,full,,,,,,1,4.0,-9.076722936841476,1.98440429381017,0.3488212085938152,-5.993501979184474,0.8621385113927758,5.877300247489279e-14,,
b,reb1_x4.0,5009,,,,,,,,,full,,,,,,1,4.0,-7.013574161695917,1.7866026345632213,0.34942908732740197,-4.221179652887721,0.6660434621752501,6.033574699572645e-13,,
b,reb1_x4.0,5010,,,,,,,,,full,,,,,,1,4.0,-9.093603905693115,1.7685396345722906,0.3516218639192075,-6.287472455038102,0.8812752434209578,1.8649143478602483e-14,,
b,reb1_x4.0,5011,,,,,,,,,full,,,,,,1,4.0,-8.535942560754108,1.7323542358475432,0.3479159170883001,-5.368224414380087,0.7804647563270535,1.16912654949771e-14,,
b,reb1_x4.0,5012,,,,,,,,,full,,,,,,1,4.0,-11.684464862659144,1.2329652317221937,0.3502046550921457,-7.338483232536621,0.940522135875271,1.032968835977605e-14,,
b,reb1_x4.0,5013,,,,,,,,,full,,,,,,1,4.0,-7.321471787374685,1.7470941673386773,0.3515005556298166,-4.022429386521222,0.6342205145206985,1.827445651436574e-14,,
b,reb1_x4.0,5014,,,,,,,,,full,,,,,,1,4.0,-6.329823441937885,2.0729530168215753,0.3531973773936463,-3.751407338328207,0.6418855087022424,3.043655039554041e-14,,
b,reb1_x4.0,5015,,,,,,,,,full,,,,,,1,4.0,-12.213130749449993,1.5278997443512392,0.3476285367280148,-10.985646581357779,1.3495957228648736,1.3015778983932586e-14,,
b,reb1_x4.0,5016,,,,,,,,,full,,,,,,1,4.0,-10.603260115441046,2.1782826116573917,0.35052418560950094,-9.112433097112351,1.2017233736435855,4.757372128398115e-15,,
b,reb1_x4.0,5017,,,,,,,,,full,,,,,,1,4.0,-6.758152429611584,2.5112715473029374,0.3544725569889604,-3.9316132143468066,0.6864318403448522,4.4096295315730364e-14,,
b,reb1_x4.0,5018,,,,,,,,,full,,,,,,1,4.0,-9.442685260083405,1.1925024744933304,0.3538982251219079,-6.2812870342782965,0.8362346432010933,2.9651514743420086e-15,,
b,reb1_x4.0,5019,,,,,,,,,full,,,,,,1,4.0,-8.42614089338197,1.944102695350087,0.3483242646786438,-5.550088818002582,0.8113450116996649,1.428027015969229e-14,,
b,reb21_x0.0,5000,,,,,,,,,full,,,,,,21,0.0,0.9507526391547354,0.949303403280086,0.07079403178348093,1.0,-0.00014551063489899314,2.5945838974772226e-16,,
b,reb21_x0.0,5001,,,,,,,,,full,,,,,,21,0.0,0.38297844969238115,0.3836350330031565,0.071345886186905,0.9577969557990537,5.020516259264486e-05,2.883611501472388e-16,,
b,reb21_x0.0,5002,,,,,,,,,full,,,,,,21,0.0,0.8716531292277196,0.8674151164343427,0.0704926430333555,0.9756431510899981,-0.00027348950748398325,3.1267404563243163e-16,,
b,reb21_x0.0,5003,,,,,,,,,full,,,,,,21,0.0,0.66079634004609,0.6628656632363895,0.07120085052413597,0.9862987490429632,0.00016096004042726346,2.4768018154769706e-16,,
b,reb21_x0.0,5004,,,,,,,,,full,,,,,,21,0.0,0.7929452808163013,0.7967777564811283,0.07101199083377219,0.9629704672233259,0.00029786485132310024,2.673783922589785e-16,,
b,reb21_x0.0,5005,,,,,,,,,full,,,,,,21,0.0,0.6633608252865456,0.6627411503345189,0.07121357092040155,0.8905794958162613,-4.275318029486419e-05,2.6524040799986716e-16,,
b,reb21_x0.0,5006,,,,,,,,,full,,,,,,21,0.0,0.7050298410283727,0.7011661000693414,0.07135423782583862,1.0,-0.0003195122423691911,2.617870316865468e-16,,
b,reb21_x0.0,5007,,,,,,,,,full,,,,,,21,0.0,0.1279341598346888,0.13253132337412005,0.07139391977630556,0.8886073483710717,0.00033069944910022527,3.1129463501128316e-16,,
b,reb21_x0.0,5008,,,,,,,,,full,,,,,,21,0.0,0.9579325098242016,0.9572623171010839,0.07161821996107794,1.0,-3.6701545352768247e-06,2.918417414482974e-16,,
b,reb21_x0.0,5009,,,,,,,,,full,,,,,,21,0.0,0.774270762260031,0.7736929452406628,0.07171196559368946,1.0,-1.3914470921699601e-05,2.5205914841379725e-16,,
b,reb21_x0.0,5010,,,,,,,,,full,,,,,,21,0.0,0.7092014842438741,0.7165430474895524,0.0712115701971785,0.9839387869774515,0.0005546492671976034,2.3959729669907123e-16,,
b,reb21_x0.0,5011,,,,,,,,,full,,,,,,21,0.0,0.7617281385938298,0.7648514458387249,0.07122302010541981,1.0,0.00023021629152646962,2.2481256593102047e-16,,
b,reb21_x0.0,5012,,,,,,,,,full,,,,,,21,0.0,0.530557259246499,0.527060725984525,0.0706620289509226,0.9096470421109356,-0.0002522811839024366,3.022528260393164e-16,,
b,reb21_x0.0,5013,,,,,,,,,full,,,,,,21,0.0,0.7250565023986436,0.7192048699003198,0.07094670524689471,0.9549027268743229,-0.00035733345627148895,2.8520272065738386e-16,,
b,reb21_x0.0,5014,,,,,,,,,full,,,,,,21,0.0,0.6672455742619732,0.6635851682459053,0.07151376380531903,0.999976766959665,-0.000295700165922889,2.2474689427004415e-16,,
b,reb21_x0.0,5015,,,,,,,,,full,,,,,,21,0.0,0.6363399620714711,0.6306322396006399,0.06986856882227734,0.9858308693003077,-0.00041805602917506805,2.295749589201364e-16,,
b,reb21_x0.0,5016,,,,,,,,,full,,,,,,21,0.0,0.5528098184046977,0.5503209178350543,0.07156346427554294,0.9059385095288591,-0.0001865227304335724,2.868720173948651e-16,,
b,reb21_x0.0,5017,,,,,,,,,full,,,,,,21,0.0,1.4248533998699038,1.4243889883934224,0.07088104893552642,0.9871932313364667,2.2866504812263898e-06,2.9059597871414096e-16,,
b,reb21_x0.0,5018,,,,,,,,,full,,,,,,21,0.0,0.7108879546163133,0.7153765474476119,0.07201934752044162,0.9941972496176547,0.00033704668642195,2.5420412432572816e-16,,
b,reb21_x0.0,5019,,,,,,,,,full,,,,,,21,0.0,1.0166546249208854,1.0106760836406279,0.07103250591606614,0.9515385724574524,-0.0004583330411139432,2.795742307052289e-16,,
b,reb21_x0.5,5000,,,,,,,,,full,,,,,,21,0.5,0.629625543550084,0.949303403280086,0.07079403178348093,1.0,0.02460109114511571,3.0654621421570153e-16,,
b,reb21_x0.5,5001,,,,,,,,,full,,,,,,21,0.5,0.13111599477629185,0.3836350330031565,0.071345886186905,0.9212564061853117,0.019896280137081914,3.6277404127393403e-16,,
b,reb21_x0.5,5002,,,,,,,,,full,,,,,,21,0.5,0.5116089007844291,0.8674151164343427,0.0704926430333555,0.9721949587257689,0.024324809373639667,2.7759357460762457e-16,,
b,reb21_x0.5,5003,,,,,,,,,full,,,,,,21,0.5,0.2648378593412305,0.6628656632363895,0.07120085052413597,0.9793862822190381,0.03192125044031661,3.298198393772382e-16,,
b,reb21_x0.5,5004,,,,,,,,,full,,,,,,21,0.5,0.47078069024214786,0.7967777564811283,0.0710119908337722,0.8977523358618409,0.025576613434154356,3.7837418292892794e-16,,
b,reb21_x0.5,5005,,,,,,,,,full,,,,,,21,0.5,0.40291138452846775,0.6627411503345189,0.07121357092040155,0.8749918416922136,0.01830963904263089,2.9827045127870786e-16,,
b,reb21_x0.5,5006,,,,,,,,,full,,,,,,21,0.5,0.4259778654302369,0.7011661000693414,0.0713542378258386,0.9994648241353559,0.022072769701739974,3.676081151853062e-16,,
b,reb21_x0.5,5007,,,,,,,,,full,,,,,,21,0.5,-0.185140174082628,0.13253132337412005,0.07139391977630556,0.7657421743922537,0.022659765377805837,3.583941290700338e-16,,
b,reb21_x0.5,5008,,,,,,,,,full,,,,,,21,0.5,0.6473277446736093,0.9572623171010839,0.07161821996107792,0.9654260440444778,0.022740570125520346,3.092167702769514e-16,,
b,reb21_x0.5,5009,,,,,,,,,full,,,,,,21,0.5,0.5174423005955933,0.7736929452406628,0.07171196559368946,0.97990473304695,0.017902989268793475,3.5541354541821026e-16,,
b,reb21_x0.5,5010,,,,,,,,,full,,,,,,21,0.5,0.4018746052537399,0.7165430474895524,0.0712115701971785,0.9625068078250544,0.023681797249589145,3.6704703090518176e-16,,
b,reb21_x0.5,5011,,,,,,,,,full,,,,,,21,0.5,0.47252218063446794,0.7648514458387249,0.07122302010541981,1.0,0.02079087090406793,3.0965422891071517e-16,,
b,reb21_x0.5,5012,,,,,,,,,full,,,,,,21,0.5,0.20194193019713774,0.527060725984525,0.0706620289509226,0.8939590116877785,0.023266372985756983,3.1416430001767095e-16,,
b,reb21_x0.5,5013,,,,,,,,,full,,,,,,21,0.5,0.4729809869590605,0.7192048699003198,0.07094670524689471,0.9433017296795485,0.017044253007200347,3.619092535647058e-16,,
b,reb21_x0.5,5014,,,,,,,,,full,,,,,,21,0.5,0.4441441766031603,0.6635851682459053,0.07151376380531903,0.9942495243111664,0.016816994494664006,2.839150643631165e-16,,
b,reb21_x0.5,5015,,,,,,,,,full,,,,,,21,0.5,0.19281801496217774,0.6306322396006399,0.06986856882227734,0.9846658197778376,0.033605013127332016,2.5558785441021487e-16,,
b,reb21_x0.5,5016,,,,,,,,,full,,,,,,21,0.5,0.1086983920724894,0.5503209178350543,0.07156346427554294,0.8504375812456123,0.03274159582067042,3.5942502404439053e-16,,
b,reb21_x0.5,5017,,,,,,,,,full,,,,,,21,0.5,1.1676555652991802,1.4243889883934224,0.07088104893552642,0.9861830632583076,0.018265009021176223,2.9651080550880356e-16,,
b,reb21_x0.5,5018,,,,,,,,,full,,,,,,21,0.5,0.4154669132545896,0.7153765474476119,0.07201934752044162,0.9933338787022863,0.02144600343030265,2.801826846079035e-16,,
b,reb21_x0.5,5019,,,,,,,,,full,,,,,,21,0.5,0.7058857454682541,1.0106760836406279,0.07103250591606614,0.9260301513446333,0.021628891848141204,3.1829621440842774e-16,,
b,reb21_x1.0,5000,,,,,,,,,full,,,,,,21,1.0,0.3078796567201225,0.949303403280086,0.07079403178348093,0.9884563490383337,0.049347692925129326,2.8300902326248624e-16,,
b,reb21_x1.0,5001,,,,,,,,,full,,,,,,21,1.0,-0.12094417656340795,0.3836350330031565,0.071345886186905,0.8110313099236165,0.039742355111571426,3.5752610240317524e-16,,
b,reb21_x1.0,5002,,,,,,,,,full,,,,,,21,1.0,0.1515081482805788,0.8674151164343427,0.0704926430333555,0.902449217239768,0.04892310825476389,3.7099887461699183e-16,,
b,reb21_x1.0,5003,,,,,,,,,full,,,,,,21,1.0,-0.12442902709916837,0.6628656632363895,0.07120085052413597,0.8580934202240911,0.06368154084020786,3.4632449864197354e-16,,
b,reb21_x1.0,5004,,,,,,,,,full,,,,,,21,1.0,0.14899210968542964,0.7967777564811283,0.0710119908337722,0.824144696097018,0.05085536201698503,3.6201135958898867e-16,,
b,reb21_x1.0,5005,,,,,,,,,full,,,,,,21,1.0,0.14384351496337894,0.6627411503345189,0.07121357092040155,0.8594041875681632,0.03666203126555659,4.027119637775177e-16,,
b,reb21_x1.0,5006,,,,,,,,,full,,,,,,21,1.0,0.147237601963386,0.7011661000693414,0.07135423782583862,0.998678138062796,0.044465051645849456,3.034203052449571e-16,,
b,reb21_x1.0,5007,,,,,,,,,full,,,,,,21,1.0,-0.49410344316680166,0.13253132337412005,0.07139391977630556,0.636584664776971,0.04498883130651088,3.4420713098194787e-16,,
b,reb21_x1.0,5008,,,,,,,,,full,,,,,,21,1.0,0.33512322100073105,0.9572623171010839,0.07161821996107792,0.8766203171224244,0.04548481040557627,4.2340607812282706e-16,,
b,reb21_x1.0,5009,,,,,,,,,full,,,,,,21,1.0,0.2614054374745815,0.7736929452406628,0.07171196559368946,0.9245303885130525,0.03581989300850819,3.124842400330831e-16,,
b,reb21_x1.0,5010,,,,,,,,,full,,,,,,21,1.0,0.09427505042883277,0.7165430474895524,0.0712115701971785,0.8361346945721104,0.04680894523197963,3.758917458132086e-16,,
b,reb21_x1.0,5011,,,,,,,,,full,,,,,,21,1.0,0.18303026854205712,0.7648514458387249,0.07122302010541981,1.0,0.04135152551660926,2.9319314152267067e-16,,
b,reb21_x1.0,5012,,,,,,,,,full,,,,,,21,1.0,-0.12546273285551673,0.527060725984525,0.0706620289509226,0.8101217847377208,0.04678502715541624,3.8176336566627286e-16,,
b,reb21_x1.0,5013,,,,,,,,,full,,,,,,21,1.0,0.22107270487115585,0.7192048699003198,0.07094670524689471,0.8757162927679423,0.03444583947067213,3.3316990746525957e-16,,
b,reb21_x1.0,5014,,,,,,,,,full,,,,,,21,1.0,0.22018118536654283,0.6635851682459053,0.07151376380531903,0.9864580268439385,0.03392968915525014,2.9775082113684506e-16,,
b,reb21_x1.0,5015,,,,,,,,,full,,,,,,21,1.0,-0.2381842701692283,0.6306322396006399,0.06986856882227734,0.8145177165198297,0.06762808228384012,3.2710649876860695e-16,,
b,reb21_x1.0,5016,,,,,,,,,full,,,,,,21,1.0,-0.32166414689860734,0.5503209178350543,0.07156346427554294,0.7562820190473475,0.06566971437177371,3.58165709875695e-16,,
b,reb21_x1.0,5017,,,,,,,,,full,,,,,,21,1.0,0.9078347927870246,1.4243889883934224,0.07088104893552642,0.9851728951801485,0.03652773139187096,3.11082321638381e-16,,
b,reb21_x1.0,5018,,,,,,,,,full,,,,,,21,1.0,0.1189673162159267,0.7153765474476119,0.07201934752044162,0.979389536329625,0.042554960174182366,3.085339894696835e-16,,
b,reb21_x1.0,5019,,,,,,,,,full,,,,,,21,1.0,0.39585554502437775,1.0106760836406279,0.07103250591606614,0.9004313857442141,0.043716116737396615,3.487664192346152e-16,,
b,reb21_x2.0,5000,,,,,,,,,full,,,,,,21,2.0,-0.3074865749984534,0.949303403280086,0.07079403178348093,0.6657462099123027,0.09884089648515858,3.06397746262679e-16,,
b,reb21_x2.0,5001,,,,,,,,,full,,,,,,21,2.0,-0.6113620786566403,0.3836350330031565,0.071345886186905,0.4748776144329468,0.07943450506054968,3.8549728367142714e-16,,
b,reb21_x2.0,5002,,,,,,,,,full,,,,,,21,2.0,-0.5292396061047226,0.8674151164343427,0.0704926430333555,0.6030008137399119,0.09811970601701048,3.7464120156618017e-16,,
b,reb21_x2.0,5003,,,,,,,,,full,,,,,,21,2.0,-0.8279296417470169,0.6628656632363895,0.07120085052413597,0.24861841202410287,0.12720212163998798,3.775619374955622e-16,,
b,reb21_x2.0,5004,,,,,,,,,full,,,,,,21,2.0,-0.4646792684962955,0.7967777564811283,0.0710119908337722,0.5623067651274302,0.10141285918264747,3.0425380163456606e-16,,
b,reb21_x2.0,5005,,,,,,,,,full,,,,,,21,2.0,-0.3557958252382739,0.6627411503345189,0.07121357092040155,0.7300640036496983,0.07336681571140889,4.935661653294822e-16,,
b,reb21_x2.0,5006,,,,,,,,,full,,,,,,21,2.0,-0.3908878485600642,0.7011661000693414,0.07135423782583862,0.6503048019638535,0.0892496155340681,3.948137278976387e-16,,
b,reb21_x2.0,5007,,,,,,,,,full,,,,,,21,2.0,-1.0745577383624676,0.13253132337412005,0.07139391977630556,0.20121932205761503,0.08964696316392207,5.550351767855577e-16,,
b,reb21_x2.0,5008,,,,,,,,,full,,,,,,21,2.0,-0.2670593812247963,0.9572623171010839,0.07161821996107792,0.6579652980581291,0.0909732909656874,3.8769326042019894e-16,,
b,reb21_x2.0,5009,,,,,,,,,full,,,,,,21,2.0,-0.23440597958312376,0.7736929452406628,0.07171196559368946,0.8031969030368838,0.07165370048793764,3.6764927957781e-16,,
b,reb21_x2.0,5010,,,,,,,,,full,,,,,,21,2.0,-0.49517869255552677,0.7165430474895524,0.07121157019717848,0.5636749497475901,0.09306324119676271,3.193749038612297e-16,,
b,reb21_x2.0,5011,,,,,,,,,full,,,,,,21,2.0,-0.3759540179954137,0.7648514458387249,0.07122302010541981,0.7267432732146414,0.0824728347416917,3.428848746208728e-16,,
b,reb21_x2.0,5012,,,,,,,,,full,,,,,,21,2.0,-0.7467371130273048,0.527060725984525,0.0706620289509226,0.38069025711860294,0.09382233549473397,3.6668844492274797e-16,,
b,reb21_x2.0,5013,,,,,,,,,full,,,,,,21,2.0,-0.26908981816888694,0.7192048699003198,0.07094670524689471,0.7405454189447362,0.06924901239761545,4.506683857675863e-16,,
b,reb21_x2.0,5014,,,,,,,,,full,,,,,,21,2.0,-0.22060216311236686,0.6635851682459053,0.07151376380531903,0.7783089717413387,0.06815507847642363,3.5970720046899225e-16,,
b,reb21_x2.0,5015,,,,,,,,,full,,,,,,21,2.0,-0.9941810421732614,0.6306322396006399,0.06986856882227734,0.15106786796793797,0.13567422059685466,4.854342463471847e-16,,
b,reb21_x2.0,5016,,,,,,,,,full,,,,,,21,2.0,-1.067291587187402,0.5503209178350543,0.07156346427554294,0.11419118128822875,0.13152595147398083,5.969908652779763e-16,,
b,reb21_x2.0,5017,,,,,,,,,full,,,,,,21,2.0,0.39478976917495134,1.4243889883934224,0.07088104893552642,0.937795556784166,0.07305317613326053,3.396201215871311e-16,,
b,reb21_x2.0,5018,,,,,,,,,full,,,,,,21,2.0,-0.45469115096960344,0.7153765474476119,0.07201934752044162,0.6086932944580943,0.0847728736619434,3.185246188577644e-16,,
b,reb21_x2.0,5019,,,,,,,,,full,,,,,,21,2.0,-0.19407449467793766,1.0106760836406279,0.07103250591606614,0.6770418352702994,0.08789056651590711,3.406279115231634e-16,,
b,reb21_x4.0,5000,,,,,,,,,full,,,,,,21,4.0,-1.3064786537124773,0.949303403280086,0.07079403178348093,-0.271038535320232,0.19839770395766115,1.0718289783026909e-14,,
b,reb21_x4.0,5001,,,,,,,,,full,,,,,,21,4.0,-1.4758594416315018,0.3836350330031565,0.071345886186905,-0.2827125252076441,0.16003263215742028,7.921856460901281e-14,,
b,reb21_x4.0,5002,,,,,,,,,full,,,,,,21,4.0,-1.5964433890732115,0.8674151164343427,0.07049264303335549,-0.36643343904887277,0.19768971026120652,1.4726257950920928e-13,,
b,reb21_x4.0,5003,,,,,,,,,full,,,,,,21,4.0,-1.839071747922714,0.6628656632363895,0.07120085052413597,-1.0075770974158975,0.2584683194147683,3.321093534279766e-15,,
b,reb21_x4.0,5004,,,,,,,,,full,,,,,,21,4.0,-1.4730204139379053,0.7967777564811283,0.07101199083377219,-0.4056341623382779,0.20450058165719143,6.097219509859566e-13,,
b,reb21_x4.0,5005,,,,,,,,,full,,,,,,21,4.0,-1.2128356467124228,0.6627411503345189,0.07121357092040155,0.01538296255645047,0.1467763846031126,1.488067044533676e-15,,
b,reb21_x4.0,5006,,,,,,,,,full,,,,,,21,4.0,-1.3070028027685854,0.7011661000693414,0.07135423782583862,-0.22653148588067876,0.17926537325906797,9.797706638214827e-14,,
b,reb21_x4.0,5007,,,,,,,,,full,,,,,,21,4.0,-2.0415508215253833,0.13253132337412005,0.07139391977630556,-0.7152428674743293,0.1837158954106881,1.3749435670443214e-13,,
b,reb21_x4.0,5008,,,,,,,,,full,,,,,,21,4.0,-1.262567256458831,0.9572623171010839,0.07161821996107792,-0.10041512995866651,0.1821225256243706,1.3305009305398033e-13,,
b,reb21_x4.0,5009,,,,,,,,,full,,,,,,21,4.0,-1.0932023588832998,0.7736929452406628,0.07171196559368946,0.11730810841809428,0.1433213154467968,4.961159847134024e-16,,
b,reb21_x4.0,5010,,,,,,,,,full,,,,,,21,4.0,-1.4616247634961228,0.7165430474895524,0.0712115701971785,-0.2897184673329648,0.1862270767817154,1.48604409570425e-13,,
b,reb21_x4.0,5011,,,,,,,,,full,,,,,,21,4.0,-1.3165909875974928,0.7648514458387249,0.07122302010541981,-0.07573684017995547,0.16478700612113778,1.5492614042070794e-13,,
b,reb21_x4.0,5012,,,,,,,,,full,,,,,,21,4.0,-1.7690805639064904,0.527060725984525,0.0706620289509226,-0.5035242231077897,0.19113312026646775,1.0675234461312306e-13,,
b,reb21_x4.0,5013,,,,,,,,,full,,,,,,21,4.0,-1.1274471360721068,0.7192048699003198,0.07094670524689471,0.0939210461203481,0.1388553582515029,1.2234260800858969e-15,,
b,reb21_x4.0,5014,,,,,,,,,full,,,,,,21,4.0,-1.0182429300268032,0.6635851682459053,0.07151376380531903,0.1420612495656149,0.13660585711877005,4.959672223812833e-16,,
b,reb21_x4.0,5015,,,,,,,,,full,,,,,,21,4.0,-2.0253531418370687,0.6306322396006399,0.06986856882227734,-1.2345269487642982,0.27778650949246864,6.91253195328077e-14,,
b,reb21_x4.0,5016,,,,,,,,,full,,,,,,21,4.0,-2.0596412226753955,0.5503209178350543,0.07156346427554294,-1.2355705408731856,0.2699781449375733,6.807505413079972e-14,,
b,reb21_x4.0,5017,,,,,,,,,full,,,,,,21,4.0,-0.5267778232905173,1.4243889883934224,0.07088104893552642,0.4263158332045253,0.14610406561604009,3.9180739403388977e-16,,
b,reb21_x4.0,5018,,,,,,,,,full,,,,,,21,4.0,-1.4232397412129227,0.7153765474476119,0.07201934752044162,-0.18324041542932779,0.16979437464506492,5.687889927112326e-14,,
b,reb21_x4.0,5019,,,,,,,,,full,,,,,,21,4.0,-1.1433160908155513,1.0106760836406279,0.07103250591606614,-0.024341961786329608,0.176245104621291,3.490475376480767e-13,,
b,reb5_x0.0,5000,,,,,,,,,full,,,,,,5,0.0,1.6148500511792159,1.616296064145888,0.1713187391737872,1.0,0.00013812510845720351,2.8418235080652615e-16,,
b,reb5_x0.0,5001,,,,,,,,,full,,,,,,5,0.0,0.5892556823166857,0.5901510485285055,0.17078134705014675,0.9696158274113051,8.719161717756407e-05,2.503904876262545e-16,,
b,reb5_x0.0,5002,,,,,,,,,full,,,,,,5,0.0,1.481451051288426,1.4806314094657267,0.16678275690597683,1.0,-4.2310936706099886e-05,2.8845421973575616e-16,,
b,reb5_x0.0,5003,,,,,,,,,full,,,,,,5,0.0,1.3907420107852113,1.3942754998326927,0.16931175943016727,0.9919063035150784,0.00031207036401647,2.630868497525967e-16,,
b,reb5_x0.0,5004,,,,,,,,,full,,,,,,5,0.0,1.5890228135427915,1.59773634936018,0.16792409686645182,0.9390291444209544,0.0006889881044074603,3.326502081164689e-16,,
b,reb5_x0.0,5005,,,,,,,,,full,,,,,,5,0.0,1.6313306625197344,1.6331524343533068,0.16924829954740872,0.9906864007210627,0.00014505069148411332,3.306230869267653e-16,,
b,reb5_x0.0,5006,,,,,,,,,full,,,,,,5,0.0,1.6092418837800662,1.607891271098057,0.16896641262151363,1.0,-0.00015582356336736256,2.629839990793129e-16,,
b,reb5_x0.0,5007,,,,,,,,,full,,,,,,5,0.0,0.9624826837398732,0.9524590924509982,0.16714577134117897,0.9833295132477577,-0.0006763454806968413,2.5702068095962623e-16,,
b,reb5_x0.0,5008,,,,,,,,,full,,,,,,5,0.0,1.6234924386703329,1.618060250547897,0.16975685050873998,1.0,-0.00038745702200461635,2.844773502777715e-16,,
b,reb5_x0.0,5009,,,,,,,,,full,,,,,,5,0.0,1.245846261626011,1.2491311540233205,0.16934383838751116,0.9792121005619672,0.00024917255053070217,2.7813145373889124e-16,,
b,reb5_x0.0,5010,,,,,,,,,full,,,,,,5,0.0,1.6018089058552496,1.6066561748067318,0.1687936089953091,0.9982691399948036,0.0004153453833987562,2.7765960407461905e-16,,
b,reb5_x0.0,5011,,,,,,,,,full,,,,,,5,0.0,1.9092030762080952,1.9124078581359785,0.1674498150001619,1.0,0.000221698712539587,2.561184113163514e-16,,
b,reb5_x0.0,5012,,,,,,,,,full,,,,,,5,0.0,0.6549583973513952,0.6562369366079147,0.16740965799755408,1.0,0.00011169606682556851,2.7434077160131866e-16,,
b,reb5_x0.0,5013,,,,,,,,,full,,,,,,5,0.0,1.2730434631695247,1.2708981872346397,0.17127940363792923,0.934821919458717,-0.00012240689259221285,3.042736655384112e-16,,
b,reb5_x0.0,5014,,,,,,,,,full,,,,,,5,0.0,1.6385582417870272,1.6306233980737097,0.17136317231619533,1.0,-0.0005904105310096744,2.631952900973117e-16,,
b,reb5_x0.0,5015,,,,,,,,,full,,,,,,5,0.0,1.5515226463993663,1.546443194579547,0.16848395009837133,0.9882029073162211,-0.0003682634006644597,2.5210845964264433e-16,,
b,reb5_x0.0,5016,,,,,,,,,full,,,,,,5,0.0,1.4663594823848896,1.468771918727006,0.16956786738886487,1.0,0.0001617474780464005,2.757129270522398e-16,,
b,reb5_x0.0,5017,,,,,,,,,full,,,,,,5,0.0,2.2380102291308352,2.236172498391016,0.16906824686961108,0.9871932313364667,-5.2687861563501144e-05,2.7234163792107557e-16,,
b,reb5_x0.0,5018,,,,,,,,,full,,,,,,5,0.0,0.9144302574409704,0.9111756101406352,0.16995620348279517,0.9373429863869023,-0.00019000456170610038,2.3803145364123884e-16,,
b,reb5_x0.0,5019,,,,,,,,,full,,,,,,5,0.0,1.4933848435359844,1.493231784545124,0.1689882945966251,0.9913263285489071,-1.9221317012207322e-05,2.8023534655463273e-16,,
b,reb5_x0.5,5000,,,,,,,,,full,,,,,,5,0.5,0.8629293701519946,1.616296064145888,0.1713187391737872,1.0,0.055435228742546507,2.9909698199835016e-16,,
b,reb5_x0.5,5001,,,,,,,,,full,,,,,,5,0.5,0.033097608228142165,0.5901510485285055,0.17078134705014675,0.9513689076178707,0.0440953866939292,3.512422080752629e-16,,
b,reb5_x0.5,5002,,,,,,,,,full,,,,,,5,0.5,0.7157500629877508,1.4806314094657267,0.16678275690597685,1.0,0.052726917676296635,2.851526969523291e-16,,
b,reb5_x0.5,5003,,,,,,,,,full,,,,,,5,0.5,0.5431339990275278,1.3942754998326927,0.16931175943016727,0.9891398796955158,0.06684882873374383,3.0326132677189073e-16,,
b,reb5_x0.5,5004,,,,,,,,,full,,,,,,5,0.5,0.913454010581161,1.59773634936018,0.16792409686645182,0.9151397561169883,0.0548679939458796,3.504813576169417e-16,,
b,reb5_x0.5,5005,,,,,,,,,full,,,,,,5,0.5,1.0695939031976631,1.6331524343533068,0.16924829954740872,0.9893342375410386,0.03932828495758159,3.6545052316147215e-16,,
b,reb5_x0.5,5006,,,,,,,,,full,,,,,,5,0.5,0.9982856850703754,1.607891271098057,0.16896641262151363,0.9936879829847051,0.04817945832542394,3.609849231092906e-16,,
b,reb5_x0.5,5007,,,,,,,,,full,,,,,,5,0.5,0.2592956238219109,0.9524590924509982,0.16714577134117897,0.9454875204877602,0.04869074296578095,3.4497714457926553e-16,,
b,reb5_x0.5,5008,,,,,,,,,full,,,,,,5,0.5,0.9776816891210647,1.618060250547897,0.16975685050873998,1.0,0.048383186854882757,3.4831148900020505e-16,,
b,reb5_x0.5,5009,,,,,,,,,full,,,,,,5,0.5,0.7302100008486027,1.2491311540233205,0.16934383838751113,0.9666908520009592,0.03786927604260273,3.1302737176792767e-16,,
b,reb5_x0.5,5010,,,,,,,,,full,,,,,,5,0.5,0.930615744485722,1.6066561748067318,0.1687936089953091,0.9974654869105555,0.05076029226323761,3.2496904792296834e-16,,
b,reb5_x0.5,5011,,,,,,,,,full,,,,,,5,0.5,1.3118158642895632,1.9124078581359785,0.16744981500016193,1.0,0.04408924019097303,4.108077571830443e-16,,
b,reb5_x0.5,5012,,,,,,,,,full,,,,,,5,0.5,-0.05466680378492345,0.6562369366079147,0.16740965799755408,0.7635933608709222,0.05138270364487962,3.895778469926425e-16,,
b,reb5_x0.5,5013,,,,,,,,,full,,,,,,5,0.5,0.7244867374708548,1.2708981872346397,0.17127940363792923,0.9105224951976394,0.03699489888337258,2.766895240494498e-16,,
b,reb5_x0.5,5014,,,,,,,,,full,,,,,,5,0.5,1.1425518592101194,1.6306233980737097,0.17136317231619533,1.0,0.03662063660083843,3.5329622573802373e-16,,
b,reb5_x0.5,5015,,,,,,,,,full,,,,,,5,0.5,0.5862130867423686,1.546443194579547,0.16848395009837133,0.9850359249975137,0.0757243741882581,3.4718180041906774e-16,,
b,reb5_x0.5,5016,,,,,,,,,full,,,,,,5,0.5,0.5303167105861422,1.468771918727006,0.16956786738886487,0.9993705222012581,0.06959008436005572,2.9642606952880065e-16,,
b,reb5_x0.5,5017,,,,,,,,,full,,,,,,5,0.5,1.6752420584063252,2.236172498391016,0.16906824686961108,0.9861830632583076,0.03907882446535812,3.7946655759574603e-16,,
b,reb5_x0.5,5018,,,,,,,,,full,,,,,,5,0.5,0.2751337129770449,0.9111756101406352,0.16995620348279517,0.9153621092108123,0.04569242184314301,3.2473563242364144e-16,,
b,reb5_x0.5,5019,,,,,,,,,full,,,,,,5,0.5,0.8312802111821157,1.493231784545124,0.1689882945966251,0.9894063669809445,0.047031063515643394,3.5209875197805765e-16,,
b,reb5_x1.0,5000,,,,,,,,,full,,,,,,5,1.0,0.1144757086850197,1.616296064145888,0.1713187391737872,0.9300401003107958,0.110732332376636,3.5824150268276064e-16,,
b,reb5_x1.0,5001,,,,,,,,,full,,,,,,5,1.0,-0.5169491340715354,0.5901510485285055,0.17078134705014675,0.5515955470753334,0.08810358177068016,3.3756105258518048e-16,,
b,reb5_x1.0,5002,,,,,,,,,full,,,,,,5,1.0,-0.04680153737528385,1.4806314094657267,0.16678275690597683,0.8673714498541616,0.10549614628929953,3.692084253368998e-16,,
b,reb5_x1.0,5003,,,,,,,,,full,,,,,,5,1.0,-0.2888003628599205,1.3942754998326927,0.16931175943016727,0.742775393524231,0.13338558710347112,3.9535322797909427e-16,,
b,reb5_x1.0,5004,,,,,,,,,full,,,,,,5,1.0,0.2437037161365008,1.59773634936018,0.16792409686645182,0.8663872412756396,0.10904699978735213,3.691240245267956e-16,,
b,reb5_x1.0,5005,,,,,,,,,full,,,,,,5,1.0,0.508347313791683,1.6331524343533068,0.16924829954740872,0.9435731265379712,0.07851151922367998,2.8829051115637227e-16,,
b,reb5_x1.0,5006,,,,,,,,,full,,,,,,5,1.0,0.3902116695685745,1.607891271098057,0.16896641262151363,0.9443832139363144,0.09651474021421673,3.3365853936388367e-16,,
b,reb5_x1.0,5007,,,,,,,,,full,,,,,,5,1.0,-0.43778450763501264,0.9524590924509982,0.16714577134117897,0.6651635170511486,0.09805783141225806,3.708730862056918e-16,,
b,reb5_x1.0,5008,,,,,,,,,full,,,,,,5,1.0,0.33043400001839496,1.618060250547897,0.16975685050873998,0.9431177310575278,0.09715383073177086,3.546826240126022e-16,,
b,reb5_x1.0,5009,,,,,,,,,full,,,,,,5,1.0,0.2156402667682953,1.2491311540233205,0.16934383838751113,0.9541696034399518,0.0754893795346754,3.2662976197183804e-16,,
b,reb5_x1.0,5010,,,,,,,,,full,,,,,,5,1.0,0.2640185720157217,1.6066561748067318,0.1687936089953091,0.9966618338263076,0.10110523914307457,3.407292289558233e-16,,
b,reb5_x1.0,5011,,,,,,,,,full,,,,,,5,1.0,0.7119566125215738,1.9124078581359785,0.1674498150001619,0.9943762341441738,0.08795678166940576,3.887781224422413e-16,,
b,reb5_x1.0,5012,,,,,,,,,full,,,,,,5,1.0,-0.7495658195342748,0.6562369366079147,0.16740965799755408,0.3364578627605238,0.10265371122293405,3.6632688095477127e-16,,
b,reb5_x1.0,5013,,,,,,,,,full,,,,,,5,1.0,0.17866043876487925,1.2708981872346397,0.17127940363792923,0.8774635157483965,0.07411220465933782,3.5972710874104303e-16,,
b,reb5_x1.0,5014,,,,,,,,,full,,,,,,5,1.0,0.6448055458131727,1.6306233980737097,0.17136317231619533,1.0,0.0738316837326857,2.95601784282e-16,,
b,reb5_x1.0,5015,,,,,,,,,full,,,,,,5,1.0,-0.3610351957306896,1.546443194579547,0.16848395009837133,0.7096367530486812,0.15181701177717907,3.2760349427500695e-16,,
b,reb5_x1.0,5016,,,,,,,,,full,,,,,,5,1.0,-0.3781980004351319,1.468771918727006,0.16956786738886487,0.7133165304939258,0.13901842124206587,3.363289197706375e-16,,
b,reb5_x1.0,5017,,,,,,,,,full,,,,,,5,1.0,1.1131790457411437,2.236172498391016,0.16906824686961106,0.9851728951801485,0.0782103367922774,3.145368302738964e-16,,
b,reb5_x1.0,5018,,,,,,,,,full,,,,,,5,1.0,-0.35935945692770965,0.9111756101406352,0.16995620348279517,0.6775408765461529,0.09157484824799124,3.8898407778294174e-16,,
b,reb5_x1.0,5019,,,,,,,,,full,,,,,,5,1.0,0.16853596063041007,1.493231784545124,0.1689882945966251,0.9662723687955664,0.0940813483482985,3.102936644014006e-16,,
b,reb5_x2.0,5000,,,,,,,,,full,,,,,,5,2.0,-1.288621175717289,1.616296064145888,0.1713187391737872,-0.0136602518869402,0.2213296348519175,2.2672455179407043e-13,,
b,reb5_x2.0,5001,,,,,,,,,full,,,,,,5,2.0,-1.5718078033490754,0.5901510485285055,0.17078134705014675,-0.28536513524220286,0.17658066972058584,1.323349759539165e-14,,
b,reb5_x2.0,5002,,,,,,,,,full,,,,,,5,2.0,-1.4789865265035975,1.4806314094657267,0.16678275690597683,-0.07022527365524084,0.21106579680402446,1.3033074557550694e-14,,
b,reb5_x2.0,5003,,,,,,,,,full,,,,,,5,2.0,-1.793718073794976,1.3942754998326927,0.16931175943016727,-0.5322570901022365,0.26693453408970996,4.407201086008811e-14,,
b,reb5_x2.0,5004,,,,,,,,,full,,,,,,5,2.0,-1.0231051847153,1.59773634936018,0.16792409686645182,0.10489659349558889,0.2174050114702964,7.953918614312926e-16,,
b,reb5_x2.0,5005,,,,,,,,,full,,,,,,5,2.0,-0.5787985202590417,1.6331524343533068,0.16924829954740872,0.5854601979198475,0.15687798775587522,3.920311247803494e-16,,
b,reb5_x2.0,5006,,,,,,,,,full,,,,,,5,2.0,-0.7757298696819004,1.607891271098057,0.16896641262151363,0.32902389940013826,0.19318530399180076,5.584199979659974e-16,,
b,reb5_x2.0,5007,,,,,,,,,full,,,,,,5,2.0,-1.7539892781410735,0.9524590924509982,0.16714577134117897,-0.29349652853962543,0.19721610491456382,1.5651571059121147e-13,,
b,reb5_x2.0,5008,,,,,,,,,full,,,,,,5,2.0,-0.9127374568251554,1.618060250547897,0.16975685050873998,0.2811351361703386,0.19469511848554494,4.1876152966699075e-16,,
b,reb5_x2.0,5009,,,,,,,,,full,,,,,,5,2.0,-0.7841740854383006,1.2491311540233205,0.16934383838751113,0.3870517024863235,0.1507295865188205,3.9406175210267933e-16,,
b,reb5_x2.0,5010,,,,,,,,,full,,,,,,5,2.0,-0.9959381295085792,1.6066561748067318,0.1687936089953091,0.21274716283143824,0.20179513290274934,3.788550342129137e-16,,
b,reb5_x2.0,5011,,,,,,,,,full,,,,,,5,2.0,-0.4528387166678913,1.9124078581359785,0.16744981500016193,0.6433916737332174,0.17569186462627265,3.45743314022787e-16,,
b,reb5_x2.0,5012,,,,,,,,,full,,,,,,5,2.0,-2.061432435067825,0.6562369366079147,0.16740965799755408,-0.5578977852058846,0.2071953609329185,5.29961507916738e-13,,
b,reb5_x2.0,5013,,,,,,,,,full,,,,,,5,2.0,-0.8749981364652539,1.2708981872346397,0.17127940363792923,0.37821274013279116,0.1483468162112669,3.6723669510416586e-16,,
b,reb5_x2.0,5014,,,,,,,,,full,,,,,,5,2.0,-0.3318610523015411,1.6306233980737097,0.17136317231619533,0.7466198862858234,0.1482537779963806,3.7000254394108127e-16,,
b,reb5_x2.0,5015,,,,,,,,,full,,,,,,5,2.0,-2.0386522954935353,1.546443194579547,0.16848395009837133,-0.7822554580418681,0.3051662687896516,1.543233870948743e-14,,
b,reb5_x2.0,5016,,,,,,,,,full,,,,,,5,2.0,-1.96497323466589,1.468771918727006,0.16956786738886487,-0.6498211055369867,0.2788274095529287,3.575692726296275e-14,,
b,reb5_x2.0,5017,,,,,,,,,full,,,,,,5,2.0,0.022791169768580363,2.236172498391016,0.16906824686961106,0.8532316617983225,0.1564733614461192,3.714846084225613e-16,,
b,reb5_x2.0,5018,,,,,,,,,full,,,,,,5,2.0,-1.5695067812193115,0.9111756101406352,0.16995620348279517,-0.1514119906428919,0.1835847412501256,2.438996663514427e-13,,
b,reb5_x2.0,5019,,,,,,,,,full,,,,,,5,2.0,-1.0905879274292765,1.493231784545124,0.1689882945966251,0.19416324377003719,0.18818191801360962,5.559985988966106e-16,,
b,reb5_x4.0,5000,,,,,,,,,full,,,,,,5,4.0,-3.6647389318927988,1.616296064145888,0.1713187391737872,-2.3836963925909544,0.4660183698565911,7.149983664870085e-14,,
b,reb5_x4.0,5001,,,,,,,,,full,,,,,,5,4.0,-3.5131577044124813,0.5901510485285055,0.17078134705014675,-2.161738768328645,0.37084168471180834,1.3041303717809601e-13,,
b,reb5_x4.0,5002,,,,,,,,,full,,,,,,5,4.0,-3.945730317347811,1.4806314094657267,0.16678275690597685,-2.368956489688089,0.4473214009342937,1.662824417043773e-14,,
b,reb5_x4.0,5003,,,,,,,,,full,,,,,,5,4.0,-4.125344242894368,1.3942754998326927,0.16931175943016727,-3.4271321112910518,0.5640374008074559,1.3939333804210434e-13,,
b,reb5_x4.0,5004,,,,,,,,,full,,,,,,5,4.0,-3.3243588921964933,1.59773634936018,0.16792409686645182,-2.2417425895546024,0.4616077167423736,4.361196059629333e-15,,
b,reb5_x4.0,5005,,,,,,,,,full,,,,,,5,4.0,-2.524967573072831,1.6331524343533068,0.16924829954740872,-1.005929653826011,0.3201102016062231,6.006421792781912e-14,,
b,reb5_x4.0,5006,,,,,,,,,full,,,,,,5,4.0,-2.8971026655415835,1.607891271098057,0.16896641262151363,-1.706377874098083,0.4033218961601199,5.743534364842315e-14,,
b,reb5_x4.0,5007,,,,,,,,,full,,,,,,5,4.0,-4.084029037699574,0.9524590924509982,0.16714577134117897,-2.462563241130748,0.42068689068599396,1.1936921770899306e-14,,
b,reb5_x4.0,5008,,,,,,,,,full,,,,,,5,4.0,-3.125768829962305,1.618060250547897,0.16975685050873998,-1.7722173138323858,0.406349316407463,7.67718818995279e-13,,
b,reb5_x4.0,5009,,,,,,,,,full,,,,,,5,4.0,-2.6389242048005603,1.2491311540233205,0.16934383838751113,-1.1328041977366898,0.3101474996152684,3.2102933244331413e-14,,
b,reb5_x4.0,5010,,,,,,,,,full,,,,,,5,4.0,-3.1606745463229946,1.6066561748067318,0.1687936089953091,-1.9075618883394982,0.4192855202183099,1.5564771481926945e-14,,
b,reb5_x4.0,5011,,,,,,,,,full,,,,,,5,4.0,-2.5255801451646125,1.9124078581359785,0.1674498150001619,-1.1287582841905268,0.35906365734867957,3.4780218564293176e-13,,
b,reb5_x4.0,5012,,,,,,,,,full,,,,,,5,4.0,-4.371547375126835,0.6562369366079147,0.16740965799755408,-2.872481474185624,0.44458855980263534,1.664089258845751e-13,,
b,reb5_x4.0,5013,,,,,,,,,full,,,,,,5,4.0,-2.7885987727063215,1.2708981872346397,0.17127940363792923,-1.138935886926916,0.305037581484318,1.571354895847585e-13,,
b,reb5_x4.0,5014,,,,,,,,,full,,,,,,5,4.0,-2.1110666146779757,1.6306233980737097,0.17136317231619533,-0.7295650360066708,0.29995935122270423,1.477592295018553e-14,,
b,reb5_x4.0,5015,,,,,,,,,full,,,,,,5,4.0,-4.396927237473822,1.546443194579547,0.16848395009837133,-4.06035527317715,0.6413816344445523,1.623607183119678e-14,,
b,reb5_x4.0,5016,,,,,,,,,full,,,,,,5,4.0,-4.191012978749586,1.468771918727006,0.16956786738886487,-3.6521177097151054,0.58675526639171,2.5309243034813466e-14,,
b,reb5_x4.0,5017,,,,,,,,,full,,,,,,5,4.0,-1.9238751689253124,2.236172498391016,0.16906824686961106,-0.5603031237907204,0.31744798882372005,6.783181247489938e-14,,
b,reb5_x4.0,5018,,,,,,,,,full,,,,,,5,4.0,-3.8477022504371243,0.9111756101406352,0.16995620348279517,-2.2068366850421075,0.39439753041927594,8.686344939975047e-14,,
b,reb5_x4.0,5019,,,,,,,,,full,,,,,,5,4.0,-3.235058881660076,1.493231784545124,0.1689882945966251,-1.7835258789125066,0.39153078725814905,2.6604255220812898e-14,,
c,phi0.5_next_close_d1,5000,,,,0.5,,,,,full,,,,,,,,-2.0767874014296477,0.16522289689287845,,,,3.4231826454220746e-12,next_close,1
c,phi0.5_next_close_d1,5001,,,,0.5,,,,,full,,,,,,,,-2.473212225176499,-0.7752889824908747,,,,2.1980426944583973e-14,next_close,1
c,phi0.5_next_close_d1,5002,,,,0.5,,,,,full,,,,,,,,-2.1240851250486035,0.13514361674775113,,,,1.3058963746895798e-13,next_close,1
c,phi0.5_next_close_d1,5003,,,,0.5,,,,,full,,,,,,,,-2.096615799896714,0.4316421319374965,,,,1.725106307106197e-13,next_close,1
c,phi0.5_next_close_d1,5004,,,,0.5,,,,,full,,,,,,,,-1.4143849120302132,0.6658033099469549,,,,2.0530033718272924e-13,next_close,1
c,phi0.5_next_close_d1,5005,,,,0.5,,,,,full,,,,,,,,-1.5539793851698365,0.1096335403471834,,,,1.085333171306526e-12,next_close,1
c,phi0.5_next_close_d1,5006,,,,0.5,,,,,full,,,,,,,,-1.7906153603468449,0.07762293620157709,,,,9.600455051862337e-14,next_close,1
c,phi0.5_next_close_d1,5007,,,,0.5,,,,,full,,,,,,,,-2.0936238723194185,0.04078542006293369,,,,1.7694947187028735e-13,next_close,1
c,phi0.5_next_close_d1,5008,,,,0.5,,,,,full,,,,,,,,-1.9877895292194747,-0.03158671242669086,,,,2.355046120445629e-14,next_close,1
c,phi0.5_next_close_d1,5009,,,,0.5,,,,,full,,,,,,,,-1.6023652831024682,-0.06412688007404395,,,,1.7611219373991563e-13,next_close,1
c,phi0.5_next_close_d1,5010,,,,0.5,,,,,full,,,,,,,,-1.9552121837604592,0.09002799111922229,,,,2.8324183932624937e-14,next_close,1
c,phi0.5_next_close_d1,5011,,,,0.5,,,,,full,,,,,,,,-1.5178881418843646,0.3456707964099313,,,,8.353886595097018e-14,next_close,1
c,phi0.5_next_close_d1,5012,,,,0.5,,,,,full,,,,,,,,-2.3795294968337903,-0.23915383887872801,,,,1.5412208170677555e-13,next_close,1
c,phi0.5_next_close_d1,5013,,,,0.5,,,,,full,,,,,,,,-1.5055357193434233,0.13172302326904542,,,,2.2894991840463367e-13,next_close,1
c,phi0.5_next_close_d1,5014,,,,0.5,,,,,full,,,,,,,,-1.304325538351707,0.20985916016755224,,,,1.6211308443546487e-15,next_close,1
c,phi0.5_next_close_d1,5015,,,,0.5,,,,,full,,,,,,,,-2.6370351919394754,0.16444456088126433,,,,2.474282020227006e-14,next_close,1
c,phi0.5_next_close_d1,5016,,,,0.5,,,,,full,,,,,,,,-2.7380969187136706,-0.11563439879258954,,,,3.400943522826353e-14,next_close,1
c,phi0.5_next_close_d1,5017,,,,0.5,,,,,full,,,,,,,,-0.8012802287069801,0.8543096512836946,,,,3.5809721436205035e-16,next_close,1
c,phi0.5_next_close_d1,5018,,,,0.5,,,,,full,,,,,,,,-1.8903417538262235,0.05208607902285382,,,,1.2046907878285753e-13,next_close,1
c,phi0.5_next_close_d1,5019,,,,0.5,,,,,full,,,,,,,,-1.8659223360294475,0.1190961157741864,,,,1.4579017804389616e-14,next_close,1
c,phi0.5_next_open_d1,5000,,,,0.5,,,,,full,,,,,,,,-1.7886221915922151,0.4494547084403787,,,,2.4286986721745074e-13,next_open,1
c,phi0.5_next_open_d1,5001,,,,0.5,,,,,full,,,,,,,,-2.3431595886302317,-0.6036214378535739,,,,9.152214401218167e-14,next_open,1
c,phi0.5_next_open_d1,5002,,,,0.5,,,,,full,,,,,,,,-1.9891380532079983,0.27659351506379387,,,,3.7552029487988723e-13,next_open,1
c,phi0.5_next_open_d1,5003,,,,0.5,,,,,full,,,,,,,,-1.9944491602390122,0.5161340940449309,,,,4.8377277912309296e-14,next_open,1
c,phi0.5_next_open_d1,5004,,,,0.5,,,,,full,,,,,,,,-1.3544071292262416,0.7479949211597633,,,,1.3547315126825639e-12,next_open,1
c,phi0.5_next_open_d1,5005,,,,0.5,,,,,full,,,,,,,,-1.2989434753629225,0.34586100830325006,,,,8.227531518780268e-16,next_open,1
c,phi0.5_next_open_d1,5006,,,,0.5,,,,,full,,,,,,,,-1.3286154321935106,0.6167787678265976,,,,9.108894478695108e-15,next_open,1
c,phi0.5_next_open_d1,5007,,,,0.5,,,,,full,,,,,,,,-2.027080228334664,0.09304390215765042,,,,2.857765824082129e-13,next_open,1
c,phi0.5_next_open_d1,5008,,,,0.5,,,,,full,,,,,,,,-1.5971424291798337,0.39972487467793816,,,,9.330896016039555e-13,next_open,1
c,phi0.5_next_open_d1,5009,,,,0.5,,,,,full,,,,,,,,-1.2898001033900546,0.2713812236539487,,,,2.1922725404535307e-15,next_open,1
c,phi0.5_next_open_d1,5010,,,,0.5,,,,,full,,,,,,,,-1.7148728882561255,0.38157935848492947,,,,1.50538621556024e-13,next_open,1
c,phi0.5_next_open_d1,5011,,,,0.5,,,,,full,,,,,,,,-1.1419411626814284,0.7590094170285638,,,,7.396111090664768e-16,next_open,1
c,phi0.5_next_open_d1,5012,,,,0.5,,,,,full,,,,,,,,-2.356445950245386,-0.18751952018651574,,,,8.625145717876106e-15,next_open,1
c,phi0.5_next_open_d1,5013,,,,0.5,,,,,full,,,,,,,,-1.2184896090827526,0.42788514245699244,,,,4.624252140079385e-16,next_open,1
c,phi0.5_next_open_d1,5014,,,,0.5,,,,,full,,,,,,,,-1.0825075603749166,0.45405801742683605,,,,4.1547096398904265e-16,next_open,1
c,phi0.5_next_open_d1,5015,,,,0.5,,,,,full,,,,,,,,-2.3315591262137696,0.5477468996230449,,,,8.735079602751931e-14,next_open,1
c,phi0.5_next_open_d1,5016,,,,0.5,,,,,full,,,,,,,,-2.614964676730587,0.011010391236861152,,,,4.4914687416922515e-14,next_open,1
c,phi0.5_next_open_d1,5017,,,,0.5,,,,,full,,,,,,,,-0.7290710271872853,0.921701386184564,,,,4.3222939403525845e-16,next_open,1
c,phi0.5_next_open_d1,5018,,,,0.5,,,,,full,,,,,,,,-1.497395086128093,0.4505246339424705,,,,4.566619507825084e-15,next_open,1
c,phi0.5_next_open_d1,5019,,,,0.5,,,,,full,,,,,,,,-1.8362125589347764,0.1688899302162142,,,,1.265362503956055e-13,next_open,1
c,phi0.5_next_open_d2,5000,,,,0.5,,,,,full,,,,,,,,-2.208812101856813,0.04966335775589777,,,,2.626926586073887e-14,next_open,2
c,phi0.5_next_open_d2,5001,,,,0.5,,,,,full,,,,,,,,-2.3823589621039996,-0.6607066383611935,,,,2.3255049783875745e-14,next_open,2
c,phi0.5_next_open_d2,5002,,,,0.5,,,,,full,,,,,,,,-2.236439196451909,0.020314646457840896,,,,8.155193057298876e-15,next_open,2
c,phi0.5_next_open_d2,5003,,,,0.5,,,,,full,,,,,,,,-2.001220886500429,0.5209721287162131,,,,6.032177981239664e-14,next_open,2
c,phi0.5_next_open_d2,5004,,,,0.5,,,,,full,,,,,,,,-1.4201118081522996,0.6888791822743412,,,,1.010089315797058e-11,next_open,2
c,phi0.5_next_open_d2,5005,,,,0.5,,,,,full,,,,,,,,-1.6183054533428243,0.04296387466452179,,,,1.8819303687114832e-14,next_open,2
c,phi0.5_next_open_d2,5006,,,,0.5,,,,,full,,,,,,,,-1.8259002361230734,0.09557424208748402,,,,5.456968961219556e-12,next_open,2
c,phi0.5_next_open_d2,5007,,,,0.5,,,,,full,,,,,,,,-2.115579557852544,0.004789739777893174,,,,7.49123029309448e-15,next_open,2
c,phi0.5_next_open_d2,5008,,,,0.5,,,,,full,,,,,,,,-1.987782678352018,-0.010230658929155584,,,,3.0024635944799735e-14,next_open,2
c,phi0.5_next_open_d2,5009,,,,0.5,,,,,full,,,,,,,,-1.5169822620225806,0.04828773374516076,,,,3.087046403184195e-14,next_open,2
c,phi0.5_next_open_d2,5010,,,,0.5,,,,,full,,,,,,,,-1.9940348540589388,0.02566873273121159,,,,1.8453629322968653e-12,next_open,2
c,phi0.5_next_open_d2,5011,,,,0.5,,,,,full,,,,,,,,-1.507403568838451,0.3498021622773767,,,,4.839883671440983e-13,next_open,2
c,phi0.5_next_open_d2,5012,,,,0.5,,,,,full,,,,,,,,-2.496420100015901,-0.372369465157149,,,,7.108177824929627e-14,next_open,2
c,phi0.5_next_open_d2,5013,,,,0.5,,,,,full,,,,,,,,-1.52959624729701,0.0996446084022261,,,,3.7970480058717924e-14,next_open,2
c,phi0.5_next_open_d2,5014,,,,0.5,,,,,full,,,,,,,,-1.4330199221307178,0.08328740231642821,,,,5.31233710691297e-14,next_open,2
c,phi0.5_next_open_d2,5015,,,,0.5,,,,,full,,,,,,,,-2.666811027287477,0.15441103353502367,,,,3.0889928820185065e-14,next_open,2
c,phi0.5_next_open_d2,5016,,,,0.5,,,,,full,,,,,,,,-2.7560642123593646,-0.1043901698958181,,,,4.017267745803794e-14,next_open,2
c,phi0.5_next_open_d2,5017,,,,0.5,,,,,full,,,,,,,,-0.8564672732634184,0.8001130067845611,,,,6.456798979940602e-16,next_open,2
c,phi0.5_next_open_d2,5018,,,,0.5,,,,,full,,,,,,,,-1.8390755369993246,0.09564034856005656,,,,1.1689595757064956e-13,next_open,2
c,phi0.5_next_open_d2,5019,,,,0.5,,,,,full,,,,,,,,-1.8485448709494443,0.13692948235300514,,,,3.197500234697497e-14,next_open,2
c,phi0.5_next_open_d3,5000,,,,0.5,,,,,full,,,,,,,,-2.57587386117917,-0.3576038252322523,,,,9.386475594058388e-15,next_open,3
c,phi0.5_next_open_d3,5001,,,,0.5,,,,,full,,,,,,,,-2.2230241884434316,-0.5031098396656121,,,,5.2750973043484554e-14,next_open,3
c,phi0.5_next_open_d3,5002,,,,0.5,,,,,full,,,,,,,,-2.138847616496051,0.05365965807856666,,,,9.199943881853378e-15,next_open,3
c,phi0.5_next_open_d3,5003,,,,0.5,,,,,full,,,,,,,,-2.303685792791415,0.1906987611405867,,,,1.9681501967612343e-13,next_open,3
c,phi0.5_next_open_d3,5004,,,,0.5,,,,,full,,,,,,,,-1.7183653336488711,0.37647960397196717,,,,4.7262920979228355e-14,next_open,3
c,phi0.5_next_open_d3,5005,,,,0.5,,,,,full,,,,,,,,-1.9488726400973415,-0.25405114050791144,,,,8.95504550075242e-12,next_open,3
c,phi0.5_next_open_d3,5006,,,,0.5,,,,,full,,,,,,,,-2.137292566148925,-0.24231012162249693,,,,9.423614747750434e-14,next_open,3
c,phi0.5_next_open_d3,5007,,,,0.5,,,,,full,,,,,,,,-1.7567614357547958,0.35051257119965296,,,,3.227124731314351e-14,next_open,3
c,phi0.5_next_open_d3,5008,,,,0.5,,,,,full,,,,,,,,-1.9542269747134329,0.026189450640430427,,,,1.416478721525598e-14,next_open,3
c,phi0.5_next_open_d3,5009,,,,0.5,,,,,full,,,,,,,,-1.5144391729556168,0.04065091419800179,,,,1.1514010980935402e-13,next_open,3
c,phi0.5_next_open_d3,5010,,,,0.5,,,,,full,,,,,,,,-1.7730764348516075,0.24353122122085688,,,,1.8852575757718684e-12,next_open,3
c,phi0.5_next_open_d3,5011,,,,0.5,,,,,full,,,,,,,,-1.2962065664750215,0.5432970007247101,,,,1.6672477513096312e-15,next_open,3
c,phi0.5_next_open_d3,5012,,,,0.5,,,,,full,,,,,,,,-2.2191010481765683,-0.0942368315736823,,,,2.9250202808075667e-14,next_open,3
c,phi0.5_next_open_d3,5013,,,,0.5,,,,,full,,,,,,,,-1.7561034711601415,-0.08843259353902401,,,,5.798641464690114e-13,next_open,3
c,phi0.5_next_open_d3,5014,,,,0.5,,,,,full,,,,,,,,-1.7651984783779904,-0.23688134893648655,,,,4.3200137431364077e-14,next_open,3
c,phi0.5_next_open_d3,5015,,,,0.5,,,,,full,,,,,,,,-2.869836027191359,-0.09729536348308782,,,,6.437591808635416e-15,next_open,3
c,phi0.5_next_open_d3,5016,,,,0.5,,,,,full,,,,,,,,-2.727258478448323,-0.05554167861608376,,,,5.422692542680525e-13,next_open,3
c,phi0.5_next_open_d3,5017,,,,0.5,,,,,full,,,,,,,,-1.0898931870253503,0.5574614432331113,,,,6.097711483103391e-16,next_open,3
c,phi0.5_next_open_d3,5018,,,,0.5,,,,,full,,,,,,,,-1.6697845342254933,0.25794324051653067,,,,5.245465319562938e-14,next_open,3
c,phi0.5_next_open_d3,5019,,,,0.5,,,,,full,,,,,,,,-1.9766550058982704,0.05687484451833246,,,,8.614251720939856e-13,next_open,3
c,phi0.97_next_close_d1,5000,,,,0.97,,,,,full,,,,,,,,0.9717792095850585,2.0530900913861716,,,,3.084798550613468e-16,next_close,1
c,phi0.97_next_close_d1,5001,,,,0.97,,,,,full,,,,,,,,0.045102583577777515,0.8831492073990475,,,,3.327617226216265e-16,next_close,1
c,phi0.97_next_close_d1,5002,,,,0.97,,,,,full,,,,,,,,0.4045048684502961,1.527143661819976,,,,3.398028509527881e-16,next_close,1
c,phi0.97_next_close_d1,5003,,,,0.97,,,,,full,,,,,,,,0.36020185177944086,1.581127584287439,,,,3.2528931049334866e-16,next_close,1
c,phi0.97_next_close_d1,5004,,,,0.97,,,,,full,,,,,,,,1.0503638200916083,2.090253682973771,,,,3.609072576263082e-16,next_close,1
c,phi0.97_next_close_d1,5005,,,,0.97,,,,,full,,,,,,,,1.0584068349274636,1.9267919929025838,,,,4.0090029156646606e-16,next_close,1
c,phi0.97_next_close_d1,5006,,,,0.97,,,,,full,,,,,,,,0.7744764622505893,1.659355928881143,,,,3.027744043766023e-16,next_close,1
c,phi0.97_next_close_d1,5007,,,,0.97,,,,,full,,,,,,,,0.5462384402280205,1.6117844640845753,,,,3.0138938445474715e-16,next_close,1
c,phi0.97_next_close_d1,5008,,,,0.97,,,,,full,,,,,,,,1.031825096711055,2.034599913885268,,,,3.7792205306136526e-16,next_close,1
c,phi0.97_next_close_d1,5009,,,,0.97,,,,,full,,,,,,,,1.2469413498336803,2.050801630548233,,,,4.109054251350558e-16,next_close,1
c,phi0.97_next_close_d1,5010,,,,0.97,,,,,full,,,,,,,,1.018573232322692,2.0081672377376574,,,,2.973115499097374e-16,next_close,1
c,phi0.97_next_close_d1,5011,,,,0.97,,,,,full,,,,,,,,0.7652675447260413,1.6921284757572743,,,,3.4705784761460596e-16,next_close,1
c,phi0.97_next_close_d1,5012,,,,0.97,,,,,full,,,,,,,,0.16443353522386783,1.2053405965402022,,,,3.4368881280395115e-16,next_close,1
c,phi0.97_next_close_d1,5013,,,,0.97,,,,,full,,,,,,,,1.0892933356542072,1.9022266305109459,,,,4.001525599718073e-16,next_close,1
c,phi0.97_next_close_d1,5014,,,,0.97,,,,,full,,,,,,,,1.0639087724215548,1.7992355158549436,,,,3.522410094685082e-16,next_close,1
c,phi0.97_next_close_d1,5015,,,,0.97,,,,,full,,,,,,,,0.4254867089717651,1.7923591604303506,,,,2.821991998387483e-16,next_close,1
c,phi0.97_next_close_d1,5016,,,,0.97,,,,,full,,,,,,,,0.3754751293523004,1.686729789369216,,,,2.9594075373240583e-16,next_close,1
c,phi0.97_next_close_d1,5017,,,,0.97,,,,,full,,,,,,,,1.2393831785071678,2.051331184956044,,,,3.431116972125847e-16,next_close,1
c,phi0.97_next_close_d1,5018,,,,0.97,,,,,full,,,,,,,,0.606896809034352,1.5523960094552094,,,,3.1415121221247106e-16,next_close,1
c,phi0.97_next_close_d1,5019,,,,0.97,,,,,full,,,,,,,,0.9811105916124022,1.918416319653905,,,,2.925551350163376e-16,next_close,1
c,phi0.97_next_open_d1,5000,,,,0.97,,,,,full,,,,,,,,1.005480403992518,2.0933637510361116,,,,3.4671585060478687e-16,next_open,1
c,phi0.97_next_open_d1,5001,,,,0.97,,,,,full,,,,,,,,-0.06509679040801715,0.7717423510157534,,,,3.537299182117302e-16,next_open,1
c,phi0.97_next_open_d1,5002,,,,0.97,,,,,full,,,,,,,,0.5749631029188417,1.6851692912477048,,,,2.7606267608712217e-16,next_open,1
c,phi0.97_next_open_d1,5003,,,,0.97,,,,,full,,,,,,,,0.48088946585656367,1.6895263912600722,,,,2.975980371752579e-16,next_open,1
c,phi0.97_next_open_d1,5004,,,,0.97,,,,,full,,,,,,,,1.0775635872966118,2.1074858831138896,,,,4.1958782311619274e-16,next_open,1
c,phi0.97_next_open_d1,5005,,,,0.97,,,,,full,,,,,,,,1.1627429542642358,2.0270952788316094,,,,3.979057205863894e-16,next_open,1
c,phi0.97_next_open_d1,5006,,,,0.97,,,,,full,,,,,,,,0.8502309256609359,1.7421579629396644,,,,3.6639630655685967e-16,next_open,1
c,phi0.97_next_open_d1,5007,,,,0.97,,,,,full,,,,,,,,0.46843773762596613,1.5208427733227985,,,,3.1612593821560236e-16,next_open,1
c,phi0.97_next_open_d1,5008,,,,0.97,,,,,full,,,,,,,,1.057368714990375,2.056002436834792,,,,3.594047462925766e-16,next_open,1
c,phi0.97_next_open_d1,5009,,,,0.97,,,,,full,,,,,,,,1.3012912471251952,2.098033624152183,,,,3.0362552241517264e-16,next_open,1
c,phi0.97_next_open_d1,5010,,,,0.97,,,,,full,,,,,,,,1.127723909436017,2.1062686286800942,,,,2.9922112450869097e-16,next_open,1
c,phi0.97_next_open_d1,5011,,,,0.97,,,,,full,,,,,,,,0.8899369598303605,1.8113300818065825,,,,3.362261952757261e-16,next_open,1
c,phi0.97_next_open_d1,5012,,,,0.97,,,,,full,,,,,,,,0.19040090875676638,1.2255465450344236,,,,3.4603119102936764e-16,next_open,1
c,phi0.97_next_open_d1,5013,,,,0.97,,,,,full,,,,,,,,1.1089394332450793,1.9239400248358915,,,,4.187085045226319e-16,next_open,1
c,phi0.97_next_open_d1,5014,,,,0.97,,,,,full,,,,,,,,1.1651311227049108,1.8990576413038511,,,,3.6442509630429304e-16,next_open,1
c,phi0.97_next_open_d1,5015,,,,0.97,,,,,full,,,,,,,,0.4685701705004042,1.8567362331311308,,,,2.737137190996672e-16,next_open,1
c,phi0.97_next_open_d1,5016,,,,0.97,,,,,full,,,,,,,,0.40846427950782077,1.726301914082242,,,,2.635293114984716e-16,next_open,1
c,phi0.97_next_open_d1,5017,,,,0.97,,,,,full,,,,,,,,1.2118182485100015,2.018247860507678,,,,3.806275869123329e-16,next_open,1
c,phi0.97_next_open_d1,5018,,,,0.97,,,,,full,,,,,,,,0.8376923920910561,1.7724659604595199,,,,3.0565721236130896e-16,next_open,1
c,phi0.97_next_open_d1,5019,,,,0.97,,,,,full,,,,,,,,1.1359807964304895,2.0681112546535467,,,,3.0042642496363675e-16,next_open,1
c,phi0.97_next_open_d2,5000,,,,0.97,,,,,full,,,,,,,,0.9468230933565697,2.030635186300065,,,,3.306234097926293e-16,next_open,2
c,phi0.97_next_open_d2,5001,,,,0.97,,,,,full,,,,,,,,0.1056911801239467,0.9442923774366345,,,,3.3227769802883605e-16,next_open,2
c,phi0.97_next_open_d2,5002,,,,0.97,,,,,full,,,,,,,,0.3825920008883644,1.4995569289114927,,,,3.1589506542779894e-16,next_open,2
c,phi0.97_next_open_d2,5003,,,,0.97,,,,,full,,,,,,,,0.4781370448685838,1.6942429082797288,,,,3.2360152001273753e-16,next_open,2
c,phi0.97_next_open_d2,5004,,,,0.97,,,,,full,,,,,,,,1.1097565044483544,2.1460830180255264,,,,3.999556447166728e-16,next_open,2
c,phi0.97_next_open_d2,5005,,,,0.97,,,,,full,,,,,,,,0.951526729646807,1.8198969384092551,,,,2.8532025615073287e-16,next_open,2
c,phi0.97_next_open_d2,5006,,,,0.97,,,,,full,,,,,,,,0.7793448118598505,1.65616537758914,,,,3.009313553599829e-16,next_open,2
c,phi0.97_next_open_d2,5007,,,,0.97,,,,,full,,,,,,,,0.5244968406613355,1.5905861900410236,,,,3.005139136362194e-16,next_open,2
c,phi0.97_next_open_d2,5008,,,,0.97,,,,,full,,,,,,,,1.0460178175358799,2.0500728766739975,,,,3.6996148613329713e-16,next_open,2
c,phi0.97_next_open_d2,5009,,,,0.97,,,,,full,,,,,,,,1.2930410837114044,2.101733441354741,,,,3.7785141664314245e-16,next_open,2
c,phi0.97_next_open_d2,5010,,,,0.97,,,,,full,,,,,,,,1.0426513689925183,2.0303645779933253,,,,3.685677239205685e-16,next_open,2
c,phi0.97_next_open_d2,5011,,,,0.97,,,,,full,,,,,,,,0.6304610983420834,1.5620814350440446,,,,2.636765697642226e-16,next_open,2
c,phi0.97_next_open_d2,5012,,,,0.97,,,,,full,,,,,,,,0.06365582157038004,1.0983728028901807,,,,3.5186825385968313e-16,next_open,2
c,phi0.97_next_open_d2,5013,,,,0.97,,,,,full,,,,,,,,1.044325425785487,1.8595065405702083,,,,2.9639717568020785e-16,next_open,2
c,phi0.97_next_open_d2,5014,,,,0.97,,,,,full,,,,,,,,1.0680200474005004,1.8000820658270615,,,,3.653244976705872e-16,next_open,2
c,phi0.97_next_open_d2,5015,,,,0.97,,,,,full,,,,,,,,0.4815151381144277,1.8572067741171714,,,,2.6978023847650175e-16,next_open,2
c,phi0.97_next_open_d2,5016,,,,0.97,,,,,full,,,,,,,,0.23763227125337985,1.546131670739795,,,,3.301709334535651e-16,next_open,2
c,phi0.97_next_open_d2,5017,,,,0.97,,,,,full,,,,,,,,1.2683167346549564,2.072934932117931,,,,3.674647971959148e-16,next_open,2
c,phi0.97_next_open_d2,5018,,,,0.97,,,,,full,,,,,,,,0.6635148453953569,1.6087480006007973,,,,3.1167339121588135e-16,next_open,2
c,phi0.97_next_open_d2,5019,,,,0.97,,,,,full,,,,,,,,0.9130863259232154,1.854467729550282,,,,2.9233901253400643e-16,next_open,2
c,phi0.97_next_open_d3,5000,,,,0.97,,,,,full,,,,,,,,0.9700761611776823,2.040978918055568,,,,3.3371266331380825e-16,next_open,3
c,phi0.97_next_open_d3,5001,,,,0.97,,,,,full,,,,,,,,0.17154031758555216,1.0072497229473414,,,,3.40427423249072e-16,next_open,3
c,phi0.97_next_open_d3,5002,,,,0.97,,,,,full,,,,,,,,0.14840568004399296,1.2673200305592118,,,,3.95896537014888e-16,next_open,3
c,phi0.97_next_open_d3,5003,,,,0.97,,,,,full,,,,,,,,0.41976766648566227,1.6389781852965473,,,,3.9275015751603024e-16,next_open,3
c,phi0.97_next_open_d3,5004,,,,0.97,,,,,full,,,,,,,,0.7102260351717494,1.738773098433416,,,,3.3329579850476866e-16,next_open,3
c,phi0.97_next_open_d3,5005,,,,0.97,,,,,full,,,,,,,,0.8360627040457783,1.6852202721897065,,,,2.6964353328007535e-16,next_open,3
c,phi0.97_next_open_d3,5006,,,,0.97,,,,,full,,,,,,,,0.4382986682754969,1.3199368267475737,,,,3.0900795193729535e-16,next_open,3
c,phi0.97_next_open_d3,5007,,,,0.97,,,,,full,,,,,,,,0.8017427199186326,1.8642737273899737,,,,3.3530978024206523e-16,next_open,3
c,phi0.97_next_open_d3,5008,,,,0.97,,,,,full,,,,,,,,0.7227093410860413,1.7216309132949097,,,,4.06356934861682e-16,next_open,3
c,phi0.97_next_open_d3,5009,,,,0.97,,,,,full,,,,,,,,1.2438538673690154,2.048670700952078,,,,3.47146771923601e-16,next_open,3
c,phi0.97_next_open_d3,5010,,,,0.97,,,,,full,,,,,,,,1.1402842480359499,2.123062066124695,,,,3.305236408272031e-16,next_open,3
c,phi0.97_next_open_d3,5011,,,,0.97,,,,,full,,,,,,,,0.6142224656845677,1.5502323243857157,,,,2.9234343533026875e-16,next_open,3
c,phi0.97_next_open_d3,5012,,,,0.97,,,,,full,,,,,,,,0.26892608100040266,1.3122906174110427,,,,3.0328838639398194e-16,next_open,3
c,phi0.97_next_open_d3,5013,,,,0.97,,,,,full,,,,,,,,1.0998387758406796,1.9071863631024049,,,,3.1845283877621277e-16,next_open,3
c,phi0.97_next_open_d3,5014,,,,0.97,,,,,full,,,,,,,,0.8544798173887135,1.5731536794718186,,,,3.2752253313932693e-16,next_open,3
c,phi0.97_next_open_d3,5015,,,,0.97,,,,,full,,,,,,,,0.3299507135478699,1.7020401419589553,,,,3.321768228682025e-16,next_open,3
c,phi0.97_next_open_d3,5016,,,,0.97,,,,,full,,,,,,,,0.1925292530015177,1.4994591809569093,,,,3.0422940634137644e-16,next_open,3
c,phi0.97_next_open_d3,5017,,,,0.97,,,,,full,,,,,,,,1.0408995164196257,1.8620704832787998,,,,3.050132489608363e-16,next_open,3
c,phi0.97_next_open_d3,5018,,,,0.97,,,,,full,,,,,,,,0.7748838476482385,1.7150706177838944,,,,3.0868969828200136e-16,next_open,3
c,phi0.97_next_open_d3,5019,,,,0.97,,,,,full,,,,,,,,0.8881052551215369,1.8265193712202845,,,,2.767345085627038e-16,next_open,3
c,phi0.9_next_close_d1,5000,,,,0.9,,,,,full,,,,,,,,-0.02054977422852273,1.4961241859755798,,,,3.29684086651664e-16,next_close,1
c,phi0.9_next_close_d1,5001,,,,0.9,,,,,full,,,,,,,,-0.6553226221876652,0.4514677067126631,,,,3.9659966445948374e-16,next_close,1
c,phi0.9_next_close_d1,5002,,,,0.9,,,,,full,,,,,,,,-0.276022881216262,1.2388104402875268,,,,4.2966153078673807e-16,next_close,1
c,phi0.9_next_close_d1,5003,,,,0.9,,,,,full,,,,,,,,-0.4587936919169088,1.1993902114201747,,,,3.6078431163485386e-16,next_close,1
c,phi0.9_next_close_d1,5004,,,,0.9,,,,,full,,,,,,,,0.17612329288806486,1.5254799297171633,,,,3.4709473170311206e-16,next_close,1
c,phi0.9_next_close_d1,5005,,,,0.9,,,,,full,,,,,,,,0.3409691553402617,1.4686706891537784,,,,3.1297091709131707e-16,next_close,1
c,phi0.9_next_close_d1,5006,,,,0.9,,,,,full,,,,,,,,0.039345610329239555,1.2296879285231228,,,,3.397041031481705e-16,next_close,1
c,phi0.9_next_close_d1,5007,,,,0.9,,,,,full,,,,,,,,-0.4180399153185179,0.979225877014382,,,,3.837276751688423e-16,next_close,1
c,phi0.9_next_close_d1,5008,,,,0.9,,,,,full,,,,,,,,0.145473376946479,1.4406630706778936,,,,3.2522194703109095e-16,next_close,1
c,phi0.9_next_close_d1,5009,,,,0.9,,,,,full,,,,,,,,0.015301177083559547,1.0456241522808787,,,,3.8552167494701596e-16,next_close,1
c,phi0.9_next_close_d1,5010,,,,0.9,,,,,full,,,,,,,,0.25186555899269747,1.6013717417062434,,,,3.526918578714254e-16,next_close,1
c,phi0.9_next_close_d1,5011,,,,0.9,,,,,full,,,,,,,,0.46824353746874325,1.6605886812169968,,,,3.8217443303927157e-16,next_close,1
c,phi0.9_next_close_d1,5012,,,,0.9,,,,,full,,,,,,,,-0.7053599710440321,0.7037549388198284,,,,3.6644348456928215e-16,next_close,1
c,phi0.9_next_close_d1,5013,,,,0.9,,,,,full,,,,,,,,0.10955045703292841,1.1968598511745838,,,,3.6318514163975303e-16,next_close,1
c,phi0.9_next_close_d1,5014,,,,0.9,,,,,full,,,,,,,,0.4243465910138314,1.4131371712517193,,,,3.0408357461032845e-16,next_close,1
c,phi0.9_next_close_d1,5015,,,,0.9,,,,,full,,,,,,,,-0.4691402373994621,1.4152740022904602,,,,3.115648381162659e-16,next_close,1
c,phi0.9_next_close_d1,5016,,,,0.9,,,,,full,,,,,,,,-0.43738007361632547,1.418509825193066,,,,3.6291355545073265e-16,next_close,1
c,phi0.9_next_close_d1,5017,,,,0.9,,,,,full,,,,,,,,1.1082028745426178,2.245077644640113,,,,2.7224730304300435e-16,next_close,1
c,phi0.9_next_close_d1,5018,,,,0.9,,,,,full,,,,,,,,-0.5913488044793918,0.6751273190626643,,,,3.493227560385531e-16,next_close,1
c,phi0.9_next_close_d1,5019,,,,0.9,,,,,full,,,,,,,,0.0741544117998368,1.4010653375164654,,,,3.879042121513581e-16,next_close,1
c,phi0.9_next_open_d1,5000,,,,0.9,,,,,full,,,,,,,,0.1144757086850197,1.616296064145888,,,,3.5824150268276064e-16,next_open,1
c,phi0.9_next_open_d1,5001,,,,0.9,,,,,full,,,,,,,,-0.5169491340715354,0.5901510485285055,,,,3.3756105258518048e-16,next_open,1
c,phi0.9_next_open_d1,5002,,,,0.9,,,,,full,,,,,,,,-0.04680153737528385,1.4806314094657267,,,,3.692084253368998e-16,next_open,1
c,phi0.9_next_open_d1,5003,,,,0.9,,,,,full,,,,,,,,-0.2888003628599205,1.3942754998326927,,,,3.9535322797909427e-16,next_open,1
c,phi0.9_next_open_d1,5004,,,,0.9,,,,,full,,,,,,,,0.2437037161365008,1.59773634936018,,,,3.691240245267956e-16,next_open,1
c,phi0.9_next_open_d1,5005,,,,0.9,,,,,full,,,,,,,,0.508347313791683,1.6331524343533068,,,,2.8829051115637227e-16,next_open,1
c,phi0.9_next_open_d1,5006,,,,0.9,,,,,full,,,,,,,,0.3902116695685745,1.607891271098057,,,,3.3365853936388367e-16,next_open,1
c,phi0.9_next_open_d1,5007,,,,0.9,,,,,full,,,,,,,,-0.43778450763501264,0.9524590924509982,,,,3.708730862056918e-16,next_open,1
c,phi0.9_next_open_d1,5008,,,,0.9,,,,,full,,,,,,,,0.33043400001839496,1.618060250547897,,,,3.546826240126022e-16,next_open,1
c,phi0.9_next_open_d1,5009,,,,0.9,,,,,full,,,,,,,,0.2156402667682953,1.2491311540233205,,,,3.2662976197183804e-16,next_open,1
c,phi0.9_next_open_d1,5010,,,,0.9,,,,,full,,,,,,,,0.2640185720157217,1.6066561748067318,,,,3.407292289558233e-16,next_open,1
c,phi0.9_next_open_d1,5011,,,,0.9,,,,,full,,,,,,,,0.7119566125215738,1.9124078581359785,,,,3.887781224422413e-16,next_open,1
c,phi0.9_next_open_d1,5012,,,,0.9,,,,,full,,,,,,,,-0.7495658195342748,0.6562369366079147,,,,3.6632688095477127e-16,next_open,1
c,phi0.9_next_open_d1,5013,,,,0.9,,,,,full,,,,,,,,0.17866043876487925,1.2708981872346397,,,,3.5972710874104303e-16,next_open,1
c,phi0.9_next_open_d1,5014,,,,0.9,,,,,full,,,,,,,,0.6448055458131727,1.6306233980737097,,,,2.95601784282e-16,next_open,1
c,phi0.9_next_open_d1,5015,,,,0.9,,,,,full,,,,,,,,-0.3610351957306896,1.546443194579547,,,,3.2760349427500695e-16,next_open,1
c,phi0.9_next_open_d1,5016,,,,0.9,,,,,full,,,,,,,,-0.3781980004351319,1.468771918727006,,,,3.363289197706375e-16,next_open,1
c,phi0.9_next_open_d1,5017,,,,0.9,,,,,full,,,,,,,,1.1131790457411437,2.236172498391016,,,,3.145368302738964e-16,next_open,1
c,phi0.9_next_open_d1,5018,,,,0.9,,,,,full,,,,,,,,-0.35935945692770965,0.9111756101406352,,,,3.8898407778294174e-16,next_open,1
c,phi0.9_next_open_d1,5019,,,,0.9,,,,,full,,,,,,,,0.16853596063041007,1.493231784545124,,,,3.102936644014006e-16,next_open,1
c,phi0.9_next_open_d2,5000,,,,0.9,,,,,full,,,,,,,,-0.14393702235457959,1.3752729691758827,,,,3.5160989071133306e-16,next_open,2
c,phi0.9_next_open_d2,5001,,,,0.9,,,,,full,,,,,,,,-0.7210593669222264,0.38568178076855403,,,,4.089934628323777e-16,next_open,2
c,phi0.9_next_open_d2,5002,,,,0.9,,,,,full,,,,,,,,-0.38508643930948605,1.1312734932664,,,,3.461612628851666e-16,next_open,2
c,phi0.9_next_open_d2,5003,,,,0.9,,,,,full,,,,,,,,-0.4571393817185334,1.1965412830960223,,,,3.603974896581011e-16,next_open,2
c,phi0.9_next_open_d2,5004,,,,0.9,,,,,full,,,,,,,,0.2742491890551835,1.6372719367712119,,,,3.023211549458737e-16,next_open,2
c,phi0.9_next_open_d2,5005,,,,0.9,,,,,full,,,,,,,,0.34523990364919893,1.4766104068378394,,,,3.4668145873458475e-16,next_open,2
c,phi0.9_next_open_d2,5006,,,,0.9,,,,,full,,,,,,,,-0.051022222653916,1.145003333291606,,,,3.7296869182268956e-16,next_open,2
c,phi0.9_next_open_d2,5007,,,,0.9,,,,,full,,,,,,,,-0.4304047740577153,0.9682681557230938,,,,3.3194323501335466e-16,next_open,2
c,phi0.9_next_open_d2,5008,,,,0.9,,,,,full,,,,,,,,0.19706394969579516,1.5016650632670607,,,,3.8117823304877694e-16,next_open,2
c,phi0.9_next_open_d2,5009,,,,0.9,,,,,full,,,,,,,,0.17132588233000454,1.2077448836531783,,,,3.181577647393279e-16,next_open,2
c,phi0.9_next_open_d2,5010,,,,0.9,,,,,full,,,,,,,,0.21201158323928265,1.5601564892959627,,,,3.235502154862643e-16,next_open,2
c,phi0.9_next_open_d2,5011,,,,0.9,,,,,full,,,,,,,,0.413767861682473,1.5976296181815441,,,,3.9822846859566153e-16,next_open,2
c,phi0.9_next_open_d2,5012,,,,0.9,,,,,full,,,,,,,,-0.8039797300220501,0.59727725154,,,,4.038153822974619e-16,next_open,2
c,phi0.9_next_open_d2,5013,,,,0.9,,,,,full,,,,,,,,0.035484050572701466,1.1153994573884192,,,,3.4375718847933916e-16,next_open,2
c,phi0.9_next_open_d2,5014,,,,0.9,,,,,full,,,,,,,,0.3256086110594994,1.3011404812710226,,,,3.118933664298409e-16,next_open,2
c,phi0.9_next_open_d2,5015,,,,0.9,,,,,full,,,,,,,,-0.4750896667316905,1.4266952381725801,,,,2.8482556418364063e-16,next_open,2
c,phi0.9_next_open_d2,5016,,,,0.9,,,,,full,,,,,,,,-0.560245655140436,1.2779152069422532,,,,3.348604239038379e-16,next_open,2
c,phi0.9_next_open_d2,5017,,,,0.9,,,,,full,,,,,,,,1.0641992624769503,2.201354951313219,,,,3.442716431947525e-16,next_open,2
c,phi0.9_next_open_d2,5018,,,,0.9,,,,,full,,,,,,,,-0.5710492346588079,0.69522817846587,,,,3.5275431542617113e-16,next_open,2
c,phi0.9_next_open_d2,5019,,,,0.9,,,,,full,,,,,,,,0.036812008959760806,1.3620988214878207,,,,3.260927079172698e-16,next_open,2
c,phi0.9_next_open_d3,5000,,,,0.9,,,,,full,,,,,,,,-0.2773687195095425,1.209458906396517,,,,3.8446652703129405e-16,next_open,3
c,phi0.9_next_open_d3,5001,,,,0.9,,,,,full,,,,,,,,-0.6393956286025013,0.46625065651936953,,,,3.4102684899148163e-16,next_open,3
c,phi0.9_next_open_d3,5002,,,,0.9,,,,,full,,,,,,,,-0.5406565361825605,0.9740012720750054,,,,3.3358646029018456e-16,next_open,3
c,phi0.9_next_open_d3,5003,,,,0.9,,,,,full,,,,,,,,-0.5372845765445441,1.0941878136001615,,,,3.3996751328077413e-16,next_open,3
c,phi0.9_next_open_d3,5004,,,,0.9,,,,,full,,,,,,,,0.10463897296963003,1.458683125793354,,,,3.820651705165443e-16,next_open,3
c,phi0.9_next_open_d3,5005,,,,0.9,,,,,full,,,,,,,,0.030517662511582395,1.1456258195103666,,,,3.195936258163112e-16,next_open,3
c,phi0.9_next_open_d3,5006,,,,0.9,,,,,full,,,,,,,,-0.42992757819730304,0.7917879980982399,,,,3.3774795834711186e-16,next_open,3
c,phi0.9_next_open_d3,5007,,,,0.9,,,,,full,,,,,,,,-0.3670672232557013,1.0368028739495623,,,,3.7518735119724756e-16,next_open,3
c,phi0.9_next_open_d3,5008,,,,0.9,,,,,full,,,,,,,,0.2084080802811796,1.5212676077246055,,,,4.2277783983336337e-16,next_open,3
c,phi0.9_next_open_d3,5009,,,,0.9,,,,,full,,,,,,,,0.26347405831843135,1.292155368642773,,,,3.159279496507334e-16,next_open,3
c,phi0.9_next_open_d3,5010,,,,0.9,,,,,full,,,,,,,,0.13259788899470495,1.495428153935476,,,,3.8938981335855345e-16,next_open,3
c,phi0.9_next_open_d3,5011,,,,0.9,,,,,full,,,,,,,,0.2695626833028717,1.46926603122807,,,,3.604950716929584e-16,next_open,3
c,phi0.9_next_open_d3,5012,,,,0.9,,,,,full,,,,,,,,-0.7338705983811789,0.6617913113034285,,,,3.9540946609709267e-16,next_open,3
c,phi0.9_next_open_d3,5013,,,,0.9,,,,,full,,,,,,,,-0.049622068958480404,1.0095094989743933,,,,4.299312276346378e-16,next_open,3
c,phi0.9_next_open_d3,5014,,,,0.9,,,,,full,,,,,,,,0.03390186438489814,1.0014935165971786,,,,4.103268433094424e-16,next_open,3
c,phi0.9_next_open_d3,5015,,,,0.9,,,,,full,,,,,,,,-0.7037929249516627,1.186330572927994,,,,3.979608401721462e-16,next_open,3
c,phi0.9_next_open_d3,5016,,,,0.9,,,,,full,,,,,,,,-0.6588945688134509,1.1910346699942642,,,,3.5262651299999736e-16,next_open,3
c,phi0.9_next_open_d3,5017,,,,0.9,,,,,full,,,,,,,,0.5954993338982678,1.7262392551765664,,,,3.01360075478495e-16,next_open,3
c,phi0.9_next_open_d3,5018,,,,0.9,,,,,full,,,,,,,,-0.42484569965817104,0.8626780339499941,,,,4.114579060488602e-16,next_open,3
c,phi0.9_next_open_d3,5019,,,,0.9,,,,,full,,,,,,,,0.03182408304355548,1.3578618402352127,,,,2.9646054804094573e-16,next_open,3
