capital,seed,net_sharpe,gross_sharpe,impact_drag_annual,cost_drag_annual,cap_bound_share,fill_events,max_identity_residual,mode
1000000.0,10000,0.21561867867365328,0.7507072984495167,0.03229208419370233,0.04750055956634663,0.002573828230831753,7382,7.679364504120477e-16,full
1000000.0,10001,0.462168776439759,0.8991583587315082,0.021724014489362446,0.03695517964818074,0.0,6836,1.0173586379634438e-15,full
1000000.0,10002,0.19306448183836608,0.7295578099205605,0.03723457717220933,0.05289985236166697,0.016515638702133878,6842,8.50837267081781e-16,full
1000000.0,10003,0.5304475003767258,0.9867850921850176,0.028466640722197314,0.04401055182059136,0.0,7000,8.404543151648449e-16,full
1000000.0,10004,1.1100493990324423,1.5423236022555156,0.024894203074688717,0.04001181378115869,0.0024798512089274642,6452,8.104684514960991e-16,full
1000000.0,10005,0.8033413086780917,1.2822025999416085,0.021815456252210496,0.03677465265725882,0.0,6944,9.365733833083412e-16,full
1000000.0,10006,0.3368250714843934,0.7964228911886495,0.02092310413066123,0.03598354568689441,0.00179265013444876,6694,1.1295395271023955e-15,full
1000000.0,10007,0.3809917357784718,0.8250089236199074,0.02786262610338369,0.04339430971985384,0.0047877433769549956,6266,7.168836457721452e-16,full
1000000.0,10008,0.30497339879747626,0.7250887396184812,0.025034306936556432,0.0408748453195822,0.00044776119402985075,6700,1.2482152032003194e-15,full
1000000.0,10009,0.48254746546690397,0.9201760966134109,0.021925151478611345,0.037410467102642404,0.00013638843426077467,7332,9.373765856156768e-16,full
10000000.0,10000,-0.31244942540447324,0.8229442796311502,0.08487642755910473,0.10009192465149905,0.1274393146120895,8404,8.936358021062823e-16,full
10000000.0,10001,-0.05629132105513657,0.8783961555481802,0.06374409143012785,0.07898293745628449,0.020630372492836675,6980,9.267934924172838e-16,full
10000000.0,10002,-0.2516710225803017,0.8325296445376779,0.09119541400925364,0.10684836517246302,0.20004814636494944,8308,7.846505439683385e-16,full
10000000.0,10003,-0.015509222616625766,0.9718925877900985,0.08028582579377225,0.0958398661612933,0.0583804143126177,7434,9.768618302514576e-16,full
10000000.0,10004,0.6661347685500694,1.5731639563432676,0.06860080080265354,0.08371793108508871,0.0727299016772701,6916,1.047094407134243e-15,full
10000000.0,10005,0.2736855741991457,1.2878152352695191,0.06277290319890719,0.0777377915089423,0.04982888432580424,7305,1.0159475539851952e-15,full
10000000.0,10006,-0.03963113839845602,0.9150911169436566,0.05937393265307446,0.07444145463445832,0.0776483638380477,7212,9.460670071338555e-16,full
10000000.0,10007,-0.08907353848747741,0.8216609390950516,0.07274797471937919,0.08828364881805797,0.11475644699140401,6980,1.1579606513627713e-15,full
10000000.0,10008,-0.15413794280171786,0.7373080448206589,0.07068131517151169,0.08653121646405448,0.05215419501133787,7056,8.14051579682928e-16,full
10000000.0,10009,0.004921013721344764,0.9244347494065421,0.06333770894374313,0.07883007920579298,0.04781704781704782,7696,9.331264064152578e-16,full
30000000.0,10000,-0.6329493919118075,0.9057877462811028,0.1183516916684007,0.13358298283094902,0.36091706967580156,11166,8.760170149929585e-16,full
30000000.0,10001,-0.5230663294317628,0.7894588201219908,0.09547941323114865,0.1107272026878187,0.1442548921224285,7972,7.02102001985324e-16,full
30000000.0,10002,-0.42802873885907033,1.0572607328505605,0.1265287435121428,0.14214174723739656,0.41631018476381176,10987,7.533225288538037e-16,full
30000000.0,10003,-0.42043461167776264,0.9225143422031771,0.11534568452834093,0.1309090219546868,0.23269953570638957,9046,6.238049055781121e-16,full
30000000.0,10004,0.08725900194766024,1.33134240359973,0.10047385949672445,0.11562948062872673,0.2230938955626379,8158,9.040892290218391e-16,full
30000000.0,10005,-0.1310918071457144,1.3031674214759832,0.09465163177238584,0.10962346588427625,0.20769053649551,8686,7.030573340550232e-16,full
30000000.0,10006,-0.515332115821187,0.7964336316263885,0.0878378591725602,0.10292654031759725,0.2361546499477534,8613,7.160528107640431e-16,full
30000000.0,10007,-0.2700102163720015,0.9859370174105997,0.10629779877340824,0.12178525243164891,0.2883349012229539,8504,5.867427758761085e-16,full
30000000.0,10008,-0.47160204573090164,0.7663885504795518,0.10438395303835812,0.1202477565081284,0.21053257251545412,8412,8.863047385930699e-16,full
30000000.0,10009,-0.42958895005106,0.847963193309678,0.09485684883231216,0.11035946785053,0.19425019425019424,9009,6.811988010518282e-16,full
100000000.0,10000,-0.8912511506470255,0.973153025000945,0.1493814117549407,0.16458780807788564,0.668518712653318,19078,1.1357904724443804e-15,full
100000000.0,10001,-1.1898000745217026,0.5525273815741709,0.12976086904424994,0.1450319371447236,0.42706350579685065,11558,7.243404830065251e-16,full
100000000.0,10002,-0.7067503715586722,1.0486405853375071,0.15920623689847505,0.17445136436633435,0.663080571461623,17289,8.494742153999519e-16,full
100000000.0,10003,-0.7978318620594582,0.9216578232919651,0.150630462686725,0.16623261641054207,0.5484563200886059,14446,9.08311219697336e-16,full
100000000.0,10004,-0.16188248516169138,1.4880050195150893,0.13577415433356035,0.15087144900018626,0.5210886519178737,12566,7.786304479600424e-16,full
100000000.0,10005,-0.5108274346609105,1.3296568424976634,0.12552278095543312,0.14046322335141498,0.5346970665530222,14079,8.740114459049786e-16,full
100000000.0,10006,-1.1053004461568743,0.630016435332238,0.12187629285170987,0.13692794273314318,0.48613829093281147,12264,8.3684707538443905e-16,full
100000000.0,10007,-0.7531721883834612,0.8473102991769081,0.13902581540919273,0.1543203479816975,0.5412277227722773,12625,9.255999381502161e-16,full
100000000.0,10008,-0.7018516009681541,0.9429927078464769,0.1426336498896021,0.15844650316222725,0.5187692307692308,13000,1.0215608033767258e-15,full
100000000.0,10009,-0.877703079861249,0.7970406211588961,0.13173980025566207,0.14729574484012167,0.5031200116093455,13782,9.097925726696764e-16,full
300000000.0,10000,-1.7896786381684187,0.09584644084257381,0.15837371685237986,0.1730471290785328,0.8194580934999298,28492,1.3574130824908576e-15,full
300000000.0,10001,-1.7324300159927843,0.2863720999673364,0.15587662703790506,0.1712183032953346,0.7206862257583292,20110,9.943806881689867e-16,full
300000000.0,10002,-1.2856176873333087,0.6079966320925396,0.17158062386486886,0.18635228460495226,0.8349258052841114,27630,1.0026312298207647e-15,full
300000000.0,10003,-1.2531953955270367,0.6503856591318584,0.17797486404085594,0.19373007846934504,0.7994546162835995,25670,9.929490586627396e-16,full
300000000.0,10004,-0.2691942975534245,1.5391314635052429,0.15876873070824313,0.17368453450848712,0.7747747747747747,21978,1.2417785843665813e-15,full
300000000.0,10005,-1.4394986429805576,0.6298381916723993,0.14026835307685617,0.1550745008502347,0.7659258000084994,23531,8.557000728251375e-16,full
300000000.0,10006,-1.0971244904069306,0.8465982049273639,0.14452324188022067,0.15931335601908023,0.7394600859612691,20707,9.70824958027958e-16,full
300000000.0,10007,-1.1059025840991492,0.701082854916391,0.15706867109757253,0.1720322887979101,0.7753898997400669,21544,8.877964581243707e-16,full
300000000.0,10008,-1.1545273781858234,0.714790590507691,0.16569964662520995,0.181272965395287,0.7684370393531961,22387,7.724915689394907e-16,full
300000000.0,10009,-1.1739955682444085,0.6879028741619904,0.15681357061315498,0.17222468737326108,0.7514460773812074,23339,8.747508564979763e-16,full
1000000000.0,10000,-1.5411874518006625,-0.01186870604065684,0.14782602866773104,0.16084560918769014,0.938153725966755,46082,1.9027119140053034e-15,full
1000000000.0,10001,-1.5241303695514545,0.16014088228229603,0.1616483189049661,0.17661639011988486,0.9071541788679043,37223,1.1098452915340788e-15,full
1000000000.0,10002,-0.9844971333704984,0.49786136259641484,0.1550521819317955,0.16814425747334286,0.9440803945631787,43187,1.2419557783924436e-15,full
1000000000.0,10003,-1.1297485221896457,0.13207303812172203,0.17920276272785723,0.1948488051303382,0.9394651777843079,44239,1.8032598234582156e-15,full
1000000000.0,10004,-0.8378110057361062,0.9041604836719777,0.16754625936208792,0.18247501143241052,0.9048799696642651,34283,1.247377162359425e-15,full
1000000000.0,10005,-1.9089669452305833,-0.006062521627266213,0.15004402678546305,0.16486337686741373,0.9276182676558435,41516,1.3028177048336836e-15,full
1000000000.0,10006,-1.2920866336253272,0.3430328688443136,0.14643180701366676,0.16053893170875363,0.8992225987413504,35117,1.2806243439550385e-15,full
1000000000.0,10007,-0.41079377428411024,1.200088327764763,0.14750014527335617,0.16061277900302212,0.9399634295002032,39376,1.2558918143437447e-15,full
1000000000.0,10008,-1.044431073673288,0.45310109772164187,0.1693642272501812,0.18402677657114946,0.9330965213130819,40820,1.3208273381526062e-15,full
1000000000.0,10009,-1.1975489713069845,0.42901785710333956,0.16331208081037496,0.17814390043504147,0.906639951303642,39428,1.4220703382648172e-15,full
3000000000.0,10000,-0.4527919353510684,0.4099653029247835,0.10148233691549328,0.11149766077086663,0.9857447375432987,60048,2.118882362375493e-15,full
3000000000.0,10001,-0.8470050873863055,0.22115793491192653,0.12010507526499453,0.1319377822265478,0.9754935330156569,52884,1.923954969771437e-15,full
3000000000.0,10002,-0.930104021454081,0.0035818926132722305,0.11245845090088234,0.12307282364775744,0.9867835879779069,55764,1.5925211454995924e-15,full
3000000000.0,10003,-0.8618044292508411,-0.12329464844661807,0.12565759308044852,0.13810380909037306,0.9801219665761212,55589,2.0366487189365677e-15,full
3000000000.0,10004,-1.3826863908866498,-0.47344928410941967,0.1548407020319325,0.16967028237544926,0.966472052889156,46588,1.4896080907711925e-15,full
3000000000.0,10005,-0.6301533808353403,0.32027704217591624,0.10232998735159443,0.11339103166090585,0.9862306368330465,58100,1.7538109780065982e-15,full
3000000000.0,10006,-0.7654883186006023,0.6234676544648545,0.11598893246274931,0.12733763911389953,0.978473322768093,53004,1.2866883034821895e-15,full
3000000000.0,10007,-0.6994936807914247,0.3588662354326354,0.09655299659886353,0.1056767742164229,0.9896418606428926,52326,1.2478131322404846e-15,full
3000000000.0,10008,-0.24804969568766852,0.6930275092784014,0.12576507183250282,0.13775860163020193,0.9808213505985094,53132,2.30062643847229e-15,full
3000000000.0,10009,-0.6457158984149135,0.3556590927229636,0.11955439787754561,0.1317565272663942,0.9766942764406449,56381,2.371711410536528e-15,full
