subject_id,m,detection_probability,instants_pooled
C1,1,1.0,100
C1,2,1.0,100
C1,5,1.0,100
C1,10,1.0,100
C1,20,1.0,100
C1,50,1.0,100
C1b,1,1.0,100
C1b,2,1.0,100
C1b,5,1.0,100
C1b,10,1.0,100
C1b,20,1.0,100
C1b,50,1.0,100
C1g,1,1.0,100
C1g,2,1.0,100
C1g,5,1.0,100
C1g,10,1.0,100
C1g,20,1.0,100
C1g,50,1.0,100
C1s,1,1.0,100
C1s,2,1.0,100
C1s,5,1.0,100
C1s,10,1.0,100
C1s,20,1.0,100
C1s,50,1.0,100
C2,1,0.99,100
C2,2,1.0,100
C2,5,1.0,100
C2,10,1.0,100
C2,20,1.0,100
C2,50,1.0,100
C3,1,0.99,100
C3,2,1.0,100
C3,5,1.0,100
C3,10,1.0,100
C3,20,1.0,100
C3,50,1.0,100
C4,1,1.0,100
C4,2,1.0,100
C4,5,1.0,100
C4,10,1.0,100
C4,20,1.0,100
C4,50,1.0,100
C5,1,1.0,100
C5,2,1.0,100
C5,5,1.0,100
C5,10,1.0,100
C5,20,1.0,100
C5,50,1.0,100
C6,1,0.0,100
C6,2,0.0,100
C6,5,0.0,100
C6,10,0.0,100
C6,20,0.0,100
C6,50,0.0,100
C7,1,0.0,100
C7,2,0.0,100
C7,5,0.0,100
C7,10,0.0,100
C7,20,0.0,100
C7,50,0.0,100
C8,1,0.0,100
C8,2,0.0,100
C8,5,0.0,100
C8,10,0.0,100
C8,20,0.0,100
C8,50,0.0,100
F_low_vol,1,0.0,100
F_low_vol,2,0.0,100
F_low_vol,5,0.0,100
F_low_vol,10,0.0,100
F_low_vol,20,0.0,100
F_low_vol,50,0.0,100
F_momentum,1,0.0,100
F_momentum,2,0.0,100
F_momentum,5,0.0,100
F_momentum,10,0.0,100
F_momentum,20,0.0,100
F_momentum,50,0.0,100
F_reversal,1,0.0,100
F_reversal,2,0.0,100
F_reversal,5,0.0,100
F_reversal,10,0.0,100
F_reversal,20,0.0,100
F_reversal,50,0.0,100
F_signal_x_ewma,1,0.0,100
F_signal_x_ewma,2,0.0,100
F_signal_x_ewma,5,0.0,100
F_signal_x_ewma,10,0.0,100
F_signal_x_ewma,20,0.0,100
F_signal_x_ewma,50,0.0,100
F_volume_trend,1,0.0,100
F_volume_trend,2,0.0,100
F_volume_trend,5,0.0,100
F_volume_trend,10,0.0,100
F_volume_trend,20,0.0,100
F_volume_trend,50,0.0,100
S_low_vol_ls,1,0.0,100
S_low_vol_ls,2,0.0,100
S_low_vol_ls,5,0.0,100
S_low_vol_ls,10,0.0,100
S_low_vol_ls,20,0.0,100
S_low_vol_ls,50,0.0,100
S_momentum_ls,1,0.0,100
S_momentum_ls,2,0.0,100
S_momentum_ls,5,0.0,100
S_momentum_ls,10,0.0,100
S_momentum_ls,20,0.0,100
S_momentum_ls,50,0.0,100
S_reversal_ls,1,0.0,100
S_reversal_ls,2,0.0,100
S_reversal_ls,5,0.0,100
S_reversal_ls,10,0.0,100
S_reversal_ls,20,0.0,100
S_reversal_ls,50,0.0,100
S_signal_x_ls,1,0.0,100
S_signal_x_ls,2,0.0,100
S_signal_x_ls,5,0.0,100
S_signal_x_ls,10,0.0,100
S_signal_x_ls,20,0.0,100
S_signal_x_ls,50,0.0,100
S_signal_x_voltarget,1,0.0,100
S_signal_x_voltarget,2,0.0,100
S_signal_x_voltarget,5,0.0,100
S_signal_x_voltarget,10,0.0,100
S_signal_x_voltarget,20,0.0,100
S_signal_x_voltarget,50,0.0,100
S_volume_trend_topk,1,0.0,100
S_volume_trend_topk,2,0.0,100
S_volume_trend_topk,5,0.0,100
S_volume_trend_topk,10,0.0,100
S_volume_trend_topk,20,0.0,100
S_volume_trend_topk,50,0.0,100
