part,seed,subject_id,panel,fill_model,label,sharpe_ann,sr_bar,bars,max_identity_residual,mode,mean_return
c7,4200,C7,gross,same_close,UNSAFE,0.9987561719795827,0.06291572503449601,1219,4.1708653976122647e-16,full,
c7,4201,C7,gross,same_close,UNSAFE,1.1017632021293213,0.0694045580122946,1219,4.33231981017927e-16,full,
c7,4202,C7,gross,same_close,UNSAFE,1.3831210246266523,0.08712843486349917,1219,4.617631563458956e-16,full,
c7,4203,C7,gross,same_close,UNSAFE,0.9079757477466933,0.05719709583370633,1219,3.494041464526175e-16,full,
c7,4204,C7,gross,same_close,UNSAFE,1.2335047334116733,0.07770349441972173,1219,5.271199874795854e-16,full,
c7,4205,C7,gross,same_close,UNSAFE,1.954424763565305,0.12311718763285733,1219,4.1563842105116458e-16,full,
c7,4206,C7,gross,same_close,UNSAFE,1.3542814284232585,0.08531171106669673,1219,3.064209701734394e-16,full,
c7,4207,C7,gross,same_close,UNSAFE,1.5644260486025057,0.0985495778369923,1219,6.002429555593451e-16,full,
c7,4208,C7,gross,same_close,UNSAFE,0.9105723292324659,0.05736066509252225,1219,3.6927679924917855e-16,full,
c7,4209,C7,gross,same_close,UNSAFE,0.6273533650629454,0.039519547336096916,1219,3.579763616023559e-16,full,
c7,4200,C7,net,same_close,UNSAFE,-1.1789954087739771,-0.07426972972625911,1219,3.05288109689709e-16,full,
c7,4201,C7,net,same_close,UNSAFE,-0.8211149416871052,-0.051725379369128174,1219,3.810280598323058e-16,full,
c7,4202,C7,net,same_close,UNSAFE,-0.45659874136167544,-0.028763017109240348,1219,5.210290133269724e-16,full,
c7,4203,C7,net,same_close,UNSAFE,-1.0287763503232261,-0.06480681851571238,1219,3.0609824589163105e-16,full,
c7,4204,C7,net,same_close,UNSAFE,-0.8830926384317881,-0.05562960728386647,1219,3.422192195015499e-16,full,
c7,4205,C7,net,same_close,UNSAFE,0.18741565859783296,0.011806076772601197,1219,4.468672582229382e-16,full,
c7,4206,C7,net,same_close,UNSAFE,-0.6979406548899385,-0.04396612863619842,1219,4.1333846393346416e-16,full,
c7,4207,C7,net,same_close,UNSAFE,-0.37977361627630685,-0.0239234891231138,1219,4.37757318181045e-16,full,
c7,4208,C7,net,same_close,UNSAFE,-0.9474140346115897,-0.059681474385585874,1219,3.7814734852448387e-16,full,
c7,4209,C7,net,same_close,UNSAFE,-1.1465523031761753,-0.07222600617458313,1219,3.7499050383171382e-16,full,
c7,4200,signal_x_ls,gross,next_open,safe,0.953115364774877,0.060040624427355624,1219,8.057031586648121e-16,full,
c7,4201,signal_x_ls,gross,next_open,safe,1.179070873433174,0.07427448355294981,1219,1.056756924089401e-15,full,
c7,4202,signal_x_ls,gross,next_open,safe,1.4830598619505868,0.09342398986054846,1219,1.0070378442885998e-15,full,
c7,4203,signal_x_ls,gross,next_open,safe,0.9908307533628252,0.06241647058935264,1219,8.900195818054217e-16,full,
c7,4204,signal_x_ls,gross,next_open,safe,1.5283574942663922,0.09627747248168332,1219,9.2244787342572e-16,full,
c7,4205,signal_x_ls,gross,next_open,safe,2.03621947706764,0.12826977026349914,1219,9.242845591798652e-16,full,
c7,4206,signal_x_ls,gross,next_open,safe,1.3403725188771245,0.08443553212224046,1219,1.0098675626751802e-15,full,
c7,4207,signal_x_ls,gross,next_open,safe,1.3030176068155377,0.08208239384696318,1219,8.081103063331916e-16,full,
c7,4208,signal_x_ls,gross,next_open,safe,0.8309754858251527,0.05234653526391506,1219,8.306191962148283e-16,full,
c7,4209,signal_x_ls,gross,next_open,safe,0.8039782046896664,0.05064586640773906,1219,9.339054321380107e-16,full,
c7,4200,signal_x_ls,net,next_open,safe,-1.2266792355900908,-0.07727352847186172,1219,1.0317001003095638e-15,full,
c7,4201,signal_x_ls,net,next_open,safe,-0.7923016113509705,-0.04991031016643852,1219,1.0037474093627693e-15,full,
c7,4202,signal_x_ls,net,next_open,safe,-0.4135352512962133,-0.026050272221151936,1219,9.506153157311823e-16,full,
c7,4203,signal_x_ls,net,next_open,safe,-0.9000714427529781,-0.05669917142179737,1219,1.0403492368309799e-15,full,
c7,4204,signal_x_ls,net,next_open,safe,-0.5968115129516911,-0.03759559149643758,1219,1.0723087986728396e-15,full,
c7,4205,signal_x_ls,net,next_open,safe,0.2209794428024506,0.013920396440783484,1219,9.144863750229991e-16,full,
c7,4206,signal_x_ls,net,next_open,safe,-0.7511243636698389,-0.0473163873798103,1219,8.309135826886596e-16,full,
c7,4207,signal_x_ls,net,next_open,safe,-0.5899585292559139,-0.037163894101251704,1219,9.678512428733619e-16,full,
c7,4208,signal_x_ls,net,next_open,safe,-1.035363415483397,-0.06522176461770263,1219,7.780446011552204e-16,full,
c7,4209,signal_x_ls,net,next_open,safe,-0.9849065758179152,-0.0620432824820568,1219,9.305902291947848e-16,full,
sharpe,4000,C1,gross,,,9.582486669585858,0.6036399206979939,1234,2.041388187901134e-15,full,0.0038105416666723547
sharpe,4001,C1,gross,,,8.217450490889815,0.5176507240447641,1234,1.6009522971421024e-15,full,0.003741642881095121
sharpe,4002,C1,gross,,,6.362428159468843,0.4007953010587848,1234,2.763516384881491e-15,full,0.003984980009265044
sharpe,4003,C1,gross,,,7.262542912633794,0.4574972007800883,1234,1.9164007392909553e-15,full,0.0034977636028358837
sharpe,4004,C1,gross,,,6.823501144502343,0.4298401690266144,1234,2.304513618867183e-15,full,0.0036895928815983336
sharpe,4005,C1,gross,,,7.03096210123854,0.44290898089041225,1234,1.5363045919531104e-15,full,0.003727790908280146
sharpe,4006,C1,gross,,,8.35215410033422,0.5261362538374466,1234,2.1847214481609643e-15,full,0.0038856218558287955
sharpe,4007,C1,gross,,,7.361397900500894,0.46372447967900865,1234,1.86695249693003e-15,full,0.003856257047774349
sharpe,4008,C1,gross,,,7.532181516513414,0.4744828362498057,1234,1.6589806695259162e-15,full,0.0037542136875548097
sharpe,4009,C1,gross,,,10.341712863575435,0.6514666754156725,1234,2.333882513814684e-15,full,0.004338122238768622
sharpe,4000,C1,net,,,6.730258840484833,0.4239664559765904,1234,1.5760658793236095e-15,full,0.002896467945428996
sharpe,4001,C1,net,,,4.149068308142963,0.2613667360944235,1234,2.187881330916749e-15,full,0.002327831785615845
sharpe,4002,C1,net,,,4.892574047141647,0.30820319523108575,1234,2.027347083146742e-15,full,0.003062278373478063
sharpe,4003,C1,net,,,5.015375498899822,0.31593895956417684,1234,1.6541175698101967e-15,full,0.0025592697637458095
sharpe,4004,C1,net,,,2.2997672882855773,0.14487172186011962,1234,4.2549786228026065e-15,full,0.0029377359259586118
sharpe,4005,C1,net,,,5.096196917248612,0.3210302303631867,1234,2.011558867277595e-15,full,0.0026164161883666134
sharpe,4006,C1,net,,,5.760385366285508,0.3628701698830277,1234,2.134122215342792e-15,full,0.002802816955454297
sharpe,4007,C1,net,,,5.573871146677071,0.3511208784291894,1234,1.851115928321499e-15,full,0.0028572432756736317
sharpe,4008,C1,net,,,5.840792118457848,0.3679353191682281,1234,1.984755487667158e-15,full,0.0029372922664254566
sharpe,4009,C1,net,,,6.976151184407406,0.4394562176745402,1234,1.8533861985167323e-15,full,0.0031581456998561993
sharpe,4000,C1b,gross,,,9.582486669585858,0.6036399206979939,1234,2.041388187901134e-15,full,0.0038105416666723547
sharpe,4001,C1b,gross,,,8.217450490889815,0.5176507240447641,1234,1.6009522971421024e-15,full,0.003741642881095121
sharpe,4002,C1b,gross,,,6.362428159468843,0.4007953010587848,1234,2.763516384881491e-15,full,0.003984980009265044
sharpe,4003,C1b,gross,,,7.262542912633794,0.4574972007800883,1234,1.9164007392909553e-15,full,0.0034977636028358837
sharpe,4004,C1b,gross,,,6.823501144502343,0.4298401690266144,1234,2.304513618867183e-15,full,0.0036895928815983336
sharpe,4005,C1b,gross,,,7.03096210123854,0.44290898089041225,1234,1.5363045919531104e-15,full,0.003727790908280146
sharpe,4006,C1b,gross,,,8.35215410033422,0.5261362538374466,1234,2.1847214481609643e-15,full,0.0038856218558287955
sharpe,4007,C1b,gross,,,7.361397900500894,0.46372447967900865,1234,1.86695249693003e-15,full,0.003856257047774349
sharpe,4008,C1b,gross,,,7.532181516513414,0.4744828362498057,1234,1.6589806695259162e-15,full,0.0037542136875548097
sharpe,4009,C1b,gross,,,10.341712863575435,0.6514666754156725,1234,2.333882513814684e-15,full,0.004338122238768622
sharpe,4000,C1b,net,,,6.730258840484833,0.4239664559765904,1234,1.5760658793236095e-15,full,0.002896467945428996
sharpe,4001,C1b,net,,,4.149068308142963,0.2613667360944235,1234,2.187881330916749e-15,full,0.002327831785615845
sharpe,4002,C1b,net,,,4.892574047141647,0.30820319523108575,1234,2.027347083146742e-15,full,0.003062278373478063
sharpe,4003,C1b,net,,,5.015375498899822,0.31593895956417684,1234,1.6541175698101967e-15,full,0.0025592697637458095
sharpe,4004,C1b,net,,,2.2997672882855773,0.14487172186011962,1234,4.2549786228026065e-15,full,0.0029377359259586118
sharpe,4005,C1b,net,,,5.096196917248612,0.3210302303631867,1234,2.011558867277595e-15,full,0.0026164161883666134
sharpe,4006,C1b,net,,,5.760385366285508,0.3628701698830277,1234,2.134122215342792e-15,full,0.002802816955454297
sharpe,4007,C1b,net,,,5.573871146677071,0.3511208784291894,1234,1.851115928321499e-15,full,0.0028572432756736317
sharpe,4008,C1b,net,,,5.840792118457848,0.3679353191682281,1234,1.984755487667158e-15,full,0.0029372922664254566
sharpe,4009,C1b,net,,,6.976151184407406,0.4394562176745402,1234,1.8533861985167323e-15,full,0.0031581456998561993
sharpe,4000,C2,gross,,,0.9381642364194129,0.059098791869061244,1234,2.5132414217640615e-16,full,0.0018176591282834794
sharpe,4001,C2,gross,,,0.6285677133986998,0.03959604409089242,1234,3.125450195545693e-16,full,0.001156268579044289
sharpe,4002,C2,gross,,,0.6310306946085317,0.03975119732339338,1234,2.6292048152711047e-16,full,0.0021245363634338718
sharpe,4003,C2,gross,,,0.4585896130721962,0.02888843023872301,1234,2.8043338496485436e-16,full,0.0006183926454801706
sharpe,4004,C2,gross,,,0.8570636563530967,0.05398993553480993,1234,2.6346316087348726e-16,full,0.002373583332486144
sharpe,4005,C2,gross,,,0.892726117265203,0.05623645940895267,1234,2.7646328386456717e-16,full,0.0017947709506814667
sharpe,4006,C2,gross,,,1.4288808288105828,0.09001103157572996,1234,2.242157055466531e-16,full,0.0032357169070178077
sharpe,4007,C2,gross,,,0.7228066027544008,0.045532536116276154,1234,2.59162087548322e-16,full,0.0010902985539449949
sharpe,4008,C2,gross,,,1.0405747558325318,0.06555004820249136,1234,2.6337922119081063e-16,full,0.0024119208891667495
sharpe,4009,C2,gross,,,1.021129725232791,0.06432512641194481,1234,2.443092984180089e-16,full,0.0019763562392077433
sharpe,4000,C2,net,,,0.936597026618331,0.0590000669313011,1234,2.0264680223098165e-16,full,0.0018146267578366762
sharpe,4001,C2,net,,,0.6267674123710733,0.03948263578603162,1234,2.8474366862049118e-16,full,0.0011529880210529317
sharpe,4002,C2,net,,,0.6300108711899809,0.03968695448656754,1234,2.3175310640144665e-16,full,0.0021210870995624384
sharpe,4003,C2,net,,,0.45756769152336785,0.028824055232113063,1234,2.0296216147555972e-16,full,0.0006170564446694875
sharpe,4004,C2,net,,,0.8553443185928874,0.053881627436399536,1234,2.787430839079874e-16,full,0.0023688225681217285
sharpe,4005,C2,net,,,0.8900443810602344,0.05606752590704255,1234,3.148222630038366e-16,full,0.0017901220276584225
sharpe,4006,C2,net,,,1.4258952056710645,0.08982295499630792,1234,2.7355970586786425e-16,full,0.003227584216752613
sharpe,4007,C2,net,,,0.7215518125728236,0.04545349176465666,1234,2.616810616959852e-16,full,0.0010884217724899305
sharpe,4008,C2,net,,,1.038339997567248,0.0654092716641512,1234,2.473825588822365e-16,full,0.00240660423579833
sharpe,4009,C2,net,,,1.0192810386501934,0.06420867010361968,1234,2.812185326679453e-16,full,0.001972760214953617
sharpe,4000,honest,gross,,,0.18651912682004132,0.011749600579113022,1234,1.728581248191878e-15,full,5.691165432757684e-05
sharpe,4001,honest,gross,,,-0.08856513574345723,-0.005579079143044414,1234,1.6172146473931605e-15,full,-2.701504227944308e-05
sharpe,4002,honest,gross,,,-0.24755467819581653,-0.015594478914208437,1234,1.8667546895124782e-15,full,-8.613628028275633e-05
sharpe,4003,honest,gross,,,-0.09191237196966406,-0.005789935205757024,1234,1.5557506195031383e-15,full,-2.6012274390339444e-05
sharpe,4004,honest,gross,,,-0.3800106292249395,-0.02393841953548485,1234,1.45503491237243e-15,full,-0.00011650042148257666
sharpe,4005,honest,gross,,,0.6815524913186847,0.04293377136823209,1234,1.6085144868680395e-15,full,0.0002025870066774279
sharpe,4006,honest,gross,,,0.21551753888289146,0.013576328834686284,1234,1.8506435862711517e-15,full,6.31284317263578e-05
sharpe,4007,honest,gross,,,-0.3621654299683173,-0.022814277646689207,1234,1.7603309714946971e-15,full,-0.00010865161945922301
sharpe,4008,honest,gross,,,0.022491348425602492,0.0014168217758249596,1234,1.3717658836922358e-15,full,6.741424365819728e-06
sharpe,4009,honest,gross,,,0.06715127440843437,0.0042301326739469835,1234,1.6858496137508386e-15,full,1.9622352601391698e-05
sharpe,4000,honest,net,,,-1.3521417675357352,-0.08517692510006819,1234,1.496704106973631e-15,full,-0.000417808770103954
sharpe,4001,honest,net,,,-1.5402378343270116,-0.09702586356004705,1234,1.4356343499488254e-15,full,-0.0004714992308608689
sharpe,4002,honest,net,,,-1.4416254626820346,-0.09081386804654976,1234,1.1632376707647752e-15,full,-0.0005015993671745013
sharpe,4003,honest,net,,,-1.577897020972211,-0.09939816933243187,1234,1.4097757841199718e-15,full,-0.0004469134791751814
sharpe,4004,honest,net,,,-1.631892874228658,-0.10279958836922463,1234,1.5537554933380005e-15,full,-0.0005007064010400568
sharpe,4005,honest,net,,,-0.9793639665252183,-0.06169413091532176,1234,1.7479498807381767e-15,full,-0.0002930134063534355
sharpe,4006,honest,net,,,-1.3731667126301503,-0.08650137214884462,1234,1.362035294425248e-15,full,-0.0004017057829724102
sharpe,4007,honest,net,,,-1.8271870593764192,-0.11510196566441463,1234,1.5536027319404069e-15,full,-0.0005461167925535329
sharpe,4008,honest,net,,,-1.3329304239379556,-0.08396672420694587,1234,1.811558823959653e-15,full,-0.00039914206235041916
sharpe,4009,honest,net,,,-1.1477061095280454,-0.07229868914287302,1234,1.3502923680070424e-15,full,-0.0003373045693845639
