part,panel,subject_id,sharpe_ann_mean,sharpe_ann_ci95,n_markets,diff_vs_reference_mean,diff_vs_reference_ci95,sharpe_ratio_vs_next_open_mean,sharpe_ratio_vs_next_open_ci95,ratio_of_mean_sharpe
sharpe,gross,C1,7.886681785924315,0.8987502773948243,10,7.886379432448969,0.8640437982723093,,,
sharpe,gross,C1b,7.886681785924315,0.8987502773948243,10,7.886379432448969,0.8640437982723093,,,
sharpe,gross,C2,0.8619533943747447,0.195950159600857,10,0.8616510408993987,0.22630618531259453,,,
sharpe,gross,honest,0.0003023534753459692,0.22670683737779676,10,0.0,0.0,,,
sharpe,net,C1,5.233444071603129,0.9539530204469715,10,6.6538589947774724,0.8935220651127888,,,
sharpe,net,C1b,5.233444071603129,0.9539530204469715,10,6.6538589947774724,0.8935220651127888,,,
sharpe,net,C2,0.8601399755817205,0.19556234035966602,10,2.2805548987560647,0.19812141182141557,,,
sharpe,net,honest,-1.420414923174344,0.17412532947608497,10,0.0,0.0,,,
c7,gross,C7,1.2036178814780403,0.27265131606520054,10,-0.04128188262825734,0.10863555378574392,0.9685312699491284,0.09075248801863059,0.9668391915409403
c7,gross,signal_x_ls,1.2448997641062978,0.2714081558922085,10,0.0,0.0,,,
c7,net,C7,-0.735284303093395,0.3000327905420629,10,-0.028307053556739098,0.10045170223224548,1.0224522654195802,0.1596642041252894,1.0400395537130669
c7,net,signal_x_ls,-0.7069772495366557,0.28957267215071786,10,0.0,0.0,,,
