ts_event,cash,position_value,equity,hold_pnl,trade_pnl,spread_cost,impact_cost,commission,borrow,financing,income
2010-01-04T21:00:00Z,1000000.0,0.0,1000000.0,0.0,0.0,0.0,0.0,0.0,0.0,0.0,0.0
2010-01-05T21:00:00Z,1000000.0,0.0,1000000.0,0.0,0.0,0.0,0.0,0.0,0.0,0.0,0.0
2010-01-06T21:00:00Z,1000000.0,0.0,1000000.0,0.0,0.0,0.0,0.0,0.0,0.0,0.0,0.0
2010-01-07T21:00:00Z,1000000.0,0.0,1000000.0,0.0,0.0,0.0,0.0,0.0,0.0,0.0,0.0
2010-01-08T21:00:00Z,1000000.0,0.0,1000000.0,0.0,0.0,0.0,0.0,0.0,0.0,0.0,0.0
2010-01-11T21:00:00Z,1000000.0,0.0,1000000.0,0.0,0.0,0.0,0.0,0.0,0.0,0.0,0.0
2010-01-12T21:00:00Z,1000000.0,0.0,1000000.0,0.0,0.0,0.0,0.0,0.0,0.0,0.0,0.0
2010-01-13T21:00:00Z,1000000.0,0.0,1000000.0,0.0,0.0,0.0,0.0,0.0,0.0,0.0,0.0
2010-01-14T21:00:00Z,1000000.0,0.0,1000000.0,0.0,0.0,0.0,0.0,0.0,0.0,0.0,0.0
2010-01-15T21:00:00Z,1000000.0,0.0,1000000.0,0.0,0.0,0.0,0.0,0.0,0.0,0.0,0.0
2010-01-18T21:00:00Z,1000000.0,0.0,1000000.0,0.0,0.0,0.0,0.0,0.0,0.0,0.0,0.0
2010-01-19T21:00:00Z,1000000.0,0.0,1000000.0,0.0,0.0,0.0,0.0,0.0,0.0,0.0,0.0
2010-01-20T21:00:00Z,1000000.0,0.0,1000000.0,0.0,0.0,0.0,0.0,0.0,0.0,0.0,0.0
2010-01-21T21:00:00Z,1000000.0,0.0,1000000.0,0.0,0.0,0.0,0.0,0.0,0.0,0.0,0.0
2010-01-22T21:00:00Z,1000000.0,0.0,1000000.0,0.0,0.0,0.0,0.0,0.0,0.0,0.0,0.0
2010-01-25T21:00:00Z,1000000.0,0.0,1000000.0,0.0,0.0,0.0,0.0,0.0,0.0,0.0,0.0
2010-01-26T21:00:00Z,1000000.0,0.0,1000000.0,0.0,0.0,0.0,0.0,0.0,0.0,0.0,0.0
2010-01-27T21:00:00Z,1000000.0,0.0,1000000.0,0.0,0.0,0.0,0.0,0.0,0.0,0.0,0.0
2010-01-28T21:00:00Z,1000000.0,0.0,1000000.0,0.0,0.0,0.0,0.0,0.0,0.0,0.0,0.0
2010-01-29T21:00:00Z,1000000.0,0.0,1000000.0,0.0,0.0,0.0,0.0,0.0,0.0,0.0,0.0
2010-02-01T21:00:00Z,1000000.0,0.0,1000000.0,0.0,0.0,0.0,0.0,0.0,0.0,0.0,0.0
2010-02-02T21:00:00Z,1000000.0,0.0,1000000.0,0.0,0.0,0.0,0.0,0.0,0.0,0.0,0.0
2010-02-03T21:00:00Z,1000000.0,0.0,1000000.0,0.0,0.0,0.0,0.0,0.0,0.0,0.0,0.0
2010-02-04T21:00:00Z,1000000.0,0.0,1000000.0,0.0,0.0,0.0,0.0,0.0,0.0,0.0,0.0
2010-02-05T21:00:00Z,1000000.0,0.0,1000000.0,0.0,0.0,0.0,0.0,0.0,0.0,0.0,0.0
2010-02-08T21:00:00Z,1000000.0,0.0,1000000.0,0.0,0.0,0.0,0.0,0.0,0.0,0.0,0.0
2010-02-09T21:00:00Z,1000000.0,0.0,1000000.0,0.0,0.0,0.0,0.0,0.0,0.0,0.0,0.0
2010-02-10T21:00:00Z,1000000.0,0.0,1000000.0,0.0,0.0,0.0,0.0,0.0,0.0,0.0,0.0
2010-02-11T21:00:00Z,1000000.0,0.0,1000000.0,0.0,0.0,0.0,0.0,0.0,0.0,0.0,0.0
2010-02-12T21:00:00Z,1000000.0,0.0,1000000.0,0.0,0.0,0.0,0.0,0.0,0.0,0.0,0.0
2010-02-15T21:00:00Z,1000000.0,0.0,1000000.0,0.0,0.0,0.0,0.0,0.0,0.0,0.0,0.0
2010-02-16T21:00:00Z,996860.1884163518,12524.98115144053,1009385.1695677923,0.0,10252.422484654755,199.94319481704696,567.3381246368318,99.97159740852348,0.0,0.0,0.0
2010-02-17T21:00:00Z,996853.3706065033,-6501.240865163272,990352.1297413401,-19026.222016603733,0.0,0.0,0.0,0.0,6.8178098484590866,0.0,0.0
2010-02-18T21:00:00Z,996846.2289040824,6153.112664077722,1002999.3415681601,12654.353529240952,0.0,0.0,0.0,0.0,7.141702420902026,0.0,0.0
2010-02-19T21:00:00Z,996839.333706897,14150.577046615887,1010989.9107535129,7997.464382538155,0.0,0.0,0.0,0.0,6.895197185411012,0.0,0.0
2010-02-22T21:00:00Z,996819.3399014908,10751.781509308319,1007571.1214107992,-3398.7955373075843,0.0,0.0,0.0,0.0,19.993805406191036,0.0,0.0
2010-02-23T21:00:00Z,996562.3812335788,-7398.551253593003,989163.8299799857,-15479.451892603794,-655.9887542219312,203.7130667118846,1959.5933649482702,101.8565333559423,6.687818971445853,0.0,0.0
2010-02-24T21:00:00Z,996555.4555566829,-74398.47522785323,922156.9803288297,-66999.92397426022,0.0,0.0,0.0,0.0,6.925676895915364,0.0,0.0
2010-02-25T21:00:00Z,996548.4131380041,-78495.00439307914,918053.4087449249,-4096.529165225895,0.0,0.0,0.0,0.0,7.042418678779757,0.0,0.0
2010-02-26T21:00:00Z,996541.3752050812,-32321.60708607809,964219.7681190032,46173.397307001025,0.0,0.0,0.0,0.0,7.03793292295462,0.0,0.0
2010-03-01T21:00:00Z,996521.0289487236,18552.322303930996,1015073.3512526546,50873.92939000912,0.0,0.0,0.0,0.0,20.346256357624082,0.0,0.0
2010-03-02T21:00:00Z,1028565.7958657355,22048.517208406294,1050614.3130741417,40251.254678856785,-2693.768464254642,212.78731036856334,1691.2788502810547,106.39365518428167,6.064577281058115,0.0,0.0
2010-03-03T21:00:00Z,1028559.2166701747,54231.85485262185,1082791.0715227965,32183.33764421549,0.0,0.0,0.0,0.0,6.579195560772327,0.0,0.0
2010-03-04T21:00:00Z,1028552.9909689877,97949.09206416341,1126502.083033151,43717.23721154164,0.0,0.0,0.0,0.0,6.225701187076147,0.0,0.0
2010-03-05T21:00:00Z,1028547.5764587099,136858.6848595406,1165406.2613182506,38909.5927953772,0.0,0.0,0.0,0.0,5.414510277845153,0.0,0.0
2010-03-08T21:00:00Z,1028531.903677313,105815.13059673778,1134347.0342740507,-31043.55426280282,0.0,0.0,0.0,0.0,15.672781396930441,0.0,0.0
2010-03-09T21:00:00Z,1134415.2892524383,-3403.685514869634,1131011.6037375687,-2695.975677502046,-296.67092797787154,44.53026392842122,270.4786350746732,22.26513196421061,5.509900034605178,0.0,0.0
2010-03-10T21:00:00Z,1134407.493845687,-20079.27450514899,1114328.2193405381,-16675.588990279437,0.0,0.0,0.0,0.0,7.795406751423105,0.0,0.0
2010-03-11T21:00:00Z,1134399.6036096998,29459.1050740442,1163858.708683744,49538.37957919316,0.0,0.0,0.0,0.0,7.890235987269286,0.0,0.0
2010-03-12T21:00:00Z,1134391.9942076297,27473.031757792458,1161865.0259654222,-1986.0733162516563,0.0,0.0,0.0,0.0,7.6094020699716545,0.0,0.0
2010-03-15T21:00:00Z,1134369.2791755728,31752.84213371866,1166122.1213092916,4279.810375926182,0.0,0.0,0.0,0.0,22.715032056810713,0.0,0.0
2010-03-16T21:00:00Z,1152642.61908089,29664.16069928091,1182306.7797801709,-7442.073465812737,30042.253523418323,454.5421155416763,5726.075327624748,227.27105777083815,7.633085789036858,0.0,0.0
2010-03-17T21:00:00Z,1152634.9849092227,27332.300360291032,1179967.2852695137,-2331.8603389898253,0.0,0.0,0.0,0.0,7.634171667333499,0.0,0.0
2010-03-18T21:00:00Z,1152627.2376391843,46065.84757681994,1198693.0852160044,18733.547216528765,0.0,0.0,0.0,0.0,7.747270038407427,0.0,0.0
2010-03-19T21:00:00Z,1152619.6325980318,45994.6653573513,1198614.297955383,-71.18221946854328,0.0,0.0,0.0,0.0,7.605041152469478,0.0,0.0
2010-03-22T21:00:00Z,1152596.976628242,21831.442934259074,1174428.4195625011,-24163.22242309219,0.0,0.0,0.0,0.0,22.655969789750248,0.0,0.0
2010-03-23T21:00:00Z,1180883.9625138547,6907.991040270892,1187791.9535541255,-25914.643045692977,41676.772207015376,236.40186470672873,2036.0075995750476,118.20093235336437,7.984773062604679,0.0,0.0
2010-03-24T21:00:00Z,1180876.0279011894,-16365.132283363724,1164510.8956178257,-23273.123323634638,0.0,0.0,0.0,0.0,7.934612665356454,0.0,0.0
2010-03-25T21:00:00Z,1180868.0227159164,-21919.395703641232,1158948.6270122752,-5554.263420277462,0.0,0.0,0.0,0.0,8.005185273102818,0.0,0.0
2010-03-26T21:00:00Z,1180859.9929524665,-12588.909235729137,1168271.0837167373,9330.486467912073,0.0,0.0,0.0,0.0,8.029763449886575,0.0,0.0
2010-03-29T21:00:00Z,1180835.7942214352,-6345.370106425951,1174490.4241150091,6243.539129303055,0.0,0.0,0.0,0.0,24.198731031377168,0.0,0.0
2010-03-30T21:00:00Z,1168875.3818333698,4434.639597727219,1173310.021431097,-14908.570318684984,18874.375340212035,466.8157047385153,4438.020574834629,233.40785236925765,7.9635734967304606,0.0,0.0
2010-03-31T21:00:00Z,1168867.6043797766,12438.541099117254,1181306.145478894,8003.901501390172,0.0,0.0,0.0,0.0,7.777453593319171,0.0,0.0
2010-04-01T21:00:00Z,1168859.9822753877,44555.37129989406,1213415.3535752818,32116.830200776698,0.0,0.0,0.0,0.0,7.622104388978801,0.0,0.0
2010-04-02T21:00:00Z,1168852.6478040526,45797.10464028816,1214649.7524443408,1241.7333403941993,0.0,0.0,0.0,0.0,7.334471335184736,0.0,0.0
2010-04-05T21:00:00Z,1168830.2366908821,53499.773246315424,1222330.0099371974,7702.668606027193,0.0,0.0,0.0,0.0,22.411113170535334,0.0,0.0
2010-04-06T21:00:00Z,1215841.9668886254,2515.523993479321,1218357.4908821047,-10148.199611846685,9113.806691441978,256.6644315104295,2545.6737740008334,128.33221575521475,7.455713421888752,0.0,0.0
2010-04-07T21:00:00Z,1209583.9255066551,16401.10837165045,1225985.0338783055,13885.584378171136,0.0,0.0,0.0,0.0,8.401965008006297,0.0,-6249.639416962243
2010-04-08T21:00:00Z,1209575.5136919052,-13856.467166785733,1195719.0465251193,-30257.575538436107,0.0,0.0,0.0,0.0,8.411814749923893,0.0,0.0
2010-04-09T21:00:00Z,1209566.591794124,-2722.8119720917894,1206843.7798220324,11133.655194693876,0.0,0.0,0.0,0.0,8.921897781087448,0.0,0.0
2010-04-12T21:00:00Z,1209539.4310060733,-659.5820292023709,1208879.848976871,2063.2299428894185,0.0,0.0,0.0,0.0,27.16078805094191,0.0,0.0
2010-04-13T21:00:00Z,1202438.6901334033,-12797.229437250528,1189641.4606961529,-3122.7514450846,-13145.064382156726,255.56921964220163,2578.466366692969,127.78460982110082,8.75225732031883,0.0,0.0
2010-04-14T21:00:00Z,1202430.3475414377,-33211.62091818906,1169218.7266232488,-20414.391480938564,0.0,0.0,0.0,0.0,8.342591965552645,0.0,0.0
2010-04-15T21:00:00Z,1202421.6170433203,-79456.09884816327,1122965.518195157,-46244.47792997419,0.0,0.0,0.0,0.0,8.730498117480852,0.0,0.0
2010-04-16T21:00:00Z,1202412.3759497635,-83576.86039139505,1118835.5155583685,-4120.7615432318735,0.0,0.0,0.0,0.0,9.241093556799896,0.0,0.0
2010-04-19T21:00:00Z,1202384.675027313,-51944.27931427851,1150440.3957130346,31632.581077116705,0.0,0.0,0.0,0.0,27.70092245060407,0.0,0.0
2010-04-20T21:00:00Z,1146685.3876118043,-21444.359132099547,1125241.0284797046,-30548.483307488576,4187.994899298474,241.77749318961693,1448.1913379544208,120.88874659480847,8.7358001534518,0.0,2980.7145527524945
2010-04-21T21:00:00Z,1146677.3234181607,-23438.510755697615,1123238.8126624632,-1994.1516235980416,0.0,0.0,0.0,0.0,8.064193643684932,0.0,0.0
2010-04-22T21:00:00Z,1146669.4850724891,-40353.117694632965,1106316.3673778563,-16914.606938935387,0.0,0.0,0.0,0.0,7.838345671622196,0.0,0.0
2010-04-23T21:00:00Z,1146661.5248127587,-50823.38450717955,1095838.1403055792,-10470.26681254657,0.0,0.0,0.0,0.0,7.960259730445782,0.0,0.0
2010-04-26T21:00:00Z,1146638.1939184538,-45115.43845640082,1101522.755462053,5707.946050778808,0.0,0.0,0.0,0.0,23.330894304809426,0.0,0.0
2010-04-27T21:00:00Z,1102290.9191229416,4519.823922073585,1106810.7430450153,4510.727940127723,814.7660423486171,8.861953679199612,16.550662342939404,4.430976839599806,7.66280665235443,0.0,0.0
2010-04-28T21:00:00Z,1102283.4230061,-26668.293263361673,1075615.1297427383,-31188.117185435214,0.0,0.0,0.0,0.0,7.496116841524914,0.0,0.0
2010-04-29T21:00:00Z,1102275.6967718033,-41531.659210725804,1060744.0375610776,-14863.365947364233,0.0,0.0,0.0,0.0,7.726234296763233,0.0,0.0
2010-04-30T21:00:00Z,1102267.7730829099,-36346.58470591181,1065921.188376998,5185.074504813945,0.0,0.0,0.0,0.0,7.923688893520794,0.0,0.0
2010-05-03T21:00:00Z,1102244.4158747967,-2768.9988663082477,1099475.4170084884,33577.58583960362,0.0,0.0,0.0,0.0,23.357208113081473,0.0,0.0
2010-05-04T21:00:00Z,1099418.0296900265,-12469.04523909057,1086948.9844509359,-12256.56875885715,-249.41306609940577,4.575442294440071,6.193325678826563,2.2877211472200356,7.394243475443069,0.0,0.0
2010-05-05T21:00:00Z,559334.2582796896,557322.3368916922,1116656.5951713817,11985.002066207011,17730.3465256538,0.0,0.0,0.0,7.737871414946127,0.0,0.0
2010-05-06T21:00:00Z,559334.2582796896,568936.6203254034,1128270.8786050929,11614.28343371115,0.0,0.0,0.0,0.0,0.0,0.0,0.0
2010-05-07T21:00:00Z,559334.2582796896,570868.440274227,1130202.6985539165,1931.8199488235641,0.0,0.0,0.0,0.0,0.0,0.0,0.0
2010-05-10T21:00:00Z,559334.2582796896,557821.7518313079,1117156.0101109976,-13046.688442919025,0.0,0.0,0.0,0.0,0.0,0.0,0.0
2010-05-11T21:00:00Z,882108.1245378108,237631.45163092227,1119739.5761687332,865.9274049859912,2483.0842557495716,65.01238426652141,667.9270266002657,32.506192133260704,0.0,0.0,0.0
2010-05-12T21:00:00Z,1112545.9201016885,29673.735120448866,1142219.6552221375,24884.107476208752,-1925.0849380098782,46.18334780973444,405.2600568502816,23.09167390486722,4.408406229771651,0.0,0.0
2010-05-13T21:00:00Z,1112538.3382615761,24094.216869510594,1136632.5551310866,-5579.518250938407,0.0,0.0,0.0,0.0,7.581840112310127,0.0,0.0
2010-05-14T21:00:00Z,1112530.906946546,41073.936720782425,1153604.8436673284,16979.719851271897,0.0,0.0,0.0,0.0,7.431315030098947,0.0,0.0
2010-05-17T21:00:00Z,1112508.553930941,53215.80930765509,1165724.3632385961,12141.872586872678,0.0,0.0,0.0,0.0,22.353015604896196,0.0,0.0
2010-05-18T21:00:00Z,1162720.1351790682,-19214.682379448554,1143505.4527996196,-7070.483000244969,-12671.349029583476,243.3249386732026,2104.607558956253,121.6624693366013,7.483442182224045,0.0,0.0
2010-05-19T21:00:00Z,1162712.1271824536,-18994.85636048275,1143717.270821971,219.82601896575306,0.0,0.0,0.0,0.0,8.007996614565068,0.0,0.0
2010-05-20T21:00:00Z,1162704.0616994493,-16319.587572534569,1146384.4741269147,2675.2687879482073,0.0,0.0,0.0,0.0,8.065483004313377,0.0,0.0
2010-05-21T21:00:00Z,1162696.0795200365,-12327.678350955131,1150368.4011690812,3991.9092215793917,0.0,0.0,0.0,0.0,7.982179412896776,0.0,0.0
2010-05-24T21:00:00Z,1162672.3642764739,-11113.55005330022,1151558.8142231735,1214.1282976549087,0.0,0.0,0.0,0.0,23.71524356259949,0.0,0.0
2010-05-25T21:00:00Z,1151237.2736214648,0.0,1151237.2736214648,10800.662234199604,-8255.959388506806,226.701823621712,2518.349927616492,113.350911810856,7.840784352542758,0.0,0.0
2010-05-26T21:00:00Z,1151237.2736214648,0.0,1151237.2736214648,0.0,0.0,0.0,0.0,0.0,0.0,0.0,0.0
2010-05-27T21:00:00Z,1151237.2736214648,0.0,1151237.2736214648,0.0,0.0,0.0,0.0,0.0,0.0,0.0,0.0
2010-05-28T21:00:00Z,1151237.2736214648,0.0,1151237.2736214648,0.0,0.0,0.0,0.0,0.0,0.0,0.0,0.0
2010-05-31T21:00:00Z,1151237.2736214648,0.0,1151237.2736214648,0.0,0.0,0.0,0.0,0.0,0.0,0.0,0.0
2010-06-01T21:00:00Z,1151237.2736214648,0.0,1151237.2736214648,0.0,0.0,0.0,0.0,0.0,0.0,0.0,0.0
2010-06-02T21:00:00Z,1151237.2736214648,0.0,1151237.2736214648,0.0,0.0,0.0,0.0,0.0,0.0,0.0,0.0
2010-06-03T21:00:00Z,1151237.2736214648,0.0,1151237.2736214648,0.0,0.0,0.0,0.0,0.0,0.0,0.0,0.0
2010-06-04T21:00:00Z,1151237.2736214648,0.0,1151237.2736214648,0.0,0.0,0.0,0.0,0.0,0.0,0.0,0.0
2010-06-07T21:00:00Z,1151237.2736214648,0.0,1151237.2736214648,0.0,0.0,0.0,0.0,0.0,0.0,0.0,0.0
2010-06-08T21:00:00Z,1151237.2736214648,0.0,1151237.2736214648,0.0,0.0,0.0,0.0,0.0,0.0,0.0,0.0
2010-06-09T21:00:00Z,1151237.2736214648,0.0,1151237.2736214648,0.0,0.0,0.0,0.0,0.0,0.0,0.0,0.0
2010-06-10T21:00:00Z,1151237.2736214648,0.0,1151237.2736214648,0.0,0.0,0.0,0.0,0.0,0.0,0.0,0.0
2010-06-11T21:00:00Z,1151237.2736214648,0.0,1151237.2736214648,0.0,0.0,0.0,0.0,0.0,0.0,0.0,0.0
2010-06-14T21:00:00Z,1151237.2736214648,0.0,1151237.2736214648,0.0,0.0,0.0,0.0,0.0,0.0,0.0,0.0
2010-06-15T21:00:00Z,1151237.2736214648,0.0,1151237.2736214648,0.0,0.0,0.0,0.0,0.0,0.0,0.0,0.0
2010-06-16T21:00:00Z,1151237.2736214648,0.0,1151237.2736214648,0.0,0.0,0.0,0.0,0.0,0.0,0.0,0.0
2010-06-17T21:00:00Z,1151237.2736214648,0.0,1151237.2736214648,0.0,0.0,0.0,0.0,0.0,0.0,0.0,0.0
2010-06-18T21:00:00Z,1151237.2736214648,0.0,1151237.2736214648,0.0,0.0,0.0,0.0,0.0,0.0,0.0,0.0
