fill_id,order_id,ts_fill,instrument_id,quantity,ref_price,price,spread_cost,impact_cost,commission
f1,o1,2010-02-16T14:30:00Z,I003,-24630.425766944885,20.24819678020065,20.221113104405084,99.7443415418449,567.3381246368318,49.87217077092245
f2,o2,2010-02-16T14:30:00Z,I004,9577.763339996338,52.30806489902285,52.318526512002656,100.19885327520207,0.0,50.099426637601034
f3,o3,2010-02-23T14:30:00Z,I003,-785.7535524368286,19.905460249972734,19.896947652133303,3.128157220861232,3.56064677193651,1.564078610430616
f4,o4,2010-02-23T14:30:00Z,I004,-9577.763339996338,51.64559920454584,51.63527008470493,98.92986534668864,0.0,49.46493267334432
f5,o5,2010-02-23T14:30:00Z,I005,41825.37387084961,12.152317449478163,12.201514565292944,101.65504414433475,1956.0327181763337,50.827522072167376
f6,o6,2010-03-02T14:30:00Z,I003,-3721.455892562866,17.268250525215514,17.254128023662812,12.852606534263018,39.70366008676889,6.426303267131509
f7,o7,2010-03-02T14:30:00Z,I004,9256.404750823975,55.63041419731639,55.64154028015585,102.98752605326898,0.0,51.49376302663449
f8,o8,2010-03-02T14:30:00Z,I005,-41825.37387084961,11.589517176868457,11.547711875297825,96.94717778103134,1651.5751901942858,48.47358889051567
f10,o10,2010-03-09T14:30:00Z,I004,1077.4469747543335,54.0282505143812,54.07729292606851,11.642515013597858,41.19808309355277,5.821257506798929
f9,o9,2010-03-09T14:30:00Z,I003,-11949.292353630066,13.761379310814341,13.739439241633901,32.88774891482336,229.28055198112042,16.44387445741168
f11,o11,2010-03-16T14:30:00Z,I003,41086.927565574646,13.14357287785418,13.178416651501951,108.00580535704924,1323.617798620225,54.00290267852462
f12,o12,2010-03-16T14:30:00Z,I004,-10333.851725578308,56.107968012288616,55.97846919690044,115.96228441249623,1222.2592724469378,57.981142206248116
f13,o13,2010-03-16T14:30:00Z,I005,-47701.318016052246,11.926049870284324,11.89639792220216,113.77765950754622,1300.659345755183,56.88882975377311
f14,o14,2010-03-16T14:30:00Z,I006,87145.2907962799,6.701243704471661,6.724151830187069,116.79636626458459,1879.5389108024024,58.398183132292296
f15,o15,2010-03-23T14:30:00Z,I002,-26975.301984786987,21.827872955563052,21.793555022927883,117.76269293237564,807.9739033949196,58.88134646618782
f16,o16,2010-03-23T14:30:00Z,I005,47701.318016052246,12.068049588177987,12.09601620240404,115.1323742478333,1218.9119847813683,57.56618712391665
f17,o17,2010-03-23T14:30:00Z,I006,-2522.715849876404,6.950440983457556,6.945435065361034,3.5067975265197835,9.121711398759528,1.7533987632598917
f18,o18,2010-03-30T14:30:00Z,I001,8366.309277534485,70.03908596550166,70.14742026663433,117.19373094064237,789.164537700798,58.596865470321184
f19,o19,2010-03-30T14:30:00Z,I002,26975.301984786987,21.66714240359615,21.696795043360968,116.8955418968779,682.993370405299,58.44777094843895
f20,o20,2010-03-30T14:30:00Z,I005,-44453.32183265686,13.151225084784874,13.12294895765181,116.9231282375304,1140.0446513896907,58.4615641187652
f21,o21,2010-03-30T14:30:00Z,I006,-84622.5749464035,6.842341050057253,6.819396566032369,115.80330366346463,1825.8180153388407,57.901651831732316
f22,o22,2010-04-06T14:30:00Z,I001,-8366.309277534485,71.60638823307664,71.49432748687515,119.81623804102504,817.7186225519479,59.90811902051252
f23,o23,2010-04-06T14:30:00Z,I003,43120.685170173645,14.301399622388574,14.3431358053876,123.3372301219716,1676.3555771838426,61.6686150609858
f24,o24,2010-04-06T14:30:00Z,I005,-10927.851813316345,6.181893558882626,6.175935339579805,13.51096334743283,51.59957426504292,6.755481673716415
f25,o25,2010-04-13T14:30:00Z,I001,8589.955483436584,70.63009094092976,70.74609244497837,121.34186739473284,875.1058883945274,60.67093369736642
f26,o26,2010-04-13T14:30:00Z,I003,-43120.685170173645,14.769198642892132,14.727190671310101,127.37159297918149,1684.0409242471208,63.68579648959074
f27,o27,2010-04-13T14:30:00Z,I005,5386.915952682495,6.363343449672134,6.368202503265976,6.855759268287295,19.31955405132122,3.4278796341436477
f28,o28,2010-04-20T14:30:00Z,I001,-8589.955483436584,67.05663723048912,66.95399193633953,115.20270573577157,766.5158015933098,57.60135286788579
f29,o29,2010-04-20T14:30:00Z,I002,24920.156039237976,22.90685817376906,22.936935994841317,114.16849601180377,635.3754984290863,57.084248005901884
f30,o30,2010-04-20T14:30:00Z,I005,9255.462773323059,6.7021453955820185,6.708488279866884,12.406291442041583,46.300037932024665,6.203145721020792
f31,o31,2010-04-27T14:30:00Z,I002,1768.3037729263306,20.189189452663214,20.20127698600378,7.140123976293768,14.234306835198275,3.570061988146884
f32,o32,2010-04-27T14:30:00Z,I005,1313.326316833496,6.555224245628738,6.558299022368446,1.7218297029058445,2.316355507741129,0.8609148514529222
f33,o33,2010-05-04T14:30:00Z,I002,632.5054788589478,20.302707077500326,20.31194753165752,2.568314692437458,3.276323189132971,1.284157346218729
f34,o34,2010-05-04T14:30:00Z,I005,-1547.4079732894897,6.485450626623851,6.482268447019833,2.0071276020026128,2.917002489693591,1.0035638010013064
f35,DELIST,2010-05-05T21:00:00Z,I005,85426.1984090805,6.322135873969944,6.322135873969944,0.0,0.0,0.0
f36,o35,2010-05-11T14:30:00Z,I002,37.0397310256958,20.553732833933456,20.559071762380302,0.1522609471485815,0.04549152648810832,0.07613047357429074
f37,o36,2010-05-11T14:30:00Z,I006,-47989.79999923706,6.757698856882501,6.742430161067874,64.86012331937283,667.8815350737775,32.430061659686416
f38,o36,2010-05-12T14:30:00Z,I006,-34849.968165397644,6.626024389828518,6.613070478292144,46.18334780973444,405.2600568502816,23.09167390486722
f39,o37,2010-05-18T14:30:00Z,I002,-27358.00502204895,21.84786610584933,21.806421902337675,119.5428061289758,1014.2879216776884,59.7714030644879
f40,o38,2010-05-18T14:30:00Z,I003,32743.269693374634,17.773668369232105,17.809722481831198,116.39360337087379,1064.1359290165578,58.196801685436895
f41,o39,2010-05-18T14:30:00Z,I006,-5545.622241973877,6.661587150158269,6.655533323198823,7.388529173353013,26.183708262007027,3.6942645866765065
f42,o40,2010-05-25T14:30:00Z,I003,-32743.269693374634,17.17819083792625,17.143475880671584,112.49402709009526,1024.1871806933361,56.24701354504763
f43,o41,2010-05-25T14:30:00Z,I006,88385.39040660858,6.460784752220625,6.478981996539574,114.20779653161675,1494.1627469231557,57.103898265808375
