order_id,ts_submit,instrument_id,quantity,order_type,limit_price,tif,strategy_id
o1,2010-02-15T21:00:00Z,I003,-24630.425766944885,market,,gtc,signal_x_ls
o2,2010-02-15T21:00:00Z,I004,9577.763339996338,market,,gtc,signal_x_ls
o3,2010-02-22T21:00:00Z,I003,-785.7535524368286,market,,gtc,signal_x_ls
o4,2010-02-22T21:00:00Z,I004,-9577.763339996338,market,,gtc,signal_x_ls
o5,2010-02-22T21:00:00Z,I005,41825.37387084961,market,,gtc,signal_x_ls
o6,2010-03-01T21:00:00Z,I003,-3721.455892562866,market,,gtc,signal_x_ls
o7,2010-03-01T21:00:00Z,I004,9256.404750823975,market,,gtc,signal_x_ls
o8,2010-03-01T21:00:00Z,I005,-41825.37387084961,market,,gtc,signal_x_ls
o10,2010-03-08T21:00:00Z,I004,1077.4469747543335,market,,gtc,signal_x_ls
o9,2010-03-08T21:00:00Z,I003,-11949.292353630066,market,,gtc,signal_x_ls
o11,2010-03-15T21:00:00Z,I003,41086.927565574646,market,,gtc,signal_x_ls
o12,2010-03-15T21:00:00Z,I004,-10333.851725578308,market,,gtc,signal_x_ls
o13,2010-03-15T21:00:00Z,I005,-47701.318016052246,market,,gtc,signal_x_ls
o14,2010-03-15T21:00:00Z,I006,87145.2907962799,market,,gtc,signal_x_ls
o15,2010-03-22T21:00:00Z,I002,-26975.301984786987,market,,gtc,signal_x_ls
o16,2010-03-22T21:00:00Z,I005,47701.318016052246,market,,gtc,signal_x_ls
o17,2010-03-22T21:00:00Z,I006,-2522.715849876404,market,,gtc,signal_x_ls
o18,2010-03-29T21:00:00Z,I001,8366.309277534485,market,,gtc,signal_x_ls
o19,2010-03-29T21:00:00Z,I002,26975.301984786987,market,,gtc,signal_x_ls
o20,2010-03-29T21:00:00Z,I005,-44453.32183265686,market,,gtc,signal_x_ls
o21,2010-03-29T21:00:00Z,I006,-84622.5749464035,market,,gtc,signal_x_ls
o22,2010-04-05T21:00:00Z,I001,-8366.309277534485,market,,gtc,signal_x_ls
o23,2010-04-05T21:00:00Z,I003,43120.685170173645,market,,gtc,signal_x_ls
o24,2010-04-05T21:00:00Z,I005,-10927.851813316345,market,,gtc,signal_x_ls
o25,2010-04-12T21:00:00Z,I001,8589.955483436584,market,,gtc,signal_x_ls
o26,2010-04-12T21:00:00Z,I003,-43120.685170173645,market,,gtc,signal_x_ls
o27,2010-04-12T21:00:00Z,I005,5386.915952682495,market,,gtc,signal_x_ls
o28,2010-04-19T21:00:00Z,I001,-8589.955483436584,market,,gtc,signal_x_ls
o29,2010-04-19T21:00:00Z,I002,24920.156039237976,market,,gtc,signal_x_ls
o30,2010-04-19T21:00:00Z,I005,9255.462773323059,market,,gtc,signal_x_ls
o31,2010-04-26T21:00:00Z,I002,1768.3037729263306,market,,gtc,signal_x_ls
o32,2010-04-26T21:00:00Z,I005,1313.326316833496,market,,gtc,signal_x_ls
o33,2010-05-03T21:00:00Z,I002,632.5054788589478,market,,gtc,signal_x_ls
o34,2010-05-03T21:00:00Z,I005,-1547.4079732894897,market,,gtc,signal_x_ls
o35,2010-05-10T21:00:00Z,I002,37.0397310256958,market,,gtc,signal_x_ls
o36,2010-05-10T21:00:00Z,I006,-82839.7681646347,market,,gtc,signal_x_ls
o37,2010-05-17T21:00:00Z,I002,-27358.00502204895,market,,gtc,signal_x_ls
o38,2010-05-17T21:00:00Z,I003,32743.269693374634,market,,gtc,signal_x_ls
o39,2010-05-17T21:00:00Z,I006,-5545.622241973877,market,,gtc,signal_x_ls
o40,2010-05-24T21:00:00Z,I003,-32743.269693374634,market,,gtc,signal_x_ls
o41,2010-05-24T21:00:00Z,I006,88385.39040660858,market,,gtc,signal_x_ls
