ts_event,instrument_id,quantity,mark_price,value
2010-02-16T21:00:00Z,I003,-24630.425766944885,20.206720080553737,-497700.1189375134
2010-02-16T21:00:00Z,I004,9577.763339996338,53.27184249356792,510225.1000889539
2010-02-17T21:00:00Z,I003,-24630.425766944885,21.166677411866537,-521344.27672584786
2010-02-17T21:00:00Z,I004,9577.763339996338,53.75399428702959,514843.0358606846
2010-02-18T21:00:00Z,I003,-24630.425766944885,20.436081750991125,-503349.3945350039
2010-02-18T21:00:00Z,I004,9577.763339996338,53.19639764655915,509502.50719908165
2010-02-19T21:00:00Z,I003,-24630.425766944885,19.752639932175853,-486515.9315506486
2010-02-19T21:00:00Z,I004,9577.763339996338,52.27384419768467,500666.5085972645
2010-02-22T21:00:00Z,I003,-24630.425766944885,19.82145130315805,-488210.7849155473
2010-02-22T21:00:00Z,I004,9577.763339996338,52.095938134241514,498962.5664248556
2010-02-23T21:00:00Z,I003,-25416.179319381714,19.89183374293727,-505574.41340182157
2010-02-23T21:00:00Z,I005,41825.37387084961,11.910852576871633,498175.86214822857
2010-02-24T21:00:00Z,I003,-25416.179319381714,20.227137882950238,-514096.56355092226
2010-02-24T21:00:00Z,I005,41825.37387084961,10.512711486591604,439698.08832306904
2010-02-25T21:00:00Z,I003,-25416.179319381714,20.214253956884082,-513769.1033756872
2010-02-25T21:00:00Z,I005,41825.37387084961,10.4069386283711,435274.09898260806
2010-02-26T21:00:00Z,I003,-25416.179319381714,19.479412378003445,-495092.2380355193
2010-02-26T21:00:00Z,I005,41825.37387084961,11.064351328416251,462770.6309494412
2010-03-01T21:00:00Z,I003,-25416.179319381714,17.418595295306254,-442714.1415172424
2010-03-01T21:00:00Z,I005,41825.37387084961,11.028388299540229,461266.4638211734
2010-03-02T21:00:00Z,I003,-29137.63521194458,16.483193383500627,-480281.2759363798
2010-03-02T21:00:00Z,I004,9256.404750823975,54.26834788097078,502329.7931447861
2010-03-03T21:00:00Z,I003,-29137.63521194458,15.597565943520785,-454476.18665655877
2010-03-03T21:00:00Z,I004,9256.404750823975,54.957411133507,508708.0415091806
2010-03-04T21:00:00Z,I003,-29137.63521194458,13.565248085770016,-395259.2502826962
2010-03-04T21:00:00Z,I004,9256.404750823975,53.28292740255939,493208.34234685963
2010-03-05T21:00:00Z,I003,-29137.63521194458,13.088605551477155,-381371.01399197406
2010-03-05T21:00:00Z,I004,9256.404750823975,55.98606724769502,518229.69885151467
2010-03-08T21:00:00Z,I003,-29137.63521194458,13.804232896748337,-402222.7025261781
2010-03-08T21:00:00Z,I004,9256.404750823975,54.8850063063299,508037.8331229159
2010-03-09T21:00:00Z,I003,-41086.927565574646,13.850261544761667,-569064.6928538866
2010-03-09T21:00:00Z,I004,10333.851725578308,54.738641734029834,565661.007339017
2010-03-10T21:00:00Z,I003,-41086.927565574646,14.018746623275337,-575987.2270706579
2010-03-10T21:00:00Z,I004,10333.851725578308,53.79484507112946,555907.9525655089
2010-03-11T21:00:00Z,I003,-41086.927565574646,13.51978315295968,-555486.3511079308
2010-03-11T21:00:00Z,I004,10333.851725578308,56.60478510003393,584945.456181975
2010-03-12T21:00:00Z,I003,-41086.927565574646,13.452756861256358,-552732.4467157273
2010-03-12T21:00:00Z,I004,10333.851725578308,56.14610059068271,580205.4784735198
2010-03-15T21:00:00Z,I003,-41086.927565574646,13.561862509927916,-557215.2625996907
2010-03-15T21:00:00Z,I004,10333.851725578308,56.994054141070926,588968.1047334094
2010-03-16T21:00:00Z,I005,-47701.318016052246,11.683000698802642,-557294.5317153455
2010-03-16T21:00:00Z,I006,87145.2907962799,6.735403451538918,586958.6924146264
2010-03-17T21:00:00Z,I005,-47701.318016052246,11.856081473753521,-565550.7128037421
2010-03-17T21:00:00Z,I006,87145.2907962799,6.803385561590695,592883.0131640332
2010-03-18T21:00:00Z,I005,-47701.318016052246,11.638420639518788,-555168.0041302718
2010-03-18T21:00:00Z,I006,87145.2907962799,6.899212180180796,601233.8517070918
2010-03-19T21:00:00Z,I005,-47701.318016052246,11.557233380813567,-551295.2648839226
2010-03-19T21:00:00Z,I006,87145.2907962799,6.853955328895079,597289.930241274
2010-03-22T21:00:00Z,I005,-47701.318016052246,12.219545660645904,-582888.4335701416
2010-03-22T21:00:00Z,I006,87145.2907962799,6.939214626273474,604719.8765044006
2010-03-23T21:00:00Z,I002,-26975.301984786987,21.47248341826469,-579226.7245710212
2010-03-23T21:00:00Z,I006,84622.5749464035,6.926458051914941,586134.715611292
2010-03-24T21:00:00Z,I002,-26975.301984786987,21.66346553844225,-584378.5249365057
2010-03-24T21:00:00Z,I006,84622.5749464035,6.7123151595528565,568013.392653142
2010-03-25T21:00:00Z,I002,-26975.301984786987,21.729978488185168,-586172.73184172
2010-03-25T21:00:00Z,I006,84622.5749464035,6.667881903799947,564253.3361380787
2010-03-26T21:00:00Z,I002,-26975.301984786987,21.828700518802645,-588835.7884301777
2010-03-26T21:00:00Z,I006,84622.5749464035,6.80961173255978,576246.8791944486
2010-03-29T21:00:00Z,I002,-26975.301984786987,21.550856616514512,-581340.8652613236
2010-03-29T21:00:00Z,I006,84622.5749464035,6.794823905075878,574995.4951548977
2010-03-30T21:00:00Z,I001,8366.309277534485,68.39201527565906,572188.7519100267
2010-03-30T21:00:00Z,I005,-44453.32183265686,12.771916448664783,-567754.1123122994
2010-03-31T21:00:00Z,I001,8366.309277534485,67.99320257285636,568852.1614945697
2010-03-31T21:00:00Z,I005,-44453.32183265686,12.516806336544525,-556413.6203954525
2010-04-01T21:00:00Z,I001,8366.309277534485,69.32229726741525,579971.7787683797
2010-04-01T21:00:00Z,I005,-44453.32183265686,12.044463392050744,-535416.4074684856
2010-04-02T21:00:00Z,I001,8366.309277534485,70.65650721009277,591134.1917899813
2010-04-02T21:00:00Z,I005,-88906.64366531372,6.133817054241723,-545337.0871496932
2010-04-05T21:00:00Z,I001,8366.309277534485,71.44928943152262,597766.8530441943
2010-04-05T21:00:00Z,I005,-88906.64366531372,6.121781875455284,-544267.0797978789
2010-04-06T21:00:00Z,I003,43120.685170173645,14.282216693623536,615858.9695779389
2010-04-06T21:00:00Z,I005,-99834.49547863007,6.14360239558428,-613343.4455844596
2010-04-07T21:00:00Z,I003,43120.685170173645,14.620908332694654,630463.5851160947
2010-04-07T21:00:00Z,I005,-99834.49547863007,6.150804627203095,-614062.4767444442
2010-04-08T21:00:00Z,I003,43120.685170173645,14.782744484160315,637442.070852598
2010-04-08T21:00:00Z,I005,-99834.49547863007,6.523782535254024,-651298.5380193837
2010-04-09T21:00:00Z,I003,43120.685170173645,15.263897006042036,658189.6972674947
2010-04-09T21:00:00Z,I005,-99834.49547863007,6.620081626806611,-660912.5092395865
2010-04-12T21:00:00Z,I003,43120.685170173645,14.801601594112654,638255.2023540721
2010-04-12T21:00:00Z,I005,-99834.49547863007,6.399739702396118,-638914.7843832745
2010-04-13T21:00:00Z,I001,8589.955483436584,69.40804119389523,596211.9840480926
2010-04-13T21:00:00Z,I005,-94447.57952594757,6.4481188034896135,-609009.2134853431
2010-04-14T21:00:00Z,I001,8589.955483436584,70.3280410268465,604114.7416579132
2010-04-14T21:00:00Z,I005,-94447.57952594757,6.747937488445744,-637326.3625761023
2010-04-15T21:00:00Z,I001,8589.955483436584,69.2836804504754,595143.7307982292
2010-04-15T21:00:00Z,I005,-94447.57952594757,7.1425846277093825,-674599.8296463925
2010-04-16T21:00:00Z,I001,8589.955483436584,68.74062623241184,590478.9192399709
2010-04-16T21:00:00Z,I005,-94447.57952594757,7.136824289352833,-674055.7796313659
2010-04-19T21:00:00Z,I001,8589.955483436584,68.19233615554829,585769.1318877029
2010-04-19T21:00:00Z,I005,-94447.57952594757,6.752035514332926,-637713.4112019814
2010-04-20T21:00:00Z,I002,24920.156039237976,22.762368580828753,567241.7768569004
2010-04-20T21:00:00Z,I005,-85192.11675262451,6.910101056631679,-588686.135989
2010-04-21T21:00:00Z,I002,24920.156039237976,22.02075791213637,548760.7232727227
2010-04-21T21:00:00Z,I005,-85192.11675262451,6.716574911384539,-572199.2340284203
2010-04-22T21:00:00Z,I002,24920.156039237976,21.69913550206022,540745.8426279092
2010-04-22T21:00:00Z,I005,-85192.11675262451,6.821041458682153,-581098.9603225421
2010-04-23T21:00:00Z,I002,24920.156039237976,20.742046829989373,516895.0435765166
2010-04-23T21:00:00Z,I005,-85192.11675262451,6.663978425752715,-567718.4280836962
2010-04-26T21:00:00Z,I002,24920.156039237976,20.636686478035323,514269.4471654726
2010-04-26T21:00:00Z,I005,-85192.11675262451,6.566157843526531,-559384.8856218734
2010-04-27T21:00:00Z,I002,26688.459812164307,20.67321820878989,551736.3533533923
2010-04-27T21:00:00Z,I005,-83878.79043579102,6.523896286394491,-547216.5294313187
2010-04-28T21:00:00Z,I002,26688.459812164307,20.134050978671972,537346.8104003543
2010-04-28T21:00:00Z,I005,-83878.79043579102,6.724168299678427,-564015.103663716
2010-04-29T21:00:00Z,I002,26688.459812164307,20.117220468885215,536897.6300162922
2010-04-29T21:00:00Z,I005,-83878.79043579102,6.896013714811542,-578429.289227018
2010-04-30T21:00:00Z,I002,26688.459812164307,19.934164421254913,532012.1460457373
2010-04-30T21:00:00Z,I005,-83878.79043579102,6.7759528695961135,-568358.7307516491
2010-05-03T21:00:00Z,I002,26688.459812164307,20.121459935139164,537010.7748410358
2010-05-03T21:00:00Z,I005,-83878.79043579102,6.435235545278207,-539779.7737073441
2010-05-04T21:00:00Z,I002,27320.965291023254,20.218742718928574,552395.5680519767
2010-05-04T21:00:00Z,I005,-85426.1984090805,6.612311255922916,-564864.6132910673
2010-05-05T21:00:00Z,I002,27320.965291023254,20.399071956465956,557322.3368916922
2010-05-06T21:00:00Z,I002,27320.965291023254,20.824177120576948,568936.6203254034
2010-05-07T21:00:00Z,I002,27320.965291023254,20.894885454936507,570868.440274227
2010-05-10T21:00:00Z,I002,27320.965291023254,20.41735150604614,557821.7518313079
2010-05-11T21:00:00Z,I002,27358.00502204895,20.449046118434907,559445.1064042528
2010-05-11T21:00:00Z,I006,-47989.79999923706,6.705876139897368,-321813.65477333055
2010-05-12T21:00:00Z,I002,27358.00502204895,21.315445437235095,583148.0633190881
2010-05-12T21:00:00Z,I006,-82839.7681646347,6.681263606371656,-553474.3281986392
2010-05-13T21:00:00Z,I002,27358.00502204895,20.709851234039295,566580.2140667337
2010-05-13T21:00:00Z,I006,-82839.7681646347,6.548618003361542,-542485.9971972231
2010-05-14T21:00:00Z,I002,27358.00502204895,21.383040026802014,584997.3164399232
2010-05-14T21:00:00Z,I006,-82839.7681646347,6.565969361939237,-543923.3797191408
2010-05-17T21:00:00Z,I002,27358.00502204895,21.913406629132595,599507.0886100103
2010-05-17T21:00:00Z,I006,-82839.7681646347,6.594553454286145,-546291.2793023553
2010-05-18T21:00:00Z,I003,32743.269693374634,17.26672613267452,565369.0704838014
2010-05-18T21:00:00Z,I006,-88385.39040660858,6.614031461239556,-584583.75286325
2010-05-19T21:00:00Z,I003,32743.269693374634,17.401603697192332,569785.4029543936
2010-05-19T21:00:00Z,I006,-88385.39040660858,6.661511100491256,-588780.2593148764
2010-05-20T21:00:00Z,I003,32743.269693374634,17.297585576297312,566379.50956893
2010-05-20T21:00:00Z,I006,-88385.39040660858,6.5927083023655015,-582699.0971414646
2010-05-21T21:00:00Z,I003,32743.269693374634,17.247613131722076,564743.2483389658
2010-05-21T21:00:00Z,I006,-88385.39040660858,6.5290306920087255,-577070.926689921
2010-05-24T21:00:00Z,I003,32743.269693374634,17.141345776957905,561263.7076823211
2010-05-24T21:00:00Z,I006,-88385.39040660858,6.475926112929458,-572377.2577356213
