kind,h,scheme,label,markets,bias_spearman_mean,bias_spearman_ci95,bias_spearman_sd,abs_bias_spearman_mean,cv_spearman_sd_across_markets,bias_sharpe_mean,bias_sharpe_ci95,bias_sharpe_sd,abs_bias_sharpe_mean,cv_sharpe_sd_across_markets,cv_spearman_sd_within_market_paths,cv_sharpe_sd_within_market_paths
null,5,shuffled_kfold,UNPURGED,25,0.25719328480501824,0.007242323163665018,0.017545249796463346,0.25719328480501824,0.005407070494726852,0.5909351666909664,0.025116301384424368,0.060846743758114656,0.5909351666909664,0.02029531749169482,,
null,5,contiguous_kfold,UNPURGED,25,-0.0008273244196529134,0.008255057616631315,0.019998699960621227,0.016336075713993085,0.010197254541613394,0.019631539590622273,0.025609893640481607,0.06204252020089654,0.05161412638035575,0.0325668339248729,,
null,5,purged_kfold,purged,25,-0.0030098368250694035,0.008412643549894409,0.02038046759250229,0.01633339345256806,0.010928525676468683,0.01431127501674541,0.025870291653107114,0.06267336034359255,0.049421053426572215,0.03286816448847238,,
null,5,walk_forward,purged,25,0.00015600183991340896,0.008089436914979289,0.01959746730139261,0.016088195740467704,0.009338991783994404,0.015500861462117044,0.02774531929171209,0.06721580170545371,0.053131059993668364,0.031365408357185445,,
null,5,cpcv,purged,25,-0.0027354730140810852,0.008263504809850435,0.02001916412823142,0.016681523397311833,0.00997751784175322,0.015542166171818483,0.02534080219887745,0.06139061935991748,0.05108394419307115,0.028186298871116268,0.004899786124943698,0.01641997451567321
planted,5,shuffled_kfold,UNPURGED,25,0.25338722683465587,0.008605593082886427,0.020847907069856786,0.25338722683465587,0.0076826355240963125,0.5729288368966059,0.03183991556503137,0.07713536933693999,0.5729288368966059,0.026146448487023306,,
planted,5,contiguous_kfold,UNPURGED,25,-0.006105563456478744,0.008954506922616548,0.02169318562718785,0.01686173653999976,0.008129176740769505,0.005383028434758095,0.03283675534346682,0.07955031306762685,0.06601059825065697,0.031176803703915797,,
planted,5,purged_kfold,purged,25,-0.007600243189544553,0.008771627812540865,0.021250142753192567,0.016857997162436217,0.007902323839710242,0.0016035319032526019,0.03248707612645732,0.07870318030754181,0.06399190346883847,0.030433524486922964,,
planted,5,walk_forward,purged,25,-0.004768822078274352,0.0084284220040611,0.020418692470555996,0.01551908208029987,0.007924560861907503,0.004502762074917004,0.029088607805909966,0.07047005203338233,0.05814756878923401,0.030901676832737972,,
planted,5,cpcv,purged,25,-0.005957391832669382,0.008466158834427487,0.02051011370381811,0.016711368659760827,0.0069429870750790735,0.004865625173895032,0.031128931256100844,0.07541293897590108,0.06349792911011985,0.029430843613645695,0.005248987201597843,0.017210526163260794
