kind,seed,h,scheme,path,heldout_spearman,heldout_sharpe,label,cv_spearman,cv_sharpe,bias_spearman,bias_sharpe,mode
null,8000,5,contiguous_kfold,-1,0.0003067751886916811,-0.045987661089839905,UNPURGED,-0.01483727595209624,-0.033734086735228916,-0.015144051140787922,0.01225357435461099,full
null,8000,5,cpcv,0,0.0003067751886916811,-0.045987661089839905,purged,-0.021273202809629403,-0.039678575156280496,-0.021579977998321086,0.006309085933559409,full
null,8000,5,cpcv,1,0.0003067751886916811,-0.045987661089839905,purged,-0.011807300322695157,-0.035107137455210734,-0.012114075511386838,0.010880523634629172,full
null,8000,5,cpcv,2,0.0003067751886916811,-0.045987661089839905,purged,-0.01008871208945086,-0.012534227725767445,-0.01039548727814254,0.03345343336407246,full
null,8000,5,cpcv,3,0.0003067751886916811,-0.045987661089839905,purged,-0.005342536379549078,-0.013695771561105418,-0.005649311568240759,0.03229188952873449,full
null,8000,5,cpcv,4,0.0003067751886916811,-0.045987661089839905,purged,-0.00804748809910899,0.01528086164849967,-0.008354263287800671,0.061268522738339576,full
null,8000,5,purged_kfold,-1,0.0003067751886916811,-0.045987661089839905,purged,-0.017051917649474387,-0.04248319028071994,-0.01735869283816607,0.003504470809119968,full
null,8000,5,shuffled_kfold,-1,0.0003067751886916811,-0.045987661089839905,UNPURGED,0.25811549729550537,0.5908818019592572,0.2578087221068137,0.6368694630490971,full
null,8000,5,walk_forward,-1,0.0003067751886916811,-0.045987661089839905,purged,-0.0010926633931452384,-0.017370397180274763,-0.0013994385818369196,0.028617263909565142,full
null,8001,5,contiguous_kfold,-1,0.014580725780137048,0.016999622419605502,UNPURGED,0.008354619727097687,0.023239185705023126,-0.0062261060530393614,0.006239563285417624,full
null,8001,5,cpcv,0,0.014580725780137048,0.016999622419605502,purged,0.004290308316369226,0.008244856818850912,-0.010290417463767822,-0.00875476560075459,full
null,8001,5,cpcv,1,0.014580725780137048,0.016999622419605502,purged,-0.0022030428501528063,-0.023323207386199255,-0.016783768630289853,-0.04032282980580476,full
null,8001,5,cpcv,2,0.014580725780137048,0.016999622419605502,purged,0.0020303915609328985,-0.017446456045427557,-0.01255033421920415,-0.03444607846503306,full
null,8001,5,cpcv,3,0.014580725780137048,0.016999622419605502,purged,-0.0020154661085110244,-0.01229489049623749,-0.01659619188864807,-0.029294512915842993,full
null,8001,5,cpcv,4,0.014580725780137048,0.016999622419605502,purged,-0.0016523031867409833,-0.01680963398217002,-0.016233028966878033,-0.033809256401775525,full
null,8001,5,purged_kfold,-1,0.014580725780137048,0.016999622419605502,purged,0.0061450771292764555,0.017820988979498336,-0.008435648650860592,0.0008213665598928339,full
null,8001,5,shuffled_kfold,-1,0.014580725780137048,0.016999622419605502,UNPURGED,0.24730612678917543,0.543883976867389,0.23272540100903838,0.5268843544477835,full
null,8001,5,walk_forward,-1,0.014580725780137048,0.016999622419605502,purged,-1.548132734083615e-05,-0.01891955548774703,-0.014596207107477884,-0.03591917790735254,full
null,8002,5,contiguous_kfold,-1,0.03696433118009172,0.09898865677893119,UNPURGED,-0.008969625713518399,0.0016783720883904076,-0.04593395689361012,-0.09731028469054079,full
null,8002,5,cpcv,0,0.03696433118009172,0.09898865677893119,purged,-0.004118434261847041,0.012783090355985342,-0.041082765441938764,-0.08620556642294586,full
null,8002,5,cpcv,1,0.03696433118009172,0.09898865677893119,purged,-0.016478403625966087,-0.02631398200583481,-0.05344273480605781,-0.125302638784766,full
null,8002,5,cpcv,2,0.03696433118009172,0.09898865677893119,purged,-0.0013300577127773622,-0.0050822494374536935,-0.03829438889286908,-0.10407090621638489,full
null,8002,5,cpcv,3,0.03696433118009172,0.09898865677893119,purged,-0.0014409310312402256,-0.014564552752730163,-0.03840526221133195,-0.11355320953166136,full
null,8002,5,cpcv,4,0.03696433118009172,0.09898865677893119,purged,-0.011887253883573971,-0.016931887890530527,-0.048851585063665694,-0.11592054466946172,full
null,8002,5,purged_kfold,-1,0.03696433118009172,0.09898865677893119,purged,-0.01173029006623869,-0.00180197786735722,-0.048694621246330415,-0.10079063464628842,full
null,8002,5,shuffled_kfold,-1,0.03696433118009172,0.09898865677893119,UNPURGED,0.2618203817643347,0.5829339127067509,0.22485605058424296,0.4839452559278197,full
null,8002,5,walk_forward,-1,0.03696433118009172,0.09898865677893119,purged,-0.003755926281325664,0.010127722438540512,-0.040720257461417386,-0.08886093434039068,full
null,8003,5,contiguous_kfold,-1,-0.014800337384340528,-0.06843470315752115,UNPURGED,0.01235165916512719,0.028999730522799992,0.02715199654946772,0.09743443368032115,full
null,8003,5,cpcv,0,-0.014800337384340528,-0.06843470315752115,purged,0.016288524241922408,0.019904581315933895,0.031088861626262936,0.08833928447345504,full
null,8003,5,cpcv,1,-0.014800337384340528,-0.06843470315752115,purged,0.010702063118923306,0.016117313744664175,0.025502400503263835,0.08455201690218532,full
null,8003,5,cpcv,2,-0.014800337384340528,-0.06843470315752115,purged,0.005424450634225025,0.02060729551937282,0.020224788018565552,0.08904199867689397,full
null,8003,5,cpcv,3,-0.014800337384340528,-0.06843470315752115,purged,0.01184469875301183,0.046627402973127195,0.02664503613735236,0.11506210613064835,full
null,8003,5,cpcv,4,-0.014800337384340528,-0.06843470315752115,purged,0.011838335214673625,0.006512433203081253,0.026638672599014153,0.0749471363606024,full
null,8003,5,purged_kfold,-1,-0.014800337384340528,-0.06843470315752115,purged,0.011130384027978555,0.025291851418573694,0.025930721412319085,0.09372655457609484,full
null,8003,5,shuffled_kfold,-1,-0.014800337384340528,-0.06843470315752115,UNPURGED,0.2621721934828981,0.5629598778002114,0.2769725308672386,0.6313945809577326,full
null,8003,5,walk_forward,-1,-0.014800337384340528,-0.06843470315752115,purged,0.012658562052596509,0.0338309778747112,0.027458899436937037,0.10226568103223235,full
null,8004,5,contiguous_kfold,-1,-0.007299702203118209,-0.0477694863981492,UNPURGED,-0.0003475045552818921,-0.017376853065642944,0.006952197647836317,0.030392633332506257,full
null,8004,5,cpcv,0,-0.007299702203118209,-0.0477694863981492,purged,0.009832195008129962,-0.02042617911015285,0.017131897211248172,0.02734330728799635,full
null,8004,5,cpcv,1,-0.007299702203118209,-0.0477694863981492,purged,0.006635688385906683,-0.05700800961450851,0.013935390589024892,-0.009238523216359311,full
null,8004,5,cpcv,2,-0.007299702203118209,-0.0477694863981492,purged,-0.0004078070174569994,-0.041444775482846676,0.00689189518566121,0.0063247109153025255,full
null,8004,5,cpcv,3,-0.007299702203118209,-0.0477694863981492,purged,-0.002998068789863635,-0.04474659472672804,0.004301633413254574,0.0030228916714211615,full
null,8004,5,cpcv,4,-0.007299702203118209,-0.0477694863981492,purged,-0.0021348520623965263,-0.029412946740163808,0.005164850140721683,0.018356539657985393,full
null,8004,5,purged_kfold,-1,-0.007299702203118209,-0.0477694863981492,purged,-0.0029441146663499403,-0.02614153920134583,0.004355587536768268,0.02162794719680337,full
null,8004,5,shuffled_kfold,-1,-0.007299702203118209,-0.0477694863981492,UNPURGED,0.24975053203882228,0.5584807962845904,0.2570502342419405,0.6062502826827395,full
null,8004,5,walk_forward,-1,-0.007299702203118209,-0.0477694863981492,purged,0.0004356922989770514,-0.021856037598856473,0.00773539450209526,0.025913448799292728,full
null,8005,5,contiguous_kfold,-1,0.015187973068611721,-0.04411342681459876,UNPURGED,-0.008266642768071757,0.0679677632880951,-0.023454615836683478,0.11208119010269386,full
null,8005,5,cpcv,0,0.015187973068611721,-0.04411342681459876,purged,-0.011575237093363134,0.03263112683796108,-0.026763210161974853,0.07674455365255983,full
null,8005,5,cpcv,1,0.015187973068611721,-0.04411342681459876,purged,-0.0037277304502832628,0.061592051546972136,-0.018915703518894985,0.1057054783615709,full
null,8005,5,cpcv,2,0.015187973068611721,-0.04411342681459876,purged,-0.019348033514767334,0.015749990349326556,-0.034536006583379054,0.05986341716392532,full
null,8005,5,cpcv,3,0.015187973068611721,-0.04411342681459876,purged,-0.006197622291975965,0.04877070222703614,-0.021385595360587685,0.0928841290416349,full
null,8005,5,cpcv,4,0.015187973068611721,-0.04411342681459876,purged,-0.01185679974854823,0.04975991330538224,-0.027044772817159952,0.093873340119981,full
null,8005,5,purged_kfold,-1,0.015187973068611721,-0.04411342681459876,purged,-0.011931689750642321,0.0602153201265459,-0.027119662819254042,0.10432874694114466,full
null,8005,5,shuffled_kfold,-1,0.015187973068611721,-0.04411342681459876,UNPURGED,0.260862620646793,0.5675999894927036,0.24567464757818128,0.6117134163073024,full
null,8005,5,walk_forward,-1,0.015187973068611721,-0.04411342681459876,purged,-0.0027449425125444706,0.01735693031164167,-0.017932915581156193,0.06147035712624043,full
null,8006,5,contiguous_kfold,-1,-0.0039707261371773415,0.07759296910175603,UNPURGED,0.016626373539844093,-0.0018795054439460673,0.020597099677021433,-0.0794724745457021,full
null,8006,5,cpcv,0,-0.0039707261371773415,0.07759296910175603,purged,0.014618944218355663,0.006201941122641623,0.018589670355533005,-0.07139102797911441,full
null,8006,5,cpcv,1,-0.0039707261371773415,0.07759296910175603,purged,0.01256059118734582,0.02240729567030991,0.016531317324523162,-0.05518567343144612,full
null,8006,5,cpcv,2,-0.0039707261371773415,0.07759296910175603,purged,0.009385435422788031,-0.029848175745845678,0.013356161559965373,-0.10744114484760171,full
null,8006,5,cpcv,3,-0.0039707261371773415,0.07759296910175603,purged,0.012936545011992878,0.0075918248873708336,0.01690727114917022,-0.07000114421438519,full
null,8006,5,cpcv,4,-0.0039707261371773415,0.07759296910175603,purged,0.002951490218223172,-0.03680343108684091,0.006922216355400513,-0.11439640018859694,full
null,8006,5,purged_kfold,-1,-0.0039707261371773415,0.07759296910175603,purged,0.013999937248774874,-0.005827459587294094,0.017970663385952216,-0.08342042868905013,full
null,8006,5,shuffled_kfold,-1,-0.0039707261371773415,0.07759296910175603,UNPURGED,0.2650883501756462,0.589726529291872,0.26905907631282355,0.5121335601901159,full
null,8006,5,walk_forward,-1,-0.0039707261371773415,0.07759296910175603,purged,0.008573230971181185,0.008349090256686594,0.012543957108358527,-0.06924387884506944,full
null,8007,5,contiguous_kfold,-1,-0.006932798651752162,-0.06470235608231621,UNPURGED,0.0025243118113164108,-8.895983436562408e-05,0.009457110463068573,0.0646133962479506,full
null,8007,5,cpcv,0,-0.006932798651752162,-0.06470235608231621,purged,0.0004865708295811151,-0.019488305009513613,0.007419369481333277,0.0452140510728026,full
null,8007,5,cpcv,1,-0.006932798651752162,-0.06470235608231621,purged,0.005374286029365246,0.005314081626477511,0.012307084681117408,0.07001643770879372,full
null,8007,5,cpcv,2,-0.006932798651752162,-0.06470235608231621,purged,0.0003807121197902862,-0.005412704896999043,0.0073135107715424485,0.05928965118531717,full
null,8007,5,cpcv,3,-0.006932798651752162,-0.06470235608231621,purged,-0.001059768774303752,0.0018413651843253666,0.00587302987744841,0.06654372126664158,full
null,8007,5,cpcv,4,-0.006932798651752162,-0.06470235608231621,purged,-0.00025688568856873484,-0.0075245267030494365,0.006675912963183427,0.05717782937926678,full
null,8007,5,purged_kfold,-1,-0.006932798651752162,-0.06470235608231621,purged,0.0009722561411236924,0.0033733124578943017,0.007905054792875855,0.06807566854021051,full
null,8007,5,shuffled_kfold,-1,-0.006932798651752162,-0.06470235608231621,UNPURGED,0.26164907088245926,0.585489400021095,0.2685818695342114,0.6501917561034112,full
null,8007,5,walk_forward,-1,-0.006932798651752162,-0.06470235608231621,purged,0.014361317965704714,-0.01332160558475185,0.021294116617456876,0.05138075049756436,full
null,8008,5,contiguous_kfold,-1,-0.015835635725525765,-0.02588515233275751,UNPURGED,0.00158200332647136,-0.004713210687027328,0.017417639051997124,0.021171941645730184,full
null,8008,5,cpcv,0,-0.015835635725525765,-0.02588515233275751,purged,-0.007883740112685382,-0.042508960344219575,0.007951895612840383,-0.016623808011462064,full
null,8008,5,cpcv,1,-0.015835635725525765,-0.02588515233275751,purged,0.0015325776583510432,-0.012856413902821023,0.01736821338387681,0.013028738429936487,full
null,8008,5,cpcv,2,-0.015835635725525765,-0.02588515233275751,purged,-0.0036901652998482773,-0.032631280260001144,0.012145470425677488,-0.006746127927243634,full
null,8008,5,cpcv,3,-0.015835635725525765,-0.02588515233275751,purged,0.00670865199303945,0.01017830117703012,0.022544287718565214,0.03606345350978763,full
null,8008,5,cpcv,4,-0.015835635725525765,-0.02588515233275751,purged,-0.0008484522226269779,-0.015500487225586279,0.014987183502898788,0.010384665107171231,full
null,8008,5,purged_kfold,-1,-0.015835635725525765,-0.02588515233275751,purged,-0.0010862194395996093,-0.02440888742687107,0.014749416285926156,0.0014762649058864402,full
null,8008,5,shuffled_kfold,-1,-0.015835635725525765,-0.02588515233275751,UNPURGED,0.2514872282687318,0.5847125021734451,0.2673228639942576,0.6105976545062026,full
null,8008,5,walk_forward,-1,-0.015835635725525765,-0.02588515233275751,purged,0.005801179726612004,-0.0015652213978868748,0.02163681545213777,0.024319930934870636,full
null,8009,5,contiguous_kfold,-1,-0.025494159714333522,-0.06267559505005514,UNPURGED,-0.016610048887391815,-0.08138349562642018,0.008884110826941707,-0.01870790057636504,full
null,8009,5,cpcv,0,-0.025494159714333522,-0.06267559505005514,purged,-0.01568374355729876,-0.07849318370889379,0.009810416157034763,-0.015817588658838644,full
null,8009,5,cpcv,1,-0.025494159714333522,-0.06267559505005514,purged,-0.028223743340355593,-0.09658710690915605,-0.0027295836260220717,-0.03391151185910091,full
null,8009,5,cpcv,2,-0.025494159714333522,-0.06267559505005514,purged,-0.007247280817215868,-0.061773617142868845,0.018246878897117652,0.0009019779071862966,full
null,8009,5,cpcv,3,-0.025494159714333522,-0.06267559505005514,purged,-0.02040305548870089,-0.09630653314107904,0.005091104225632633,-0.033630938091023896,full
null,8009,5,cpcv,4,-0.025494159714333522,-0.06267559505005514,purged,-0.01577841238407632,-0.043943242475501895,0.0097157473302572,0.018732352574553246,full
null,8009,5,purged_kfold,-1,-0.025494159714333522,-0.06267559505005514,purged,-0.0215515847112963,-0.08197219894319493,0.0039425750030372235,-0.019296603893139794,full
null,8009,5,shuffled_kfold,-1,-0.025494159714333522,-0.06267559505005514,UNPURGED,0.25300359390111854,0.5319101291144052,0.27849775361545204,0.5945857241644603,full
null,8009,5,walk_forward,-1,-0.025494159714333522,-0.06267559505005514,purged,-0.013516782977969665,-0.034756867022716104,0.011977376736363857,0.027918728027339038,full
null,8010,5,contiguous_kfold,-1,0.02756333714541164,0.03246565430655072,UNPURGED,-0.010370540096108997,-0.0053164081778168774,-0.03793387724152064,-0.03778206248436759,full
null,8010,5,cpcv,0,0.02756333714541164,0.03246565430655072,purged,-0.009137905520964785,-0.014433293836205464,-0.03670124266637643,-0.046898948142756185,full
null,8010,5,cpcv,1,0.02756333714541164,0.03246565430655072,purged,-0.015811804216526493,0.022581479204030912,-0.04337514136193814,-0.009884175102519807,full
null,8010,5,cpcv,2,0.02756333714541164,0.03246565430655072,purged,-0.021748863982759308,-0.0280090239964045,-0.049312201128170946,-0.06047467830295522,full
null,8010,5,cpcv,3,0.02756333714541164,0.03246565430655072,purged,-0.013366577306798135,0.0024529114808040657,-0.040929914452209774,-0.030012742825746654,full
null,8010,5,cpcv,4,0.02756333714541164,0.03246565430655072,purged,-0.014017278938488007,0.00883009075942262,-0.04158061608389965,-0.023635563547128098,full
null,8010,5,purged_kfold,-1,0.02756333714541164,0.03246565430655072,purged,-0.012632503991600989,-0.01425066270070219,-0.04019584113701263,-0.04671631700725291,full
null,8010,5,shuffled_kfold,-1,0.02756333714541164,0.03246565430655072,UNPURGED,0.25184440227135485,0.5600507057320621,0.2242810651259432,0.5275850514255114,full
null,8010,5,walk_forward,-1,0.02756333714541164,0.03246565430655072,purged,-0.004136982115210157,-0.012073702056284878,-0.0317003192606218,-0.0445393563628356,full
null,8011,5,contiguous_kfold,-1,0.009740470311143818,-0.00227388157754761,UNPURGED,-0.008443573443367058,-0.016570042986526354,-0.018184043754510874,-0.014296161408978743,full
null,8011,5,cpcv,0,0.009740470311143818,-0.00227388157754761,purged,-0.008759383863341446,-0.03436108091652834,-0.018499854174485263,-0.03208719933898073,full
null,8011,5,cpcv,1,0.009740470311143818,-0.00227388157754761,purged,-0.0065508573782207665,-0.015015445433412388,-0.016291327689364584,-0.012741563855864778,full
null,8011,5,cpcv,2,0.009740470311143818,-0.00227388157754761,purged,-0.01194542175751613,-0.02102751848935279,-0.021685892068659948,-0.01875363691180518,full
null,8011,5,cpcv,3,0.009740470311143818,-0.00227388157754761,purged,0.00045073084957920504,-0.01751416488648328,-0.009289739461564613,-0.01524028330893567,full
null,8011,5,cpcv,4,0.009740470311143818,-0.00227388157754761,purged,-0.015502688988364554,-0.0676938679241549,-0.02524315929950837,-0.06541998634660728,full
null,8011,5,purged_kfold,-1,0.009740470311143818,-0.00227388157754761,purged,-0.011778912703254348,-0.020113245329925918,-0.021519383014398166,-0.01783936375237831,full
null,8011,5,shuffled_kfold,-1,0.009740470311143818,-0.00227388157754761,UNPURGED,0.25627776907010263,0.5503493225444269,0.24653729875895883,0.5526232041219745,full
null,8011,5,walk_forward,-1,0.009740470311143818,-0.00227388157754761,purged,-0.008077199907216013,-0.05172397181543205,-0.01781767021835983,-0.049450090237884436,full
null,8012,5,contiguous_kfold,-1,0.003082315183952284,-0.0625260697265017,UNPURGED,-0.014230510097854494,-0.02556351795628855,-0.017312825281806776,0.036962551770213146,full
null,8012,5,cpcv,0,0.003082315183952284,-0.0625260697265017,purged,-0.014193153282700644,-0.024238744521451954,-0.017275468466652927,0.03828732520504974,full
null,8012,5,cpcv,1,0.003082315183952284,-0.0625260697265017,purged,-0.025791578129137717,-0.06164882784951812,-0.02887389331309,0.0008772418769835769,full
null,8012,5,cpcv,2,0.003082315183952284,-0.0625260697265017,purged,-0.011792766008548524,-0.0201048600524074,-0.014875081192500809,0.042421209674094296,full
null,8012,5,cpcv,3,0.003082315183952284,-0.0625260697265017,purged,-0.026271189000159102,-0.04853587907046586,-0.029353504184111385,0.013990190656035836,full
null,8012,5,cpcv,4,0.003082315183952284,-0.0625260697265017,purged,-0.0195646467889736,-0.02159868919586687,-0.022646961972925882,0.04092738053063483,full
null,8012,5,purged_kfold,-1,0.003082315183952284,-0.0625260697265017,purged,-0.020088916772716413,-0.03965854737287148,-0.023171231956668696,0.022867522353630217,full
null,8012,5,shuffled_kfold,-1,0.003082315183952284,-0.0625260697265017,UNPURGED,0.26377941522142884,0.5734914667265842,0.26069710003747654,0.6360175364530859,full
null,8012,5,walk_forward,-1,0.003082315183952284,-0.0625260697265017,purged,-0.009761302729782989,0.03907474542737793,-0.012843617913735273,0.10160081515387963,full
null,8013,5,contiguous_kfold,-1,-0.007976229062725824,-0.0026712300304027794,UNPURGED,-0.002080098435558067,-0.021661319622294287,0.005896130627167757,-0.01899008959189151,full
null,8013,5,cpcv,0,-0.007976229062725824,-0.0026712300304027794,purged,0.003998577065876753,0.003327270499237954,0.011974806128602578,0.0059985005296407335,full
null,8013,5,cpcv,1,-0.007976229062725824,-0.0026712300304027794,purged,0.0020956511821532135,0.0026175997462230863,0.010071880244879037,0.005288829776625866,full
null,8013,5,cpcv,2,-0.007976229062725824,-0.0026712300304027794,purged,-0.008404716902800768,-0.028389823016065865,-0.0004284878400749436,-0.025718592985663084,full
null,8013,5,cpcv,3,-0.007976229062725824,-0.0026712300304027794,purged,0.003604921054273278,-0.007078891212626813,0.011581150116999102,-0.004407661182224034,full
null,8013,5,cpcv,4,-0.007976229062725824,-0.0026712300304027794,purged,-0.0012695999684763125,-0.01919735068042126,0.006706629094249511,-0.016526120650018482,full
null,8013,5,purged_kfold,-1,-0.007976229062725824,-0.0026712300304027794,purged,-0.002557500152562823,-0.023736340044621242,0.005418728910163002,-0.021065110014218465,full
null,8013,5,shuffled_kfold,-1,-0.007976229062725824,-0.0026712300304027794,UNPURGED,0.25837380790825487,0.5820572262797598,0.2663500369709807,0.5847284563101626,full
null,8013,5,walk_forward,-1,-0.007976229062725824,-0.0026712300304027794,purged,0.005828851608997926,-0.009723574056775482,0.01380508067172375,-0.007052344026372703,full
null,8014,5,contiguous_kfold,-1,0.007320588925430482,-0.040702462313646035,UNPURGED,0.002878226606582204,-0.01642390486692905,-0.004442362318848278,0.024278557446716986,full
null,8014,5,cpcv,0,0.007320588925430482,-0.040702462313646035,purged,-0.0023515728281713654,0.03969811044682933,-0.009672161753601846,0.08040057276047537,full
null,8014,5,cpcv,1,0.007320588925430482,-0.040702462313646035,purged,0.005548413808335256,0.027857946143328788,-0.0017721751170952258,0.06856040845697482,full
null,8014,5,cpcv,2,0.007320588925430482,-0.040702462313646035,purged,-0.002160133030125398,0.016019063594503294,-0.00948072195555588,0.05672152590814933,full
null,8014,5,cpcv,3,0.007320588925430482,-0.040702462313646035,purged,-0.0012453484126238891,0.022655550358953756,-0.00856593733805437,0.06335801267259979,full
null,8014,5,cpcv,4,0.007320588925430482,-0.040702462313646035,purged,-0.0020143483617328425,-0.0064550895359527394,-0.009334937287163324,0.0342473727776933,full
null,8014,5,purged_kfold,-1,0.007320588925430482,-0.040702462313646035,purged,0.0028239654397871823,-0.017692514859780153,-0.0044966234856433,0.02300994745386588,full
null,8014,5,shuffled_kfold,-1,0.007320588925430482,-0.040702462313646035,UNPURGED,0.2534778397195357,0.5515817542289153,0.24615725079410522,0.5922842165425614,full
null,8014,5,walk_forward,-1,0.007320588925430482,-0.040702462313646035,purged,-0.004489003858056537,-0.018767747446421717,-0.011809592783487019,0.021934714867224318,full
null,8015,5,contiguous_kfold,-1,0.0022401539306645575,-0.018401510398138612,UNPURGED,0.019934416414763418,0.055061440651578294,0.01769426248409886,0.07346295104971691,full
null,8015,5,cpcv,0,0.0022401539306645575,-0.018401510398138612,purged,0.016335045332485126,0.023450758684287813,0.014094891401820568,0.041852269082426424,full
null,8015,5,cpcv,1,0.0022401539306645575,-0.018401510398138612,purged,0.004131037969062168,0.012015172311756353,0.0018908840383976104,0.030416682709894963,full
null,8015,5,cpcv,2,0.0022401539306645575,-0.018401510398138612,purged,0.014891915222079902,0.03434488631656844,0.012651761291415344,0.05274639671470706,full
null,8015,5,cpcv,3,0.0022401539306645575,-0.018401510398138612,purged,0.013850645593009954,0.016404466489332876,0.011610491662345396,0.03480597688747149,full
null,8015,5,cpcv,4,0.0022401539306645575,-0.018401510398138612,purged,0.014611336079370573,0.028872488644515724,0.012371182148706016,0.047273999042654336,full
null,8015,5,purged_kfold,-1,0.0022401539306645575,-0.018401510398138612,purged,0.018354389547409252,0.047338030182433745,0.016114235616744695,0.06573954058057235,full
null,8015,5,shuffled_kfold,-1,0.0022401539306645575,-0.018401510398138612,UNPURGED,0.26025805333045143,0.5948067666618622,0.25801789939978687,0.6132082770600008,full
null,8015,5,walk_forward,-1,0.0022401539306645575,-0.018401510398138612,purged,0.020173566116413858,-0.0021883598744898707,0.0179334121857493,0.01621315052364874,full
null,8016,5,contiguous_kfold,-1,-0.02460498220724397,-0.10413450965636098,UNPURGED,0.006157525900403281,0.026611534358926187,0.03076250810764725,0.13074604401528717,full
null,8016,5,cpcv,0,-0.02460498220724397,-0.10413450965636098,purged,0.012761862698107217,0.02711301672855773,0.037366844905351186,0.1312475263849187,full
null,8016,5,cpcv,1,-0.02460498220724397,-0.10413450965636098,purged,0.008794461710859654,0.02880716486649357,0.03339944391810362,0.13294167452285455,full
null,8016,5,cpcv,2,-0.02460498220724397,-0.10413450965636098,purged,0.005115945275037486,0.03215938616254198,0.029720927482281456,0.13629389581890294,full
null,8016,5,cpcv,3,-0.02460498220724397,-0.10413450965636098,purged,0.0024667662951151892,0.01979473777596967,0.027071748502359157,0.12392924743233065,full
null,8016,5,cpcv,4,-0.02460498220724397,-0.10413450965636098,purged,0.01125255805060266,0.031352723157434,0.035857540257846626,0.135487232813795,full
null,8016,5,purged_kfold,-1,-0.02460498220724397,-0.10413450965636098,purged,0.005216474296642326,0.027163073533788655,0.029821456503886297,0.13129758319014964,full
null,8016,5,shuffled_kfold,-1,-0.02460498220724397,-0.10413450965636098,UNPURGED,0.2612063434929078,0.5843371289019239,0.2858113257001518,0.6884716385582849,full
null,8016,5,walk_forward,-1,-0.02460498220724397,-0.10413450965636098,purged,0.010271071510830876,0.07858224163597811,0.03487605371807485,0.1827167512923391,full
null,8017,5,contiguous_kfold,-1,-0.025239782241639436,-0.12623010976069104,UNPURGED,-0.007503071852672829,-0.01669313375621135,0.017736710388966608,0.1095369760044797,full
null,8017,5,cpcv,0,-0.025239782241639436,-0.12623010976069104,purged,-0.012505137062739154,-0.02103072153803927,0.012734645178900283,0.10519938822265178,full
null,8017,5,cpcv,1,-0.025239782241639436,-0.12623010976069104,purged,-0.010120799476607614,-0.0022525638942781406,0.015118982765031822,0.12397754586641291,full
null,8017,5,cpcv,2,-0.025239782241639436,-0.12623010976069104,purged,-0.01819955748130747,-0.06298260953992535,0.007040224760331965,0.0632475002207657,full
null,8017,5,cpcv,3,-0.025239782241639436,-0.12623010976069104,purged,-0.019238928836752205,-0.029694686127395918,0.006000853404887232,0.09653542363329512,full
null,8017,5,cpcv,4,-0.025239782241639436,-0.12623010976069104,purged,-0.014224374456822479,-0.03256449873048271,0.011015407784816958,0.09366561103020833,full
null,8017,5,purged_kfold,-1,-0.025239782241639436,-0.12623010976069104,purged,-0.008473171525851557,-0.015992215228894477,0.01676661071578788,0.11023789453179657,full
null,8017,5,shuffled_kfold,-1,-0.025239782241639436,-0.12623010976069104,UNPURGED,0.2595607770242651,0.6006025533077759,0.28480055926590453,0.7268326630684669,full
null,8017,5,walk_forward,-1,-0.025239782241639436,-0.12623010976069104,purged,-0.009419021339687233,-0.00493285643614082,0.015820760901952204,0.12129725332455023,full
null,8018,5,contiguous_kfold,-1,0.024954051074858007,0.039266553991049405,UNPURGED,0.0017375589435639708,-0.012959079610395774,-0.023216492131294036,-0.05222563360144518,full
null,8018,5,cpcv,0,0.024954051074858007,0.039266553991049405,purged,-0.01112921963818144,-0.03356202926202787,-0.03608327071303945,-0.07282858325307728,full
null,8018,5,cpcv,1,0.024954051074858007,0.039266553991049405,purged,0.008044078887689687,0.020683405594326198,-0.016909972187168318,-0.018583148396723207,full
null,8018,5,cpcv,2,0.024954051074858007,0.039266553991049405,purged,0.0002158487212957811,0.010554223081730905,-0.024738202353562225,-0.0287123309093185,full
null,8018,5,cpcv,3,0.024954051074858007,0.039266553991049405,purged,0.0046014497684279095,-0.005145702147722862,-0.020352601306430098,-0.04441225613877227,full
null,8018,5,cpcv,4,0.024954051074858007,0.039266553991049405,purged,-0.0019328624334921684,-0.023812938537223455,-0.026886913508350176,-0.06307949252827286,full
null,8018,5,purged_kfold,-1,0.024954051074858007,0.039266553991049405,purged,-0.0006711557513844221,-0.026667711976767476,-0.02562520682624243,-0.06593426596781687,full
null,8018,5,shuffled_kfold,-1,0.024954051074858007,0.039266553991049405,UNPURGED,0.2635745480519281,0.5476747272473279,0.23862049697707008,0.5084081732562785,full
null,8018,5,walk_forward,-1,0.024954051074858007,0.039266553991049405,purged,-0.002764563534899497,-0.03328304618534895,-0.027718614609757504,-0.07254960017639836,full
null,8019,5,contiguous_kfold,-1,0.015620675336941274,0.06917615318685578,UNPURGED,0.012209236744478005,0.05740168545779787,-0.0034114385924632687,-0.011774467729057915,full
null,8019,5,cpcv,0,0.015620675336941274,0.06917615318685578,purged,0.010858739857559363,0.05074561840688616,-0.004761935479381911,-0.018430534779969622,full
null,8019,5,cpcv,1,0.015620675336941274,0.06917615318685578,purged,0.012782957600412063,0.048009288421570664,-0.002837717736529211,-0.02116686476528512,full
null,8019,5,cpcv,2,0.015620675336941274,0.06917615318685578,purged,0.007575151965125538,0.03624502582922174,-0.008045523371815737,-0.032931127357634045,full
null,8019,5,cpcv,3,0.015620675336941274,0.06917615318685578,purged,0.010290935779216243,0.029217174025337196,-0.005329739557725031,-0.03995897916151859,full
null,8019,5,cpcv,4,0.015620675336941274,0.06917615318685578,purged,0.01148919030270783,0.060132378097095804,-0.004131485034233443,-0.009043775089759981,full
null,8019,5,purged_kfold,-1,0.015620675336941274,0.06917615318685578,purged,0.012030307964147325,0.05701168163075376,-0.003590367372793949,-0.012164471556102022,full
null,8019,5,shuffled_kfold,-1,0.015620675336941274,0.06917615318685578,UNPURGED,0.26036655882897597,0.6086734672284306,0.2447458834920347,0.5394973140415749,full
null,8019,5,walk_forward,-1,0.015620675336941274,0.06917615318685578,purged,0.01607013839263357,0.06028278718281317,0.00044946305569229517,-0.008893366004042613,full
null,8020,5,contiguous_kfold,-1,0.022352306343682838,0.0569943522639881,UNPURGED,0.005120638048643918,-0.012228907979331434,-0.01723166829503892,-0.06922326024331954,full
null,8020,5,cpcv,0,0.022352306343682838,0.0569943522639881,purged,0.0014768566173001178,-0.013337702531674234,-0.02087544972638272,-0.07033205479566233,full
null,8020,5,cpcv,1,0.022352306343682838,0.0569943522639881,purged,0.011564513230151428,0.015571988484831193,-0.01078779311353141,-0.04142236377915691,full
null,8020,5,cpcv,2,0.022352306343682838,0.0569943522639881,purged,0.00036314611911150154,-0.02012781078569551,-0.021989160224571338,-0.07712216304968361,full
null,8020,5,cpcv,3,0.022352306343682838,0.0569943522639881,purged,0.0030216609081042066,-0.030743589573382565,-0.019330645435578633,-0.08773794183737066,full
null,8020,5,cpcv,4,0.022352306343682838,0.0569943522639881,purged,-0.0008798827302974856,-0.014269928424360845,-0.023232189073980322,-0.07126428068834895,full
null,8020,5,purged_kfold,-1,0.022352306343682838,0.0569943522639881,purged,0.004321124465029423,-0.014650682332600081,-0.018031181878653414,-0.07164503459658818,full
null,8020,5,shuffled_kfold,-1,0.022352306343682838,0.0569943522639881,UNPURGED,0.2598440389646613,0.577757070270059,0.23749173262097845,0.5207627180060709,full
null,8020,5,walk_forward,-1,0.022352306343682838,0.0569943522639881,purged,0.0009700191552315928,-0.024780219958168703,-0.021382287188451244,-0.08177457222215681,full
null,8021,5,contiguous_kfold,-1,-0.01483576698511803,-0.05639046124662012,UNPURGED,-0.016886831116089338,-0.03152791968562137,-0.0020510641309713067,0.024862541560998756,full
null,8021,5,cpcv,0,-0.01483576698511803,-0.05639046124662012,purged,-0.018382646225908177,-0.00908645732229001,-0.003546879240790146,0.04730400392433011,full
null,8021,5,cpcv,1,-0.01483576698511803,-0.05639046124662012,purged,-0.02298927068402574,-0.0320638724720727,-0.00815350369890771,0.024326588774547422,full
null,8021,5,cpcv,2,-0.01483576698511803,-0.05639046124662012,purged,-0.02647264593552994,-0.034902571000750435,-0.01163687895041191,0.02148789024586969,full
null,8021,5,cpcv,3,-0.01483576698511803,-0.05639046124662012,purged,-0.020566963445514907,-0.024177793035500654,-0.005731196460396876,0.03221266821111947,full
null,8021,5,cpcv,4,-0.01483576698511803,-0.05639046124662012,purged,-0.019008172886919715,-0.024881080912714324,-0.004172405901801684,0.031509380333905795,full
null,8021,5,purged_kfold,-1,-0.01483576698511803,-0.05639046124662012,purged,-0.01838768422956264,-0.034383616423311954,-0.0035519172444446103,0.02200684482330817,full
null,8021,5,shuffled_kfold,-1,-0.01483576698511803,-0.05639046124662012,UNPURGED,0.2484710443750228,0.5560502321672177,0.26330681136014084,0.6124406934138379,full
null,8021,5,walk_forward,-1,-0.01483576698511803,-0.05639046124662012,purged,-0.01606727003574565,-0.05360520781744057,-0.0012315030506276203,0.0027852534291795544,full
null,8022,5,contiguous_kfold,-1,-0.016391417721207825,-0.08450622296522309,UNPURGED,0.002311684729035385,0.01060632208065491,0.01870310245024321,0.095112545045878,full
null,8022,5,cpcv,0,-0.016391417721207825,-0.08450622296522309,purged,-0.001076673757170403,0.022943962568666314,0.015314743964037422,0.10745018553388941,full
null,8022,5,cpcv,1,-0.016391417721207825,-0.08450622296522309,purged,0.0038030220620508867,0.050162483850106666,0.02019443978325871,0.13466870681532975,full
null,8022,5,cpcv,2,-0.016391417721207825,-0.08450622296522309,purged,0.0011318000250103578,0.004376433776984884,0.01752321774621818,0.08888265674220797,full
null,8022,5,cpcv,3,-0.016391417721207825,-0.08450622296522309,purged,-0.008981091081295103,0.011979773782214766,0.007410326639912722,0.09648599674743785,full
null,8022,5,cpcv,4,-0.016391417721207825,-0.08450622296522309,purged,-0.001637925249999012,0.0023742108501199825,0.014753492471208812,0.08688043381534306,full
null,8022,5,purged_kfold,-1,-0.016391417721207825,-0.08450622296522309,purged,-0.0005810968460232503,0.003261272022273139,0.015810320875184573,0.08776749498749623,full
null,8022,5,shuffled_kfold,-1,-0.016391417721207825,-0.08450622296522309,UNPURGED,0.2562106030633947,0.5808469910649559,0.27260202078460255,0.665353214030179,full
null,8022,5,walk_forward,-1,-0.016391417721207825,-0.08450622296522309,purged,-0.0067808421106134754,-0.01868974216335503,0.009610575610594349,0.06581648080186805,full
null,8023,5,contiguous_kfold,-1,-0.0029072572101221505,-0.003826327123429836,UNPURGED,-0.0002942914629472785,-0.000568142462366042,0.002612965747174872,0.003258184661063794,full
null,8023,5,cpcv,0,-0.0029072572101221505,-0.003826327123429836,purged,0.0012919470015035498,0.018395031014901517,0.0041992042116257,0.022221358138331353,full
null,8023,5,cpcv,1,-0.0029072572101221505,-0.003826327123429836,purged,0.0006405994416464486,-0.01679386016660202,0.003547856651768599,-0.012967533043172184,full
null,8023,5,cpcv,2,-0.0029072572101221505,-0.003826327123429836,purged,0.0065505626745303155,0.015872665871587078,0.009457819884652465,0.019698992995016915,full
null,8023,5,cpcv,3,-0.0029072572101221505,-0.003826327123429836,purged,0.001710653773006034,0.01989582082733664,0.004617910983128184,0.02372214795076648,full
null,8023,5,cpcv,4,-0.0029072572101221505,-0.003826327123429836,purged,-0.008220877124208551,-0.004038715374803414,-0.005313619914086401,-0.0002123882513735782,full
null,8023,5,purged_kfold,-1,-0.0029072572101221505,-0.003826327123429836,purged,-0.00245135844377041,-0.00352145854166688,0.00045589876635174047,0.00030486858176295576,full
null,8023,5,shuffled_kfold,-1,-0.0029072572101221505,-0.003826327123429836,UNPURGED,0.2478979484439611,0.5390144403764808,0.25080520565408326,0.5428407674999106,full
null,8023,5,walk_forward,-1,-0.0029072572101221505,-0.003826327123429836,purged,-0.0028622419674970137,-0.015920488645318184,4.501524262513681e-05,-0.012094161521888348,full
null,8024,5,contiguous_kfold,-1,-0.009879756598025667,-0.0176804974024548,UNPURGED,0.0001138005595950512,0.030483243031185325,0.009993557157620719,0.04816374043364012,full
null,8024,5,cpcv,0,-0.009879756598025667,-0.0176804974024548,purged,0.007327371141692882,0.03250296078055046,0.01720712773971855,0.050183458183005264,full
null,8024,5,cpcv,1,-0.009879756598025667,-0.0176804974024548,purged,0.0008052591360749197,0.020737004296594606,0.010685015734100587,0.03841750169904941,full
null,8024,5,cpcv,2,-0.009879756598025667,-0.0176804974024548,purged,0.003873412521775048,0.026263947005094164,0.013753169119800715,0.043944444407548966,full
null,8024,5,cpcv,3,-0.009879756598025667,-0.0176804974024548,purged,-0.002304135749131665,0.02791995241211343,0.007575620848894002,0.045600449814568234,full
null,8024,5,cpcv,4,-0.009879756598025667,-0.0176804974024548,purged,0.008417675670941854,0.049848392343295335,0.01829743226896752,0.06752888974575014,full
null,8024,5,purged_kfold,-1,-0.009879756598025667,-0.0176804974024548,purged,-0.0025765685592894242,0.022180892107280928,0.007303188038736243,0.03986138950973572,full
null,8024,5,shuffled_kfold,-1,-0.009879756598025667,-0.0176804974024548,UNPURGED,0.2611785267410135,0.5800786977471402,0.27105828333903914,0.597759195149595,full
null,8024,5,walk_forward,-1,-0.009879756598025667,-0.0176804974024548,purged,-0.002014208083022976,0.00596794107506848,0.007865548515002692,0.02364843847752328,full
planted,9000,5,contiguous_kfold,-1,0.007334093341399416,-0.0021680318538865725,UNPURGED,-0.0029496414827021268,-0.01546461922350478,-0.010283734824101543,-0.013296587369618206,full
planted,9000,5,cpcv,0,0.007334093341399416,-0.0021680318538865725,purged,-0.005298682750523846,-0.02325321888086798,-0.012632776091923262,-0.021085187026981405,full
planted,9000,5,cpcv,1,0.007334093341399416,-0.0021680318538865725,purged,-0.013445051285030029,-0.02149911323989126,-0.020779144626429446,-0.019331081386004687,full
planted,9000,5,cpcv,2,0.007334093341399416,-0.0021680318538865725,purged,-0.009418697164188299,-0.028091911850153084,-0.016752790505587714,-0.02592387999626651,full
planted,9000,5,cpcv,3,0.007334093341399416,-0.0021680318538865725,purged,-0.005305463192961202,-0.019228583396680436,-0.012639556534360618,-0.017060551542793862,full
planted,9000,5,cpcv,4,0.007334093341399416,-0.0021680318538865725,purged,-0.002078391044230065,0.007191243200896064,-0.009412484385629482,0.009359275054782637,full
planted,9000,5,purged_kfold,-1,0.007334093341399416,-0.0021680318538865725,purged,-0.002731341774457426,-0.01260844926057483,-0.010065435115856843,-0.010440417406688256,full
planted,9000,5,shuffled_kfold,-1,0.007334093341399416,-0.0021680318538865725,UNPURGED,0.24822675001776767,0.5664486322594335,0.24089265667636825,0.5686166641133201,full
planted,9000,5,walk_forward,-1,0.007334093341399416,-0.0021680318538865725,purged,-0.0011204160687711068,0.019232044943643813,-0.008454509410170523,0.021400076797530386,full
planted,9001,5,contiguous_kfold,-1,-0.023705620532854535,-0.04233158708081632,UNPURGED,0.007213319436119651,0.04012963434886037,0.030918939968974185,0.08246122142967668,full
planted,9001,5,cpcv,0,-0.023705620532854535,-0.04233158708081632,purged,-0.0034509153752094847,-0.007553255496815647,0.02025470515764505,0.03477833158400068,full
planted,9001,5,cpcv,1,-0.023705620532854535,-0.04233158708081632,purged,0.013891545837118793,0.039397872550665444,0.03759716636997333,0.08172945963148176,full
planted,9001,5,cpcv,2,-0.023705620532854535,-0.04233158708081632,purged,0.011236365020927333,0.032542239680013935,0.03494198555378187,0.07487382676083026,full
planted,9001,5,cpcv,3,-0.023705620532854535,-0.04233158708081632,purged,0.00786864461139516,0.02949304827807538,0.03157426514424969,0.0718246353588917,full
planted,9001,5,cpcv,4,-0.023705620532854535,-0.04233158708081632,purged,0.010726142794843407,0.030633192793255666,0.03443176332769794,0.07296477987407199,full
planted,9001,5,purged_kfold,-1,-0.023705620532854535,-0.04233158708081632,purged,0.005166774366459046,0.03944543295566229,0.02887239489931358,0.0817770200364786,full
planted,9001,5,shuffled_kfold,-1,-0.023705620532854535,-0.04233158708081632,UNPURGED,0.2553982889227723,0.5407303523028467,0.2791039094556268,0.583061939383663,full
planted,9001,5,walk_forward,-1,-0.023705620532854535,-0.04233158708081632,purged,0.011279263940222578,-0.0021589203903148524,0.03498488447307711,0.04017266669050147,full
planted,9002,5,contiguous_kfold,-1,-0.02181014670018123,-0.04910915747252716,UNPURGED,-0.013610691756264212,-0.04155385170985594,0.00819945494391702,0.007555305762671216,full
planted,9002,5,cpcv,0,-0.02181014670018123,-0.04910915747252716,purged,-0.011840109243275698,-0.05052646004276738,0.009970037456905534,-0.0014173025702402253,full
planted,9002,5,cpcv,1,-0.02181014670018123,-0.04910915747252716,purged,-0.01612044531567105,-0.02338378464611385,0.0056897013845101825,0.025725372826413306,full
planted,9002,5,cpcv,2,-0.02181014670018123,-0.04910915747252716,purged,-0.01857340203045872,-0.044493504973645896,0.00323674466972251,0.0046156524988812606,full
planted,9002,5,cpcv,3,-0.02181014670018123,-0.04910915747252716,purged,-0.004821197370021909,-0.0013123345711127316,0.016988949330159323,0.047796822901414425,full
planted,9002,5,cpcv,4,-0.02181014670018123,-0.04910915747252716,purged,-0.0160026543317531,-0.06063379750039352,0.005807492368428133,-0.011524640027866365,full
planted,9002,5,purged_kfold,-1,-0.02181014670018123,-0.04910915747252716,purged,-0.01492044267489386,-0.037896928975053444,0.006889704025287371,0.011212228497473713,full
planted,9002,5,shuffled_kfold,-1,-0.02181014670018123,-0.04910915747252716,UNPURGED,0.24298700980198723,0.5461044422461439,0.26479715650216845,0.595213599718671,full
planted,9002,5,walk_forward,-1,-0.02181014670018123,-0.04910915747252716,purged,-0.01460575930645769,-0.026090916028515744,0.007204387393723541,0.023018241444011413,full
planted,9003,5,contiguous_kfold,-1,0.01836008298921999,0.11353741702053509,UNPURGED,-0.011448039995414806,0.0017796720929417304,-0.029808122984634797,-0.11175774492759336,full
planted,9003,5,cpcv,0,0.01836008298921999,0.11353741702053509,purged,-0.00648858415217573,0.03431716243311623,-0.02484866714139572,-0.07922025458741885,full
planted,9003,5,cpcv,1,0.01836008298921999,0.11353741702053509,purged,-0.0022051845076831037,0.010656855020887923,-0.020565267496903093,-0.10288056199964717,full
planted,9003,5,cpcv,2,0.01836008298921999,0.11353741702053509,purged,-0.012243200739928312,-0.004151154938950631,-0.030603283729148303,-0.11768857195948572,full
planted,9003,5,cpcv,3,0.01836008298921999,0.11353741702053509,purged,0.008967094109110767,0.0568575522964393,-0.009392988880109223,-0.05667986472409579,full
planted,9003,5,cpcv,4,0.01836008298921999,0.11353741702053509,purged,-0.0022656959407145977,0.03346903019419936,-0.02062577892993459,-0.08006838682633573,full
planted,9003,5,purged_kfold,-1,0.01836008298921999,0.11353741702053509,purged,-0.01227366613536474,-0.008488102117141518,-0.03063374912458473,-0.1220255191376766,full
planted,9003,5,shuffled_kfold,-1,0.01836008298921999,0.11353741702053509,UNPURGED,0.2623152040843552,0.5622888177031687,0.24395512109513523,0.44875140068263364,full
planted,9003,5,walk_forward,-1,0.01836008298921999,0.11353741702053509,purged,0.0003236736009827954,0.04281195152398289,-0.018036409388237196,-0.0707254654965522,full
planted,9004,5,contiguous_kfold,-1,-0.025084193704296952,-0.07138699004733441,UNPURGED,-0.009866201517010282,0.019116352572567597,0.01521799218728667,0.090503342619902,full
planted,9004,5,cpcv,0,-0.025084193704296952,-0.07138699004733441,purged,-0.007126963161528748,0.024804179401059955,0.017957230542768203,0.09619116944839437,full
planted,9004,5,cpcv,1,-0.025084193704296952,-0.07138699004733441,purged,-0.005690824187490263,0.03175028599034755,0.01939336951680669,0.10313727603768197,full
planted,9004,5,cpcv,2,-0.025084193704296952,-0.07138699004733441,purged,-0.00449305112038217,0.04220385456748332,0.02059114258391478,0.11359084461481773,full
planted,9004,5,cpcv,3,-0.025084193704296952,-0.07138699004733441,purged,-0.01642956016467696,0.016803822916559238,0.008654633539619993,0.08819081296389365,full
planted,9004,5,cpcv,4,-0.025084193704296952,-0.07138699004733441,purged,-0.009343505360187786,0.017038252736120193,0.015740688344109167,0.08842524278345461,full
planted,9004,5,purged_kfold,-1,-0.025084193704296952,-0.07138699004733441,purged,-0.012294814213546732,0.012065407953303835,0.01278937949075022,0.08345239800063825,full
planted,9004,5,shuffled_kfold,-1,-0.025084193704296952,-0.07138699004733441,UNPURGED,0.2457655422991138,0.5660412762755431,0.2708497360034107,0.6374282663228775,full
planted,9004,5,walk_forward,-1,-0.025084193704296952,-0.07138699004733441,purged,-0.007597872216874662,0.007342098251926157,0.01748632148742229,0.07872908829926056,full
planted,9005,5,contiguous_kfold,-1,0.0340469013321905,0.06420273695300154,UNPURGED,-0.008673699212947751,-0.01587534975662501,-0.04272060054513825,-0.08007808670962654,full
planted,9005,5,cpcv,0,0.0340469013321905,0.06420273695300154,purged,-0.006205793128901953,-0.023766618095610557,-0.040252694461092454,-0.08796935504861209,full
planted,9005,5,cpcv,1,0.0340469013321905,0.06420273695300154,purged,-0.0008622473196033351,-0.018614253293279953,-0.034909148651793835,-0.08281699024628149,full
planted,9005,5,cpcv,2,0.0340469013321905,0.06420273695300154,purged,-0.0013728408305654738,-0.01102197695973069,-0.03541974216275597,-0.07522471391273222,full
planted,9005,5,cpcv,3,0.0340469013321905,0.06420273695300154,purged,-0.0061452113139567575,-0.011351225649629159,-0.04019211264614726,-0.0755539626026307,full
planted,9005,5,cpcv,4,0.0340469013321905,0.06420273695300154,purged,-0.0003211197425329926,-0.017826120926494105,-0.0343680210747235,-0.08202885787949564,full
planted,9005,5,purged_kfold,-1,0.0340469013321905,0.06420273695300154,purged,-0.008482877049870472,-0.02076533113540706,-0.04252977838206097,-0.0849680680884086,full
planted,9005,5,shuffled_kfold,-1,0.0340469013321905,0.06420273695300154,UNPURGED,0.25389172454578096,0.5733710238500747,0.21984482321359045,0.5091682868970732,full
planted,9005,5,walk_forward,-1,0.0340469013321905,0.06420273695300154,purged,0.004904498776724396,0.006910484118593968,-0.029142402555466105,-0.057292252834407566,full
planted,9006,5,contiguous_kfold,-1,0.025437073709223518,0.08586995705100035,UNPURGED,-0.001017119956550108,-0.019711767559728425,-0.026454193665773625,-0.10558172461072877,full
planted,9006,5,cpcv,0,0.025437073709223518,0.08586995705100035,purged,-0.0009015093891938874,-0.007136354975023086,-0.026338583098417405,-0.09300631202602344,full
planted,9006,5,cpcv,1,0.025437073709223518,0.08586995705100035,purged,0.001491629403165744,0.005776940297946156,-0.023945444306057773,-0.08009301675305419,full
planted,9006,5,cpcv,2,0.025437073709223518,0.08586995705100035,purged,0.006745338916778362,0.025406618182692804,-0.018691734792445156,-0.06046333886830755,full
planted,9006,5,cpcv,3,0.025437073709223518,0.08586995705100035,purged,0.0012211859620792753,-0.0049394148956999825,-0.02421588774714424,-0.09080937194670033,full
planted,9006,5,cpcv,4,0.025437073709223518,0.08586995705100035,purged,0.0030755475567897602,0.006593428975987311,-0.022361526152433756,-0.07927652807501304,full
planted,9006,5,purged_kfold,-1,0.025437073709223518,0.08586995705100035,purged,-0.003233768373331513,-0.02427485608360329,-0.02867084208255503,-0.11014481313460364,full
planted,9006,5,shuffled_kfold,-1,0.025437073709223518,0.08586995705100035,UNPURGED,0.2561277538212274,0.5813339927693483,0.23069068011200386,0.4954640357183479,full
planted,9006,5,walk_forward,-1,0.025437073709223518,0.08586995705100035,purged,0.006379427599118108,0.013710442983121825,-0.01905764611010541,-0.07215951406787853,full
planted,9007,5,contiguous_kfold,-1,0.0037108420295827575,0.023081264459998717,UNPURGED,-0.001139465798385453,0.026078970256046403,-0.00485030782796821,0.002997705796047686,full
planted,9007,5,cpcv,0,0.0037108420295827575,0.023081264459998717,purged,-0.008356749999612442,0.0019460143730813493,-0.012067592029195199,-0.021135250086917367,full
planted,9007,5,cpcv,1,0.0037108420295827575,0.023081264459998717,purged,-0.0011289716027204344,0.028221690338161864,-0.004839813632303192,0.005140425878163147,full
planted,9007,5,cpcv,2,0.0037108420295827575,0.023081264459998717,purged,-0.0033657118998949823,-0.003843315931706315,-0.00707655392947774,-0.026924580391705033,full
planted,9007,5,cpcv,3,0.0037108420295827575,0.023081264459998717,purged,-0.008836498455307514,0.023605228970695395,-0.012547340484890271,0.0005239645106966777,full
planted,9007,5,cpcv,4,0.0037108420295827575,0.023081264459998717,purged,0.009676996149255355,0.032550194704069266,0.005966154119672598,0.009468930244070549,full
planted,9007,5,purged_kfold,-1,0.0037108420295827575,0.023081264459998717,purged,-0.0027971439500169937,0.025185898503764435,-0.006507985979599751,0.002104634043765718,full
planted,9007,5,shuffled_kfold,-1,0.0037108420295827575,0.023081264459998717,UNPURGED,0.25772659238159445,0.5781805321052276,0.2540157503520117,0.5550992676452289,full
planted,9007,5,walk_forward,-1,0.0037108420295827575,0.023081264459998717,purged,0.0015599986354355344,0.03356846751698116,-0.002150843394147223,0.01048720305698244,full
planted,9008,5,contiguous_kfold,-1,0.04325032098963948,0.1372617084741645,UNPURGED,-0.013098528026412055,0.010688560427483425,-0.05634884901605154,-0.12657314804668107,full
planted,9008,5,cpcv,0,0.04325032098963948,0.1372617084741645,purged,-0.01042053283145218,-0.0075483871924108825,-0.053670853821091664,-0.14481009566657538,full
planted,9008,5,cpcv,1,0.04325032098963948,0.1372617084741645,purged,-0.022344640551179455,-0.02579843085831339,-0.06559496154081894,-0.16306013933247787,full
planted,9008,5,cpcv,2,0.04325032098963948,0.1372617084741645,purged,-0.009963652409142274,0.022319402720028428,-0.053213973398781755,-0.11494230575413607,full
planted,9008,5,cpcv,3,0.04325032098963948,0.1372617084741645,purged,-0.003669495789532425,0.01035909324213361,-0.04691981677917191,-0.1269026152320309,full
planted,9008,5,cpcv,4,0.04325032098963948,0.1372617084741645,purged,-0.004634435733768087,0.0068900610045103,-0.04788475672340757,-0.13037164746965418,full
planted,9008,5,purged_kfold,-1,0.04325032098963948,0.1372617084741645,purged,-0.012836741288072395,0.007032642233236213,-0.056087062277711874,-0.13022906624092828,full
planted,9008,5,shuffled_kfold,-1,0.04325032098963948,0.1372617084741645,UNPURGED,0.24804956517064686,0.5216182070365772,0.20479924418100737,0.3843564985624127,full
planted,9008,5,walk_forward,-1,0.04325032098963948,0.1372617084741645,purged,-0.0017068881123250483,0.003177844977254232,-0.04495720910196453,-0.13408386349691026,full
planted,9009,5,contiguous_kfold,-1,0.005513905567595386,-0.05656700682028594,UNPURGED,-0.007512005483489524,0.0019414047421298934,-0.01302591105108491,0.05850841156241583,full
planted,9009,5,cpcv,0,0.005513905567595386,-0.05656700682028594,purged,-0.015739385605511268,-0.01723635099071579,-0.021253291173106655,0.03933065582957015,full
planted,9009,5,cpcv,1,0.005513905567595386,-0.05656700682028594,purged,-0.009124667141053594,-0.025926391543475903,-0.014638572708648979,0.030640615276810036,full
planted,9009,5,cpcv,2,0.005513905567595386,-0.05656700682028594,purged,-0.012543617144773572,-0.0077254453958103585,-0.01805752271236896,0.04884156142447558,full
planted,9009,5,cpcv,3,0.005513905567595386,-0.05656700682028594,purged,-0.0009089562781780727,-0.002943997075992278,-0.006422861845773458,0.05362300974429366,full
planted,9009,5,cpcv,4,0.005513905567595386,-0.05656700682028594,purged,-0.006833723058600083,0.0175184932642526,-0.01234762862619547,0.07408550008453854,full
planted,9009,5,purged_kfold,-1,0.005513905567595386,-0.05656700682028594,purged,-0.008889395673006324,-0.0005920538473092599,-0.014403301240601709,0.05597495297297668,full
planted,9009,5,shuffled_kfold,-1,0.005513905567595386,-0.05656700682028594,UNPURGED,0.26339587516899937,0.5939040334556525,0.25788196960140397,0.6504710402759384,full
planted,9009,5,walk_forward,-1,0.005513905567595386,-0.05656700682028594,purged,0.0012124140480251613,0.021483454758902846,-0.004301491519570225,0.07805046157918878,full
planted,9010,5,contiguous_kfold,-1,0.03351311892845007,0.1626467452055796,UNPURGED,-0.0021934099017786837,0.00327539092556786,-0.035706528830228755,-0.15937135428001173,full
planted,9010,5,cpcv,0,0.03351311892845007,0.1626467452055796,purged,-0.006153876290646263,-0.007956691649650894,-0.039666995219096335,-0.1706034368552305,full
planted,9010,5,cpcv,1,0.03351311892845007,0.1626467452055796,purged,-0.006560508870526979,0.016679125497685972,-0.040073627798977045,-0.14596761970789363,full
planted,9010,5,cpcv,2,0.03351311892845007,0.1626467452055796,purged,-0.008537395339913692,0.0055863415290312345,-0.04205051426836376,-0.15706040367654836,full
planted,9010,5,cpcv,3,0.03351311892845007,0.1626467452055796,purged,-0.005565040390622892,0.012556235567477017,-0.039078159319072964,-0.15009050963810258,full
planted,9010,5,cpcv,4,0.03351311892845007,0.1626467452055796,purged,0.002452706588077748,0.023783511705800692,-0.03106041234037232,-0.1388632334997789,full
planted,9010,5,purged_kfold,-1,0.03351311892845007,0.1626467452055796,purged,-0.003848862486113465,0.0034534478760818083,-0.03736198141456353,-0.15919329732949777,full
planted,9010,5,shuffled_kfold,-1,0.03351311892845007,0.1626467452055796,UNPURGED,0.2543419712308899,0.5797412113212663,0.22082885230243984,0.41709446611568674,full
planted,9010,5,walk_forward,-1,0.03351311892845007,0.1626467452055796,purged,-0.013786527485413121,0.011792492836846488,-0.04729964641386319,-0.1508542523687331,full
planted,9011,5,contiguous_kfold,-1,-0.0026784041807255054,-0.031954446704742914,UNPURGED,0.008440002650590691,0.04138124623222232,0.011118406831316197,0.07333569293696524,full
planted,9011,5,cpcv,0,-0.0026784041807255054,-0.031954446704742914,purged,0.012675667906116598,0.04620493496202534,0.015354072086842103,0.07815938166676825,full
planted,9011,5,cpcv,1,-0.0026784041807255054,-0.031954446704742914,purged,0.01094039558937692,0.04088769516406336,0.013618799770102427,0.07284214186880628,full
planted,9011,5,cpcv,2,-0.0026784041807255054,-0.031954446704742914,purged,0.009378752656531078,0.03443617191921401,0.012057156837256583,0.06639061862395693,full
planted,9011,5,cpcv,3,-0.0026784041807255054,-0.031954446704742914,purged,-0.0003148726111573722,-0.02007418257602333,0.0023635315695681334,0.011880264128719585,full
planted,9011,5,cpcv,4,-0.0026784041807255054,-0.031954446704742914,purged,0.0006331935341485261,-0.004738559032285941,0.0033115977148740314,0.027215887672456973,full
planted,9011,5,purged_kfold,-1,-0.0026784041807255054,-0.031954446704742914,purged,0.008854232643231721,0.033816002993842895,0.011532636823957228,0.06577044969858581,full
planted,9011,5,shuffled_kfold,-1,-0.0026784041807255054,-0.031954446704742914,UNPURGED,0.2653197259523812,0.5862280700536725,0.2679981301331067,0.6181825167584154,full
planted,9011,5,walk_forward,-1,-0.0026784041807255054,-0.031954446704742914,purged,0.0019297560504621834,-0.024953161988944674,0.004608160231187689,0.00700128471579824,full
planted,9012,5,contiguous_kfold,-1,0.0015490964231804707,-0.026291255404877825,UNPURGED,0.001534551342637081,0.0023151467893414795,-1.4545080543389806e-05,0.028606402194219303,full
planted,9012,5,cpcv,0,0.0015490964231804707,-0.026291255404877825,purged,-0.008273178375985733,0.02857709888928746,-0.009822274799166204,0.054868354294165284,full
planted,9012,5,cpcv,1,0.0015490964231804707,-0.026291255404877825,purged,0.00425436956327143,0.026903577565958434,0.00270527314009096,0.053194832970836256,full
planted,9012,5,cpcv,2,0.0015490964231804707,-0.026291255404877825,purged,-0.0018797212819132434,0.03209743605488977,-0.003428817705093714,0.0583886914597676,full
planted,9012,5,cpcv,3,0.0015490964231804707,-0.026291255404877825,purged,-0.007425914079336105,0.032919170762109456,-0.008975010502516576,0.05921042616698728,full
planted,9012,5,cpcv,4,0.0015490964231804707,-0.026291255404877825,purged,-0.0024149801003196716,0.018102608412299027,-0.003964076523500142,0.04439386381717685,full
planted,9012,5,purged_kfold,-1,0.0015490964231804707,-0.026291255404877825,purged,0.001068818377041339,0.007401396938382888,-0.0004802780461391318,0.033692652343260715,full
planted,9012,5,shuffled_kfold,-1,0.0015490964231804707,-0.026291255404877825,UNPURGED,0.26466599548730674,0.592866616757784,0.2631168990641263,0.6191578721626618,full
planted,9012,5,walk_forward,-1,0.0015490964231804707,-0.026291255404877825,purged,-0.00544569887109772,0.022626451742679406,-0.00699479529427819,0.048917707147557235,full
planted,9013,5,contiguous_kfold,-1,-0.007099934414910923,-0.06764774672001012,UNPURGED,0.002875846442924579,-0.013199290127918085,0.009975780857835502,0.054448456592092034,full
planted,9013,5,cpcv,0,-0.007099934414910923,-0.06764774672001012,purged,0.0033874517727901566,-0.0023789595236102263,0.01048738618770108,0.06526878719639989,full
planted,9013,5,cpcv,1,-0.007099934414910923,-0.06764774672001012,purged,0.0062605108756379245,0.0035944720203560836,0.013360445290548847,0.0712422187403662,full
planted,9013,5,cpcv,2,-0.007099934414910923,-0.06764774672001012,purged,0.004250826603066518,-0.0014623333629251436,0.01135076101797744,0.06618541335708497,full
planted,9013,5,cpcv,3,-0.007099934414910923,-0.06764774672001012,purged,-0.004232887514136874,-0.015318055362244832,0.002867046900774049,0.05232969135776529,full
planted,9013,5,cpcv,4,-0.007099934414910923,-0.06764774672001012,purged,0.002239121282053811,-0.01892853986433707,0.009339055696964735,0.04871920685567305,full
planted,9013,5,purged_kfold,-1,-0.007099934414910923,-0.06764774672001012,purged,0.0001187994167437898,-0.0232969399292148,0.007218733831654713,0.04435080679079531,full
planted,9013,5,shuffled_kfold,-1,-0.007099934414910923,-0.06764774672001012,UNPURGED,0.2642529668508992,0.564147754139249,0.27135290126581013,0.6317955008592591,full
planted,9013,5,walk_forward,-1,-0.007099934414910923,-0.06764774672001012,purged,-0.005907512769620923,-0.0037166699554284726,0.0011924216452900002,0.06393107676458164,full
planted,9014,5,contiguous_kfold,-1,0.012377592868486475,0.005495219056483284,UNPURGED,0.009263449061384347,0.03191839538096917,-0.003114143807102128,0.026423176324485882,full
planted,9014,5,cpcv,0,0.012377592868486475,0.005495219056483284,purged,-0.0019336712237984959,0.009203359833426978,-0.014311264092284972,0.003708140776943694,full
planted,9014,5,cpcv,1,0.012377592868486475,0.005495219056483284,purged,0.0027828643194958685,0.009121098251597128,-0.009594728548990607,0.0036258791951138437,full
planted,9014,5,cpcv,2,0.012377592868486475,0.005495219056483284,purged,0.0017737996400593635,0.04582807993613987,-0.01060379322842711,0.04033286087965658,full
planted,9014,5,cpcv,3,0.012377592868486475,0.005495219056483284,purged,0.004317219306888302,0.030199442871355068,-0.008060373561598173,0.024704223814871785,full
planted,9014,5,cpcv,4,0.012377592868486475,0.005495219056483284,purged,-0.004535799391006417,0.027770603846112678,-0.016913392259492892,0.022275384789629392,full
planted,9014,5,purged_kfold,-1,0.012377592868486475,0.005495219056483284,purged,0.00595571600160945,0.022900350170400964,-0.006421876866877025,0.017405131113917678,full
planted,9014,5,shuffled_kfold,-1,0.012377592868486475,0.005495219056483284,UNPURGED,0.2643230362150996,0.5793160344488896,0.2519454433466131,0.5738208153924063,full
planted,9014,5,walk_forward,-1,0.012377592868486475,0.005495219056483284,purged,0.0003590293828924367,0.026101904473160728,-0.012018563485594038,0.020606685416677442,full
planted,9015,5,contiguous_kfold,-1,-0.03487704938341653,-0.09176405041703105,UNPURGED,-0.007051074869528693,-0.025819882166230573,0.027825974513887835,0.06594416825080048,full
planted,9015,5,cpcv,0,-0.03487704938341653,-0.09176405041703105,purged,-0.01072875411864064,-0.016351907370196313,0.02414829526477589,0.07541214304683473,full
planted,9015,5,cpcv,1,-0.03487704938341653,-0.09176405041703105,purged,-0.008299269144891198,-0.0051308716588580406,0.02657778023852533,0.086633178758173,full
planted,9015,5,cpcv,2,-0.03487704938341653,-0.09176405041703105,purged,-0.021611043370380327,-0.06376560599379866,0.013266006013036201,0.02799844442323239,full
planted,9015,5,cpcv,3,-0.03487704938341653,-0.09176405041703105,purged,-0.007693067092312766,-0.026248107158511794,0.02718398229110376,0.06551594325851925,full
planted,9015,5,cpcv,4,-0.03487704938341653,-0.09176405041703105,purged,-0.008982350600929908,-0.010679127862791363,0.025894698782486618,0.08108492255423969,full
planted,9015,5,purged_kfold,-1,-0.03487704938341653,-0.09176405041703105,purged,-0.008764806549804502,-0.03155599044142588,0.026112242833612027,0.06020805997560517,full
planted,9015,5,shuffled_kfold,-1,-0.03487704938341653,-0.09176405041703105,UNPURGED,0.26027872635174343,0.5539050754300794,0.29515577573515994,0.6456691258471104,full
planted,9015,5,walk_forward,-1,-0.03487704938341653,-0.09176405041703105,purged,0.00480175586821139,-0.009376513908779319,0.03967880525162792,0.08238753650825173,full
planted,9016,5,contiguous_kfold,-1,0.009157557349427749,0.030306201918339777,UNPURGED,0.004885263510819081,0.03340681636163551,-0.004272293838608668,0.003100614443295735,full
planted,9016,5,cpcv,0,0.009157557349427749,0.030306201918339777,purged,0.008478280715766234,0.05262939171824491,-0.0006792766336615151,0.022323189799905135,full
planted,9016,5,cpcv,1,0.009157557349427749,0.030306201918339777,purged,0.004749800521290053,0.027131140417207683,-0.004407756828137696,-0.003175061501132094,full
planted,9016,5,cpcv,2,0.009157557349427749,0.030306201918339777,purged,0.004288419497254625,0.02173013343638629,-0.004869137852173124,-0.008576068481953487,full
planted,9016,5,cpcv,3,0.009157557349427749,0.030306201918339777,purged,0.007739209141917312,0.039459853447155996,-0.0014183482075104375,0.009153651528816219,full
planted,9016,5,cpcv,4,0.009157557349427749,0.030306201918339777,purged,0.0029976195854324464,0.00935433515836899,-0.006159937763995303,-0.020951866759970787,full
planted,9016,5,purged_kfold,-1,0.009157557349427749,0.030306201918339777,purged,0.0022205466237903804,0.030386139787172098,-0.006937010725637368,7.993786883232074e-05,full
planted,9016,5,shuffled_kfold,-1,0.009157557349427749,0.030306201918339777,UNPURGED,0.26573064813803327,0.6603268422282185,0.2565730907886055,0.6300206403098787,full
planted,9016,5,walk_forward,-1,0.009157557349427749,0.030306201918339777,purged,0.008288613489732359,0.033079737217413197,-0.00086894385969539,0.0027735352990734194,full
planted,9017,5,contiguous_kfold,-1,0.0036944477168648865,0.0392493424690429,UNPURGED,0.0028930845299597846,0.019261504434407054,-0.0008013631869051019,-0.019987838034635847,full
planted,9017,5,cpcv,0,0.0036944477168648865,0.0392493424690429,purged,0.00547650001158026,0.012043832669711318,0.0017820522947153733,-0.027205509799331583,full
planted,9017,5,cpcv,1,0.0036944477168648865,0.0392493424690429,purged,0.010490155527098966,0.015544251489363765,0.006795707810234079,-0.023705090979679135,full
planted,9017,5,cpcv,2,0.0036944477168648865,0.0392493424690429,purged,0.004798608605970422,0.012676924868822903,0.0011041608891055352,-0.02657241760022,full
planted,9017,5,cpcv,3,0.0036944477168648865,0.0392493424690429,purged,-0.0003904865346494375,-0.01774936011498755,-0.004084934251514324,-0.05699870258403045,full
planted,9017,5,cpcv,4,0.0036944477168648865,0.0392493424690429,purged,-0.0008867356229175557,-0.008229278750073525,-0.004581183339782443,-0.047478621219116425,full
planted,9017,5,purged_kfold,-1,0.0036944477168648865,0.0392493424690429,purged,0.0030169760360364904,0.015142786120315235,-0.0006774716808283961,-0.024106556348727666,full
planted,9017,5,shuffled_kfold,-1,0.0036944477168648865,0.0392493424690429,UNPURGED,0.24888763987672563,0.5686315426052062,0.24519319215986074,0.5293822001361633,full
planted,9017,5,walk_forward,-1,0.0036944477168648865,0.0392493424690429,purged,0.0054614074808609974,-0.013216879173552715,0.001766959763996111,-0.052466221642595616,full
planted,9018,5,contiguous_kfold,-1,-0.010531942472830416,-0.0849862483858895,UNPURGED,-0.0073430989851997605,0.053069571012027895,0.0031888434876306557,0.1380558193979174,full
planted,9018,5,cpcv,0,-0.010531942472830416,-0.0849862483858895,purged,-0.001873265044642886,0.023518086356281047,0.00865867742818753,0.10850433474217056,full
planted,9018,5,cpcv,1,-0.010531942472830416,-0.0849862483858895,purged,-0.0055867892669207095,0.028341094813435923,0.004945153205909707,0.11332734319932543,full
planted,9018,5,cpcv,2,-0.010531942472830416,-0.0849862483858895,purged,-0.00013481574679811734,0.025844438229728487,0.010397126726032298,0.11083068661561798,full
planted,9018,5,cpcv,3,-0.010531942472830416,-0.0849862483858895,purged,0.0015559544087596286,0.04020138764874697,0.012087896881590045,0.12518763603463648,full
planted,9018,5,cpcv,4,-0.010531942472830416,-0.0849862483858895,purged,0.0028225503256334825,0.033194772023662535,0.013354492798463898,0.11818102040955203,full
planted,9018,5,purged_kfold,-1,-0.010531942472830416,-0.0849862483858895,purged,-0.007314808323848689,0.05233279428261411,0.003217134148981727,0.13731904266850362,full
planted,9018,5,shuffled_kfold,-1,-0.010531942472830416,-0.0849862483858895,UNPURGED,0.2552328169252227,0.574807079633648,0.2657647593980531,0.6597933280195375,full
planted,9018,5,walk_forward,-1,-0.010531942472830416,-0.0849862483858895,purged,-0.0017187719497919385,0.023431685128544526,0.008813170523038477,0.10841793351443403,full
planted,9019,5,contiguous_kfold,-1,0.008801350355835295,-0.0015073498456035911,UNPURGED,-0.02285679937319709,-0.08617780882067606,-0.03165814972903239,-0.08467045897507247,full
planted,9019,5,cpcv,0,0.008801350355835295,-0.0015073498456035911,purged,-0.015421073982077028,-0.09515309523374241,-0.024222424337912322,-0.09364574538813882,full
planted,9019,5,cpcv,1,0.008801350355835295,-0.0015073498456035911,purged,-0.02301754281333703,-0.12438426686676037,-0.03181889316917233,-0.12287691702115677,full
planted,9019,5,cpcv,2,0.008801350355835295,-0.0015073498456035911,purged,-0.015260571146233377,-0.0838060186113827,-0.02406192150206867,-0.08229866876577911,full
planted,9019,5,cpcv,3,0.008801350355835295,-0.0015073498456035911,purged,-0.01806355265247186,-0.07676549617619602,-0.026864903008307156,-0.07525814633059243,full
planted,9019,5,cpcv,4,0.008801350355835295,-0.0015073498456035911,purged,-0.021261726281662074,-0.11586152952171423,-0.03006307663749737,-0.11435417967611064,full
planted,9019,5,purged_kfold,-1,0.008801350355835295,-0.0015073498456035911,purged,-0.023265246241290085,-0.083859469764111,-0.03206659659712538,-0.08235211991850741,full
planted,9019,5,shuffled_kfold,-1,0.008801350355835295,-0.0015073498456035911,UNPURGED,0.25409405538150415,0.5496514848177361,0.24529270502566886,0.5511588346633397,full
planted,9019,5,walk_forward,-1,0.008801350355835295,-0.0015073498456035911,purged,-0.01513286490526206,-0.08676020315992156,-0.023934215261097354,-0.08525285331431796,full
planted,9020,5,contiguous_kfold,-1,-0.013172996803886209,-0.0383054495967612,UNPURGED,0.00024360518845151168,0.050024295459215724,0.013416601992337721,0.08832974505597693,full
planted,9020,5,cpcv,0,-0.013172996803886209,-0.0383054495967612,purged,0.0006442318371427205,0.043362879498205054,0.013817228641028929,0.08166832909496625,full
planted,9020,5,cpcv,1,-0.013172996803886209,-0.0383054495967612,purged,0.0019566171975454586,0.05195691234349073,0.015129614001431667,0.09026236194025193,full
planted,9020,5,cpcv,2,-0.013172996803886209,-0.0383054495967612,purged,-0.0031982912261787583,0.037098247453314026,0.00997470557770745,0.07540369705007523,full
planted,9020,5,cpcv,3,-0.013172996803886209,-0.0383054495967612,purged,-0.0005818496859261809,0.052297060708295234,0.012591147117960028,0.09060251030505644,full
planted,9020,5,cpcv,4,-0.013172996803886209,-0.0383054495967612,purged,0.009594318216003796,0.03590063871488493,0.022767315019890003,0.07420608831164613,full
planted,9020,5,purged_kfold,-1,-0.013172996803886209,-0.0383054495967612,purged,-0.0026876775558931087,0.04317725901107452,0.0104853192479931,0.08148270860783571,full
planted,9020,5,shuffled_kfold,-1,-0.013172996803886209,-0.0383054495967612,UNPURGED,0.25995837146084033,0.5949235268917749,0.27313136826472656,0.633228976488536,full
planted,9020,5,walk_forward,-1,-0.013172996803886209,-0.0383054495967612,purged,-0.0014938987133075062,0.05715104499600216,0.011679098090578703,0.09545649459276337,full
planted,9021,5,contiguous_kfold,-1,0.0026784677474795847,-0.08722546656086369,UNPURGED,-0.018014648459854697,-0.017204841166821052,-0.020693116207334283,0.07002062539404263,full
planted,9021,5,cpcv,0,0.0026784677474795847,-0.08722546656086369,purged,-0.014729894433488237,0.0033773862617526816,-0.01740836218096782,0.09060285282261638,full
planted,9021,5,cpcv,1,0.0026784677474795847,-0.08722546656086369,purged,-0.015218867497434313,-0.029641215439342745,-0.0178973352449139,0.05758425112152095,full
planted,9021,5,cpcv,2,0.0026784677474795847,-0.08722546656086369,purged,-0.011624783152610287,0.001582728667101745,-0.01430325090008987,0.08880819522796543,full
planted,9021,5,cpcv,3,0.0026784677474795847,-0.08722546656086369,purged,-0.014857863175947783,-0.039123970534112006,-0.01753633092342737,0.048101496026751685,full
planted,9021,5,cpcv,4,0.0026784677474795847,-0.08722546656086369,purged,-0.02109471951482684,-0.058217289292345445,-0.023773187262306424,0.029008177268518245,full
planted,9021,5,purged_kfold,-1,0.0026784677474795847,-0.08722546656086369,purged,-0.02030817169181832,-0.027720949548589432,-0.022986639439297907,0.05950451701227426,full
planted,9021,5,shuffled_kfold,-1,0.0026784677474795847,-0.08722546656086369,UNPURGED,0.24126235002610225,0.5527904830471868,0.23858388227862265,0.6400159496080505,full
planted,9021,5,walk_forward,-1,0.0026784677474795847,-0.08722546656086369,purged,-0.01379472256682946,-0.04629958825713898,-0.016473190314309046,0.04092587830372471,full
planted,9022,5,contiguous_kfold,-1,-0.00717611133998048,-0.07122122803717668,UNPURGED,-0.0008750081770337068,-0.004114004262726194,0.006301103162946773,0.06710722377445048,full
planted,9022,5,cpcv,0,-0.00717611133998048,-0.07122122803717668,purged,-0.004749976914200986,0.019777042459971434,0.002426134425779494,0.0909982704971481,full
planted,9022,5,cpcv,1,-0.00717611133998048,-0.07122122803717668,purged,-0.0006375576573202543,0.018154772644297695,0.006538553682660226,0.08937600068147437,full
planted,9022,5,cpcv,2,-0.00717611133998048,-0.07122122803717668,purged,-0.003310652598655404,0.001700302787042628,0.003865458741325076,0.0729215308242193,full
planted,9022,5,cpcv,3,-0.00717611133998048,-0.07122122803717668,purged,-0.0201965254111399,-0.029383225297966407,-0.01302041407115942,0.04183800273921027,full
planted,9022,5,cpcv,4,-0.00717611133998048,-0.07122122803717668,purged,-0.0036861075809516246,0.0031380631450450094,0.0034900037590288556,0.07435929118222169,full
planted,9022,5,purged_kfold,-1,-0.00717611133998048,-0.07122122803717668,purged,-0.00462281049190454,-0.011735713073078434,0.00255330084807594,0.05948551496409824,full
planted,9022,5,shuffled_kfold,-1,-0.00717611133998048,-0.07122122803717668,UNPURGED,0.24921748133396412,0.5641279052916737,0.2563935926739446,0.6353491333288503,full
planted,9022,5,walk_forward,-1,-0.00717611133998048,-0.07122122803717668,purged,-0.018354279986490966,-0.03745888429287046,-0.011178168646510486,0.033762343744306214,full
planted,9023,5,contiguous_kfold,-1,0.004700471168526525,0.04679784322571341,UNPURGED,-0.002638918192947171,-0.009729836519054519,-0.007339389361473696,-0.05652767974476793,full
planted,9023,5,cpcv,0,0.004700471168526525,0.04679784322571341,purged,-0.0012657428838189,0.03781796750082099,-0.005966214052345425,-0.008979875724892422,full
planted,9023,5,cpcv,1,0.004700471168526525,0.04679784322571341,purged,-0.0030091175754003497,0.02056572729829124,-0.007709588743926875,-0.02623211592742217,full
planted,9023,5,cpcv,2,0.004700471168526525,0.04679784322571341,purged,0.004323867418327466,0.03808062121574735,-0.0003766037501990588,-0.00871722200996606,full
planted,9023,5,cpcv,3,0.004700471168526525,0.04679784322571341,purged,-0.0033944243303692515,-0.001428936241983314,-0.008094895498895777,-0.048226779467696726,full
planted,9023,5,cpcv,4,0.004700471168526525,0.04679784322571341,purged,-0.0200504293839992,-0.060524975848652,-0.024750900552525722,-0.10732281907436542,full
planted,9023,5,purged_kfold,-1,0.004700471168526525,0.04679784322571341,purged,-0.005197524257793477,-0.009596943739071705,-0.009897995426320002,-0.056394786964785115,full
planted,9023,5,shuffled_kfold,-1,0.004700471168526525,0.04679784322571341,UNPURGED,0.24467166687625158,0.5406256950077623,0.23997119570772504,0.49382785178204885,full
planted,9023,5,walk_forward,-1,0.004700471168526525,0.04679784322571341,purged,-0.004030296058642337,-0.0009278174818538477,-0.00873076722716886,-0.04772566070756726,full
planted,9024,5,contiguous_kfold,-1,-0.013885240444069871,-0.03612373053212935,UNPURGED,-0.00559617484618974,-0.001101308499400577,0.008289065597880133,0.03502242203272877,full
planted,9024,5,cpcv,0,-0.013885240444069871,-0.03612373053212935,purged,-0.0025947566766877463,0.009384304114126555,0.011290483767382125,0.0455080346462559,full
planted,9024,5,cpcv,1,-0.013885240444069871,-0.03612373053212935,purged,-0.005547437199191663,-0.006046727339500875,0.00833780324487821,0.030077003192628474,full
planted,9024,5,cpcv,2,-0.013885240444069871,-0.03612373053212935,purged,0.009229363007278592,0.03724448200338269,0.023114603451348463,0.07336821253551204,full
planted,9024,5,cpcv,3,-0.013885240444069871,-0.03612373053212935,purged,-0.009177565121356994,-0.01081711185042348,0.004707675322712877,0.02530661868170587,full
planted,9024,5,cpcv,4,-0.013885240444069871,-0.03612373053212935,purged,-0.011261642828599872,-0.008438061652200478,0.0026235976154699997,0.02768566887992887,full
planted,9024,5,purged_kfold,-1,-0.013885240444069871,-0.03612373053212935,purged,-0.007834161932549974,-0.010000842976032752,0.006051078511519897,0.026122887556096597,full
planted,9024,5,shuffled_kfold,-1,-0.013885240444069871,-0.03612373053212935,UNPURGED,0.2626625950851371,0.5809689810909079,0.276547835529207,0.6170927116230372,full
planted,9024,5,walk_forward,-1,-0.013885240444069871,-0.03612373053212935,purged,-0.006921199278692741,-0.009032808604884836,0.00696404116537713,0.02709092192724451,full
