kind,h,scheme,label,bias_mean,bias_ci95,markets,cv_score_mean,cv_score_ci95,heldout_score_mean,heldout_score_ci95,bias_sd,cv_score_sd
null,1,shuffled_kfold,purged,-2.8878386624883913e-05,0.0028985886569162936,50,-0.0006940886352480608,0.0014545183053523967,-0.0006652102486231769,0.0023728888277104146,0.010199228460357986,0.005117995773792969
null,1,contiguous_kfold,purged,0.0008119759765451632,0.002739733589240617,50,0.0001467657279219863,0.0013897527480847371,-0.0006652102486231769,0.0023728888277104146,0.009640267076360324,0.004890105999450858
null,1,purged_kfold,purged,0.0007345781299320121,0.0027355365622134557,50,6.936788130883528e-05,0.001406318505701408,-0.0006652102486231769,0.0023728888277104146,0.009625499048685138,0.004948395728194601
null,1,walk_forward,purged,0.0013274209603302833,0.0025332193272128195,50,0.0006622107117071064,0.001322247096205324,-0.0006652102486231769,0.0023728888277104146,0.008913607868018378,0.004652574687706885
null,5,shuffled_kfold,UNPURGED,0.260351721018678,0.005200366632201157,50,0.2561435268072042,0.0019027372200030625,-0.004208194211473814,0.0049461750048441,0.01829846647363519,0.006695138187521753
null,5,contiguous_kfold,UNPURGED,0.0029077319502641623,0.006343320254743598,50,-0.001300462261209652,0.0029456546825847945,-0.004208194211473814,0.0049461750048441,0.02232016340813774,0.010364839109309054
null,5,purged_kfold,purged,0.001122291665421948,0.006328686294183935,50,-0.003085902546051866,0.002980199064282798,-0.004208194211473814,0.0049461750048441,0.022268671070074613,0.010486390002747854
null,5,walk_forward,purged,0.0024757320544354896,0.005820887583361513,50,-0.0017324621570383241,0.0030776348696471274,-0.004208194211473814,0.0049461750048441,0.020481885956155393,0.010829236179544463
null,21,shuffled_kfold,UNPURGED,0.4438600960199857,0.009819659429890321,50,0.4388415355778171,0.003382620355182281,-0.00501856044216868,0.009457276229929422,0.03455231555170343,0.011902384877840797
null,21,contiguous_kfold,UNPURGED,0.004418753409701609,0.010424073894913247,50,-0.0005998070324670712,0.005449155596453627,-0.00501856044216868,0.009457276229929422,0.03667906133841749,0.019173877159719317
null,21,purged_kfold,purged,-0.004492000666074679,0.010590026771885513,50,-0.00951056110824336,0.005418091705144117,-0.00501856044216868,0.009457276229929422,0.037262997697188216,0.01906457302524772
null,21,walk_forward,purged,-3.927814708184504e-05,0.010389882447557267,50,-0.005057838589250525,0.006108384658279074,-0.00501856044216868,0.009457276229929422,0.03655875231073194,0.02149349839787673
planted,1,shuffled_kfold,purged,-0.0025859164343383944,0.00341672774237343,50,-0.0005522499438452576,0.0016090172465453283,0.002033666490493137,0.002934888840043945,0.012022398124052317,0.005661629308806706
planted,1,contiguous_kfold,purged,-0.003747673140839714,0.0036377513383953823,50,-0.0017140066503465766,0.0017284116698416522,0.002033666490493137,0.002934888840043945,0.012800111148485387,0.006081741005989499
planted,1,purged_kfold,purged,-0.003733329874763666,0.0036386555717379146,50,-0.0016996633842705292,0.0017332040377832716,0.002033666490493137,0.002934888840043945,0.012803292863289921,0.006098603852459985
planted,1,walk_forward,purged,-0.00411536204408458,0.0034942478544228084,50,-0.0020816955535914424,0.001511514783640383,0.002033666490493137,0.002934888840043945,0.012295167194329885,0.005318548584937085
planted,5,shuffled_kfold,UNPURGED,0.2577011857066697,0.005380961719686686,50,0.2580815358826724,0.002105757783907522,0.000380350176002701,0.0046140395444876645,0.01893392419947988,0.007409504163001417
planted,5,contiguous_kfold,UNPURGED,-0.001772644474469546,0.00576702130956351,50,-0.0013922942984668449,0.0026558415715754744,0.000380350176002701,0.0046140395444876645,0.020292347357271024,0.009345077259714365
planted,5,purged_kfold,purged,-0.003895234846930767,0.005706351656577834,50,-0.003514884670928065,0.002647074143454444,0.000380350176002701,0.0046140395444876645,0.02007886979123727,0.009314227417601448
planted,5,walk_forward,purged,-0.0040630547308285955,0.005298166943853659,50,-0.0036827045548258946,0.0028402714057833983,0.000380350176002701,0.0046140395444876645,0.018642595234250457,0.009994028261956172
planted,21,shuffled_kfold,UNPURGED,0.44440420406000736,0.009507390794276394,50,0.44122641353700975,0.003185019812079284,-0.003177790522997528,0.008830268045657086,0.033453539722290294,0.011207090263274006
planted,21,contiguous_kfold,UNPURGED,-0.002041300186061957,0.010842581023853168,50,-0.005219090709059484,0.0061461866059489886,-0.003177790522997528,0.008830268045657086,0.0381516572551102,0.021626511648864238
planted,21,purged_kfold,purged,-0.012545022541542489,0.010734833319503803,50,-0.015722813064540018,0.006375955161733278,-0.003177790522997528,0.008830268045657086,0.03777252672545878,0.022434995456271256
planted,21,walk_forward,purged,-0.006422450741556831,0.009667567766686251,50,-0.009600241264554358,0.006309546097926972,-0.003177790522997528,0.008830268045657086,0.03401715247631059,0.02220132269556999
